界面分类,界面名称,分组(模块/应用),图片对应功能,MTZ顶层模块,模块内路径,宽,高,九宫格.9.png,关键槽位
wallpaper,桌面壁纸 / 锁屏壁纸,壁纸 · wallpaper,桌面壁纸（主屏幕背景）,wallpaper,wallpaper/default_wallpaper.jpg,1440,3200,,★
wallpaper,桌面壁纸 / 锁屏壁纸,壁纸 · wallpaper,锁屏壁纸（锁定屏幕背景）,wallpaper,wallpaper/default_lock_wallpaper.jpg,1440,3200,,★
preview,主题预览图,预览图 · preview,主屏预览图,preview,preview/preview_wallpaper_0.jpg,1440,3200,,★
preview,主题预览图,预览图 · preview,锁屏预览图,preview,preview/preview_lockscreen_0.jpg,1440,3200,,★
preview,主题预览图,预览图 · preview,桌面预览图,preview,preview/preview_launcher_0.jpg,1440,3200,,★
preview,主题预览图,预览图 · preview,状态栏/通知栏预览图,preview,preview/preview_statusbar_0.jpg,1440,3200,,★
preview,主题预览图,预览图 · preview,控制中心预览图,preview,preview/preview_controlcenter_0.jpg,1440,3200,,★
preview,主题预览图,预览图 · preview,联系人预览图,preview,preview/preview_contact_0.jpg,1440,3200,,★
preview,主题预览图,预览图 · preview,短信预览图,preview,preview/preview_mms_0.jpg,1440,3200,,★
preview,主题预览图,预览图 · preview,息屏显示预览图,preview,preview/preview_aod_0.jpg,1080,2160,,★
aod,息屏显示 AOD,息屏显示 · 图标,息屏显示电池图标,aod,content/icon/battery.png,75,34,,
aod,息屏显示 AOD,息屏显示 · 图标,息屏显示手电筒图标,aod,content/icon/flash.png,35,34,,
aod,息屏显示 AOD,息屏显示 · 画面帧,息屏显示画面帧,aod,content/img/img_nuom_00.png,465,549,,★
aod,息屏显示 AOD,息屏显示 · 画面帧,息屏显示画面帧,aod,content/img/img_nuom_01.png,465,549,,
aod,息屏显示 AOD,息屏显示 · 画面帧,息屏显示画面帧,aod,content/img/img_nuom_02.png,465,549,,
aod,息屏显示 AOD,息屏显示 · 画面帧,息屏显示画面帧,aod,content/img/img_nuom_03.png,465,549,,
aod,息屏显示 AOD,息屏显示 · 画面帧,息屏显示画面帧,aod,content/img/img_nuom_04.png,465,549,,
aod,息屏显示 AOD,息屏显示 · 画面帧,息屏显示画面帧,aod,content/img/img_nuom_05.png,465,549,,
aod,息屏显示 AOD,息屏显示 · 画面帧,息屏显示画面帧,aod,content/img/img_nuom_06.png,465,549,,
aod,息屏显示 AOD,息屏显示 · 画面帧,息屏显示画面帧,aod,content/img/img_nuom_07.png,465,549,,
aod,息屏显示 AOD,息屏显示 · 画面帧,息屏显示画面帧,aod,content/img/img_nuom_08.png,465,549,,
aod,息屏显示 AOD,息屏显示 · 画面帧,息屏显示画面帧,aod,content/img/img_nuom_09.png,465,549,,
aod,息屏显示 AOD,息屏显示 · 画面帧,息屏显示画面帧,aod,content/img/img_nuom_10.png,465,549,,
aod,息屏显示 AOD,息屏显示 · 画面帧,息屏显示画面帧,aod,content/img/img_nuom_11.png,465,549,,
aod,息屏显示 AOD,息屏显示 · 画面帧,息屏显示画面帧,aod,content/img/img_nuom_12.png,465,549,,
aod,息屏显示 AOD,息屏显示 · 画面帧,息屏显示画面帧,aod,content/img/img_nuom_13.png,465,549,,
aod,息屏显示 AOD,息屏显示 · 画面帧,息屏显示画面帧,aod,content/img/img_nuom_14.png,465,549,,
aod,息屏显示 AOD,息屏显示 · 画面帧,息屏显示画面帧,aod,content/img/img_nuom_15.png,465,549,,
aod,息屏显示 AOD,息屏显示 · 画面帧,息屏显示画面帧,aod,content/img/img_nuom_16.png,465,549,,
aod,息屏显示 AOD,息屏显示 · 画面帧,息屏显示画面帧,aod,content/img/img_nuom_17.png,465,549,,
aod,息屏显示 AOD,息屏显示 · 画面帧,息屏显示画面帧,aod,content/img/img_nuom_18.png,465,549,,
aod,息屏显示 AOD,息屏显示 · 画面帧,息屏显示画面帧,aod,content/img/img_nuom_19.png,465,549,,
aod,息屏显示 AOD,息屏显示 · 画面帧,息屏显示画面帧,aod,content/img/img_nuom_20.png,465,549,,
aod,息屏显示 AOD,息屏显示 · 画面帧,息屏显示画面帧,aod,content/img/img_nuom_21.png,465,549,,
aod,息屏显示 AOD,息屏显示 · 画面帧,息屏显示画面帧,aod,content/img/img_nuom_22.png,465,549,,
aod,息屏显示 AOD,息屏显示 · 画面帧,息屏显示画面帧,aod,content/img/img_nuom_23.png,465,549,,
aod,息屏显示 AOD,息屏显示 · 画面帧,息屏显示画面帧,aod,content/img/img_nuom_24.png,465,549,,
aod,息屏显示 AOD,息屏显示 · 画面帧,息屏显示画面帧,aod,content/img/img_nuom_25.png,465,549,,
aod,息屏显示 AOD,息屏显示 · 画面帧,息屏显示画面帧,aod,content/img/img_nuom_26.png,465,549,,
aod,息屏显示 AOD,息屏显示 · 画面帧,息屏显示画面帧,aod,content/img/img_nuom_27.png,465,549,,
aod,息屏显示 AOD,息屏显示 · 画面帧,息屏显示画面帧,aod,content/img/img_nuom_28.png,465,549,,
aod,息屏显示 AOD,息屏显示 · 画面帧,息屏显示画面帧,aod,content/img/img_nuom_29.png,465,549,,
aod,息屏显示 AOD,息屏显示 · 画面帧,息屏显示画面帧,aod,content/img/img_nuom_30.png,465,549,,
aod,息屏显示 AOD,息屏显示 · 画面帧,息屏显示画面帧,aod,content/img/img_nuom_31.png,465,549,,
aod,息屏显示 AOD,息屏显示 · 画面帧,息屏显示画面帧,aod,content/img/img_nuom_32.png,465,549,,
aod,息屏显示 AOD,息屏显示 · 画面帧,息屏显示画面帧,aod,content/img/img_nuom_33.png,465,549,,
aod,息屏显示 AOD,息屏显示 · 画面帧,息屏显示画面帧,aod,content/img/img_nuom_34.png,465,549,,
aod,息屏显示 AOD,息屏显示 · 画面帧,息屏显示画面帧,aod,content/img/img_nuom_35.png,465,549,,
aod,息屏显示 AOD,息屏显示 · 画面帧,息屏显示画面帧,aod,content/img/img_nuom_36.png,465,549,,
aod,息屏显示 AOD,息屏显示 · 画面帧,息屏显示画面帧,aod,content/img/img_nuom_37.png,465,549,,
aod,息屏显示 AOD,息屏显示 · 画面帧,息屏显示画面帧,aod,content/img/img_nuom_38.png,465,549,,
aod,息屏显示 AOD,息屏显示 · 画面帧,息屏显示画面帧,aod,content/img/img_nuom_39.png,465,549,,
aod,息屏显示 AOD,息屏显示 · 画面帧,息屏显示画面帧,aod,content/img/img_nuom_40.png,465,549,,
aod,息屏显示 AOD,息屏显示 · 画面帧,息屏显示画面帧,aod,content/img/img_nuom_41.png,465,549,,
aod,息屏显示 AOD,息屏显示 · 画面帧,息屏显示画面帧,aod,content/img/img_nuom_42.png,465,549,,
aod,息屏显示 AOD,息屏显示 · 画面帧,息屏显示画面帧,aod,content/img/img_nuom_43.png,465,549,,
aod,息屏显示 AOD,息屏显示 · 画面帧,息屏显示画面帧,aod,content/img/img_nuom_44.png,465,549,,
aod,息屏显示 AOD,息屏显示 · 画面帧,息屏显示画面帧,aod,content/img/img_nuom_45.png,465,549,,★
aod,息屏显示 AOD,息屏显示 · 画面帧,息屏显示画面帧,aod,content/img/img_nuom_46.png,465,549,,
aod,息屏显示 AOD,息屏显示 · 画面帧,息屏显示画面帧,aod,content/img/img_nuom_47.png,465,549,,
aod,息屏显示 AOD,息屏显示 · 画面帧,息屏显示画面帧,aod,content/img/img_nuom_48.png,465,549,,
aod,息屏显示 AOD,息屏显示 · 画面帧,息屏显示画面帧,aod,content/img/img_nuom_49.png,465,549,,
aod,息屏显示 AOD,息屏显示 · 画面帧,息屏显示画面帧,aod,content/img/img_nuom_50.png,465,549,,
aod,息屏显示 AOD,息屏显示 · 画面帧,息屏显示画面帧,aod,content/img/img_nuom_51.png,465,549,,
aod,息屏显示 AOD,息屏显示 · 画面帧,息屏显示画面帧,aod,content/img/img_nuom_52.png,465,549,,
aod,息屏显示 AOD,息屏显示 · 画面帧,息屏显示画面帧,aod,content/img/img_nuom_53.png,465,549,,
aod,息屏显示 AOD,息屏显示 · 画面帧,息屏显示画面帧,aod,content/img/img_nuom_54.png,465,549,,
aod,息屏显示 AOD,息屏显示 · 画面帧,息屏显示画面帧,aod,content/img/img_nuom_55.png,465,549,,
aod,息屏显示 AOD,息屏显示 · 画面帧,息屏显示画面帧,aod,content/img/img_nuom_56.png,465,549,,
aod,息屏显示 AOD,息屏显示 · 画面帧,息屏显示画面帧,aod,content/img/img_nuom_57.png,465,549,,
aod,息屏显示 AOD,息屏显示 · 画面帧,息屏显示画面帧,aod,content/img/img_nuom_58.png,465,549,,
aod,息屏显示 AOD,息屏显示 · 画面帧,息屏显示画面帧,aod,content/img/img_nuom_59.png,465,549,,
aod,息屏显示 AOD,息屏显示 · 画面帧,息屏显示画面帧,aod,content/img/img_nuom_60.png,465,549,,
aod,息屏显示 AOD,息屏显示 · 画面帧,息屏显示画面帧,aod,content/img/img_nuom_61.png,465,549,,
aod,息屏显示 AOD,息屏显示 · 画面帧,息屏显示画面帧,aod,content/img/img_nuom_62.png,465,549,,
aod,息屏显示 AOD,息屏显示 · 画面帧,息屏显示画面帧,aod,content/img/img_nuom_63.png,465,549,,
aod,息屏显示 AOD,息屏显示 · 画面帧,息屏显示画面帧,aod,content/img/img_nuom_64.png,465,549,,
aod,息屏显示 AOD,息屏显示 · 画面帧,息屏显示画面帧,aod,content/img/img_nuom_65.png,465,549,,
aod,息屏显示 AOD,息屏显示 · 画面帧,息屏显示画面帧,aod,content/img/img_nuom_66.png,465,549,,
aod,息屏显示 AOD,息屏显示 · 画面帧,息屏显示画面帧,aod,content/img/img_nuom_67.png,465,549,,
aod,息屏显示 AOD,息屏显示 · 画面帧,息屏显示画面帧,aod,content/img/img_nuom_68.png,465,549,,
aod,息屏显示 AOD,息屏显示 · 画面帧,息屏显示画面帧,aod,content/img/img_nuom_69.png,465,549,,
aod,息屏显示 AOD,息屏显示 · 画面帧,息屏显示画面帧,aod,content/img/img_nuom_70.png,465,549,,
aod,息屏显示 AOD,息屏显示 · 画面帧,息屏显示画面帧,aod,content/img/img_nuom_71.png,465,549,,
aod,息屏显示 AOD,息屏显示 · 画面帧,息屏显示画面帧,aod,content/img/img_nuom_72.png,465,549,,
aod,息屏显示 AOD,息屏显示 · 画面帧,息屏显示画面帧,aod,content/img/img_nuom_73.png,465,549,,
aod,息屏显示 AOD,息屏显示 · 画面帧,息屏显示画面帧,aod,content/img/img_nuom_74.png,465,549,,
aod,息屏显示 AOD,息屏显示 · 画面帧,息屏显示画面帧,aod,content/img/img_nuom_75.png,465,549,,
aod,息屏显示 AOD,息屏显示 · 画面帧,息屏显示画面帧,aod,content/img/img_nuom_76.png,465,549,,
aod,息屏显示 AOD,息屏显示 · 画面帧,息屏显示画面帧,aod,content/img/img_nuom_77.png,465,549,,
aod,息屏显示 AOD,息屏显示 · 画面帧,息屏显示画面帧,aod,content/img/img_nuom_78.png,465,549,,
aod,息屏显示 AOD,息屏显示 · 画面帧,息屏显示画面帧,aod,content/img/img_nuom_79.png,465,549,,
aod,息屏显示 AOD,息屏显示 · 画面帧,息屏显示画面帧,aod,content/img/img_nuom_80.png,465,549,,
aod,息屏显示 AOD,息屏显示 · 画面帧,息屏显示画面帧,aod,content/img/img_nuom_81.png,465,549,,
aod,息屏显示 AOD,息屏显示 · 画面帧,息屏显示画面帧,aod,content/img/img_nuom_82.png,465,549,,
aod,息屏显示 AOD,息屏显示 · 画面帧,息屏显示画面帧,aod,content/img/img_nuom_83.png,465,549,,
aod,息屏显示 AOD,息屏显示 · 画面帧,息屏显示画面帧,aod,content/img/img_nuom_84.png,465,549,,
aod,息屏显示 AOD,息屏显示 · 画面帧,息屏显示画面帧,aod,content/img/img_nuom_85.png,465,549,,
aod,息屏显示 AOD,息屏显示 · 画面帧,息屏显示画面帧,aod,content/img/img_nuom_86.png,465,549,,
aod,息屏显示 AOD,息屏显示 · 画面帧,息屏显示画面帧,aod,content/img/img_nuom_87.png,465,549,,
aod,息屏显示 AOD,息屏显示 · 画面帧,息屏显示画面帧,aod,content/img/img_nuom_88.png,465,549,,
aod,息屏显示 AOD,息屏显示 · 画面帧,息屏显示画面帧,aod,content/img/img_nuom_89.png,465,549,,
aod,息屏显示 AOD,息屏显示 · 画面帧,息屏显示画面帧,aod,content/img/img_nuom_90.png,465,549,,
apps,系统应用换肤,日历,【日历】应用窗口背景（整页）,com.android.calendar,framework-miui-res/res/drawable-xxhdpi/window_bg_light.9.png,1440,3200,是,★
apps,系统应用换肤,日历 · 深色 miui,【日历】window_bg_dark.9.png,com.android.calendar,nightmode/framework-miui-res/res/drawable-xxhdpi/window_bg_dark.9.png,1440,3200,是,
apps,系统应用换肤,日历 · 深色 xxhdpi,【日历】card_blue_btn_normal.9.png,com.android.calendar,nightmode/res/drawable-xxhdpi/card_blue_btn_normal.9.png,124,124,是,
apps,系统应用换肤,日历 · 深色 xxhdpi,【日历】card_click_only_item_sha pe.9.png,com.android.calendar,nightmode/res/drawable-xxhdpi/card_click_only_item_sha pe.9.png,10,10,是,
apps,系统应用换肤,日历 · 深色 xxhdpi,【日历】homepage_new_event_bg _n.png,com.android.calendar,nightmode/res/drawable-xxhdpi/homepage_new_event_bg _n.png,10,10,,
apps,系统应用换肤,日历 · 深色 xxhdpi,【日历】indicator_bg.9.png,com.android.calendar,nightmode/res/drawable-xxhdpi/indicator_bg.9.png,10,10,是,
apps,系统应用换肤,日历 · 深色 xxhdpi,【日历】miuix_appcompat_dialog_default_btn_bg_dark.9.png,com.android.calendar,nightmode/res/drawable-xxhdpi/miuix_appcompat_dialog_default_btn_bg_dark.9.png,124,124,是,
apps,系统应用换肤,日历 · 深色 xxhdpi,【日历】miuix_appcompat_dialog_default_btn_bg_primary_dark.9.png,com.android.calendar,nightmode/res/drawable-xxhdpi/miuix_appcompat_dialog_default_btn_bg_primary_dark.9.png,124,124,是,
apps,系统应用换肤,日历 · 深色 xxhdpi,【日历】miuix_appcompat_window_bg_dark.9.png,com.android.calendar,nightmode/res/drawable-xxhdpi/miuix_appcompat_window_bg_dark.9.png,1440,3200,是,
apps,系统应用换肤,日历,【日历】card_blue_btn_normal.9.png,com.android.calendar,res/drawable-xxhdpi/card_blue_btn_normal.9.png,124,124,是,
apps,系统应用换肤,日历,【日历】对话框背景,com.android.calendar,res/drawable-xxhdpi/miuix_appcompat_dialog_bg_light.9.png,1080,732,是,★
apps,系统应用换肤,日历,【日历】对话框普通按钮,com.android.calendar,res/drawable-xxhdpi/miuix_appcompat_dialog_default_btn_bg_light.9.png,124,124,是,
apps,系统应用换肤,日历,【日历】对话框主按钮,com.android.calendar,res/drawable-xxhdpi/miuix_appcompat_dialog_default_btn_bg_primary_light.9.png,124,124,是,
apps,系统应用换肤,日历,【日历】应用窗口背景（整页）,com.android.calendar,res/drawable-xxhdpi/miuix_appcompat_window_bg_light.9.png,1440,3200,是,★
apps,系统应用换肤,相机 · res,【相机】window_bg_dark.9.png,com.android.camera,nightmode/res/window_bg_dark.9.png,1440,3200,是,
apps,系统应用换肤,相机,【相机】应用窗口背景（整页）,com.android.camera,res/drawable-xxhdpi/miuix_appcompat_window_bg_light.9.png,1440,3200,是,★
apps,系统应用换肤,相机,【相机】preference_category_background_no_title.9.png,com.android.camera,res/drawable-xxhdpi/preference_category_background_no_title.9.png,1076,98,是,
apps,系统应用换肤,联系人/拨号,【联系人/拨号】主操作悬浮按钮,com.android.contacts,framework-miui-res/res/drawable-nxhdpi/action_button_main_bg_light.png,148,148,,
apps,系统应用换肤,联系人/拨号,【联系人/拨号】主操作悬浮按钮,com.android.contacts,framework-miui-res/res/drawable-nxhdpi/action_button_main_new_light.png,150,150,,
apps,系统应用换肤,联系人/拨号,【联系人/拨号】action_button_new_normal_light.png,com.android.contacts,framework-miui-res/res/drawable-nxhdpi/action_button_new_normal_light.png,73,73,,
apps,系统应用换肤,联系人/拨号,【联系人/拨号】action_button_new_pressed_light.png,com.android.contacts,framework-miui-res/res/drawable-nxhdpi/action_button_new_pressed_light.png,73,73,,
apps,系统应用换肤,联系人/拨号,【联系人/拨号】btn_inline_detail_normal_light.png,com.android.contacts,framework-miui-res/res/drawable-nxhdpi/btn_inline_detail_normal_light.png,64,64,,
apps,系统应用换肤,联系人/拨号,【联系人/拨号】btn_inline_detail_pressed_light.png,com.android.contacts,framework-miui-res/res/drawable-nxhdpi/btn_inline_detail_pressed_light.png,64,64,,
apps,系统应用换肤,联系人/拨号,【联系人/拨号】context_menu_separate_item_bg_light.9.png,com.android.contacts,framework-miui-res/res/drawable-nxhdpi/context_menu_separate_item_bg_light.9.png,161,124,是,
apps,系统应用换肤,联系人/拨号,【联系人/拨号】列表右箭头,com.android.contacts,framework-miui-res/res/drawable-nxhdpi/miuix_appcompat_arrow_right.png,28,28,,
apps,系统应用换肤,联系人/拨号,【联系人/拨号】列表右箭头,com.android.contacts,framework-miui-res/res/drawable-nxhdpi/miuix_preference_arrow_right.png,28,28,,
apps,系统应用换肤,联系人/拨号,【联系人/拨号】搜索框输入背景,com.android.contacts,framework-miui-res/res/drawable-nxhdpi/search_mode_edit_text_bg_light.9.png,754,163,是,
apps,系统应用换肤,联系人/拨号,【联系人/拨号】应用窗口背景（整页）,com.android.contacts,framework-miui-res/res/drawable-nxhdpi/window_bg_light.9.png,1078,2398,是,★
apps,系统应用换肤,联系人/拨号,【联系人/拨号】主操作悬浮按钮,com.android.contacts,framework-miui-res/res/drawable-xxhdpi/action_button_main_bg_light.png,148,148,,
apps,系统应用换肤,联系人/拨号,【联系人/拨号】主操作悬浮按钮,com.android.contacts,framework-miui-res/res/drawable-xxhdpi/action_button_main_new_light.png,150,150,,
apps,系统应用换肤,联系人/拨号,【联系人/拨号】action_button_new_normal_light.png,com.android.contacts,framework-miui-res/res/drawable-xxhdpi/action_button_new_normal_light.png,73,73,,
apps,系统应用换肤,联系人/拨号,【联系人/拨号】action_button_new_pressed_light.png,com.android.contacts,framework-miui-res/res/drawable-xxhdpi/action_button_new_pressed_light.png,73,73,,
apps,系统应用换肤,联系人/拨号,【联系人/拨号】alphabet_indexer_bg.9.png,com.android.contacts,framework-miui-res/res/drawable-xxhdpi/alphabet_indexer_bg.9.png,50,100,是,
apps,系统应用换肤,联系人/拨号,【联系人/拨号】输入框背景,com.android.contacts,framework-miui-res/res/drawable-xxhdpi/edit_text_bg_dialog_single_light.9.png,61,110,是,
apps,系统应用换肤,联系人/拨号,【联系人/拨号】输入框背景,com.android.contacts,framework-miui-res/res/drawable-xxhdpi/edit_text_bg_single_light.9.png,61,110,是,
apps,系统应用换肤,联系人/拨号,【联系人/拨号】列表右箭头,com.android.contacts,framework-miui-res/res/drawable-xxhdpi/miuix_appcompat_arrow_right.png,28,28,,
apps,系统应用换肤,联系人/拨号,【联系人/拨号】miuix_appcpmpat_btn_checkbox_dialog_off_disabled_light.png,com.android.contacts,framework-miui-res/res/drawable-xxhdpi/miuix_appcpmpat_btn_checkbox_dialog_off_disabled_light.png,90,90,,
apps,系统应用换肤,联系人/拨号,【联系人/拨号】miuix_appcpmpat_btn_checkbox_dialog_off_normal_light.png,com.android.contacts,framework-miui-res/res/drawable-xxhdpi/miuix_appcpmpat_btn_checkbox_dialog_off_normal_light.png,90,90,,
apps,系统应用换肤,联系人/拨号,【联系人/拨号】miuix_appcpmpat_btn_checkbox_off_disabled_light.png,com.android.contacts,framework-miui-res/res/drawable-xxhdpi/miuix_appcpmpat_btn_checkbox_off_disabled_light.png,90,90,,
apps,系统应用换肤,联系人/拨号,【联系人/拨号】miuix_appcpmpat_btn_checkbox_off_normal_light.png,com.android.contacts,framework-miui-res/res/drawable-xxhdpi/miuix_appcpmpat_btn_checkbox_off_normal_light.png,90,90,,
apps,系统应用换肤,联系人/拨号,【联系人/拨号】列表右箭头,com.android.contacts,framework-miui-res/res/drawable-xxhdpi/miuix_preference_arrow_right.png,28,28,,
apps,系统应用换肤,联系人/拨号,【联系人/拨号】搜索框输入背景,com.android.contacts,framework-miui-res/res/drawable-xxhdpi/search_mode_edit_text_bg_light.9.png,754,163,是,
apps,系统应用换肤,联系人/拨号,【联系人/拨号】应用窗口背景（整页）,com.android.contacts,framework-miui-res/res/drawable-xxhdpi/window_bg_light.9.png,1078,2398,是,★
apps,系统应用换肤,联系人/拨号,【联系人/拨号】word_photo_bg.png,com.android.contacts,framework-miui-res/res/drawable-xxhdpi/word_photo_bg.png,120,120,,
apps,系统应用换肤,联系人/拨号 · drawable-nxhdpi,【联系人/拨号】主操作悬浮按钮,com.android.contacts,nightmode/framework-miui-res/res/drawable-nxhdpi/action_button_main_bg_light.png,148,148,,
apps,系统应用换肤,联系人/拨号 · drawable-nxhdpi,【联系人/拨号】主操作悬浮按钮,com.android.contacts,nightmode/framework-miui-res/res/drawable-nxhdpi/action_button_main_new_light.png,150,150,,
apps,系统应用换肤,联系人/拨号 · drawable-nxhdpi,【联系人/拨号】action_button_new_normal_light.png,com.android.contacts,nightmode/framework-miui-res/res/drawable-nxhdpi/action_button_new_normal_light.png,73,73,,
apps,系统应用换肤,联系人/拨号 · drawable-nxhdpi,【联系人/拨号】action_button_new_pressed_light.png,com.android.contacts,nightmode/framework-miui-res/res/drawable-nxhdpi/action_button_new_pressed_light.png,73,73,,
apps,系统应用换肤,联系人/拨号 · drawable-nxhdpi,【联系人/拨号】btn_inline_detail_normal_light.png,com.android.contacts,nightmode/framework-miui-res/res/drawable-nxhdpi/btn_inline_detail_normal_light.png,64,64,,
apps,系统应用换肤,联系人/拨号 · drawable-nxhdpi,【联系人/拨号】btn_inline_detail_pressed_light.png,com.android.contacts,nightmode/framework-miui-res/res/drawable-nxhdpi/btn_inline_detail_pressed_light.png,64,64,,
apps,系统应用换肤,联系人/拨号 · drawable-nxhdpi,【联系人/拨号】context_menu_separate_item_bg_light.9.png,com.android.contacts,nightmode/framework-miui-res/res/drawable-nxhdpi/context_menu_separate_item_bg_light.9.png,161,124,是,
apps,系统应用换肤,联系人/拨号 · drawable-nxhdpi,【联系人/拨号】列表右箭头,com.android.contacts,nightmode/framework-miui-res/res/drawable-nxhdpi/miuix_appcompat_arrow_right.png,28,28,,
apps,系统应用换肤,联系人/拨号 · drawable-nxhdpi,【联系人/拨号】列表右箭头,com.android.contacts,nightmode/framework-miui-res/res/drawable-nxhdpi/miuix_preference_arrow_right.png,28,28,,
apps,系统应用换肤,联系人/拨号 · drawable-nxhdpi,【联系人/拨号】搜索框输入背景,com.android.contacts,nightmode/framework-miui-res/res/drawable-nxhdpi/search_mode_edit_text_bg_light.9.png,754,163,是,
apps,系统应用换肤,联系人/拨号 · drawable-nxhdpi,【联系人/拨号】window_bg_dark.9.png,com.android.contacts,nightmode/framework-miui-res/res/drawable-nxhdpi/window_bg_dark.9.png,1078,2398,是,
apps,系统应用换肤,联系人/拨号 · 深色 miui,【联系人/拨号】主操作悬浮按钮,com.android.contacts,nightmode/framework-miui-res/res/drawable-xxhdpi/action_button_main_bg_light.png,148,148,,
apps,系统应用换肤,联系人/拨号 · 深色 miui,【联系人/拨号】主操作悬浮按钮,com.android.contacts,nightmode/framework-miui-res/res/drawable-xxhdpi/action_button_main_new_light.png,150,150,,
apps,系统应用换肤,联系人/拨号 · 深色 miui,【联系人/拨号】action_button_new_normal_light.png,com.android.contacts,nightmode/framework-miui-res/res/drawable-xxhdpi/action_button_new_normal_light.png,73,73,,
apps,系统应用换肤,联系人/拨号 · 深色 miui,【联系人/拨号】action_button_new_pressed_light.png,com.android.contacts,nightmode/framework-miui-res/res/drawable-xxhdpi/action_button_new_pressed_light.png,73,73,,
apps,系统应用换肤,联系人/拨号 · 深色 miui,【联系人/拨号】alphabet_indexer_bg.9.png,com.android.contacts,nightmode/framework-miui-res/res/drawable-xxhdpi/alphabet_indexer_bg.9.png,50,100,是,
apps,系统应用换肤,联系人/拨号 · 深色 miui,【联系人/拨号】输入框背景,com.android.contacts,nightmode/framework-miui-res/res/drawable-xxhdpi/edit_text_bg_dialog_single_light.9.png,61,110,是,
apps,系统应用换肤,联系人/拨号 · 深色 miui,【联系人/拨号】输入框背景,com.android.contacts,nightmode/framework-miui-res/res/drawable-xxhdpi/edit_text_bg_single_light.9.png,61,110,是,
apps,系统应用换肤,联系人/拨号 · 深色 miui,【联系人/拨号】列表右箭头,com.android.contacts,nightmode/framework-miui-res/res/drawable-xxhdpi/miuix_appcompat_arrow_right.png,28,28,,
apps,系统应用换肤,联系人/拨号 · 深色 miui,【联系人/拨号】miuix_appcpmpat_btn_checkbox_dialog_off_disabled_light.png,com.android.contacts,nightmode/framework-miui-res/res/drawable-xxhdpi/miuix_appcpmpat_btn_checkbox_dialog_off_disabled_light.png,90,90,,
apps,系统应用换肤,联系人/拨号 · 深色 miui,【联系人/拨号】miuix_appcpmpat_btn_checkbox_dialog_off_normal_light.png,com.android.contacts,nightmode/framework-miui-res/res/drawable-xxhdpi/miuix_appcpmpat_btn_checkbox_dialog_off_normal_light.png,90,90,,
apps,系统应用换肤,联系人/拨号 · 深色 miui,【联系人/拨号】miuix_appcpmpat_btn_checkbox_off_disabled_light.png,com.android.contacts,nightmode/framework-miui-res/res/drawable-xxhdpi/miuix_appcpmpat_btn_checkbox_off_disabled_light.png,90,90,,
apps,系统应用换肤,联系人/拨号 · 深色 miui,【联系人/拨号】miuix_appcpmpat_btn_checkbox_off_normal_light.png,com.android.contacts,nightmode/framework-miui-res/res/drawable-xxhdpi/miuix_appcpmpat_btn_checkbox_off_normal_light.png,90,90,,
apps,系统应用换肤,联系人/拨号 · 深色 miui,【联系人/拨号】列表右箭头,com.android.contacts,nightmode/framework-miui-res/res/drawable-xxhdpi/miuix_preference_arrow_right.png,28,28,,
apps,系统应用换肤,联系人/拨号 · 深色 miui,【联系人/拨号】搜索框输入背景,com.android.contacts,nightmode/framework-miui-res/res/drawable-xxhdpi/search_mode_edit_text_bg_light.9.png,754,163,是,
apps,系统应用换肤,联系人/拨号 · 深色 miui,【联系人/拨号】window_bg_dark.9.png,com.android.contacts,nightmode/framework-miui-res/res/drawable-xxhdpi/window_bg_dark.9.png,1078,2398,是,
apps,系统应用换肤,联系人/拨号 · 深色 miui,【联系人/拨号】word_photo_bg.png,com.android.contacts,nightmode/framework-miui-res/res/drawable-xxhdpi/word_photo_bg.png,120,120,,
apps,系统应用换肤,联系人/拨号 · 深色 nxhdpi,【联系人/拨号】拨号盘,com.android.contacts,nightmode/res/drawable-nxhdpi/dialer_btn_call_bg.png,178,178,,
apps,系统应用换肤,联系人/拨号 · 深色 nxhdpi,【联系人/拨号】列表右箭头,com.android.contacts,nightmode/res/drawable-nxhdpi/miuix_appcompat_arrow_right.png,28,28,,
apps,系统应用换肤,联系人/拨号 · 深色 nxhdpi,【联系人/拨号】miuix_appcompat_btn_inline_detail_normal_light.png,com.android.contacts,nightmode/res/drawable-nxhdpi/miuix_appcompat_btn_inline_detail_normal_light.png,64,64,,
apps,系统应用换肤,联系人/拨号 · 深色 nxhdpi,【联系人/拨号】miuix_appcompat_btn_inline_detail_pressed_light.png,com.android.contacts,nightmode/res/drawable-nxhdpi/miuix_appcompat_btn_inline_detail_pressed_light.png,64,64,,
apps,系统应用换肤,联系人/拨号 · 深色 nxhdpi,【联系人/拨号】搜索模式背景,com.android.contacts,nightmode/res/drawable-nxhdpi/miuix_appcompat_search_mode_bg_light.9.png,141,160,是,
apps,系统应用换肤,联系人/拨号 · 深色 nxhdpi,【联系人/拨号】miuix_appcompat_window_search_mask.9.png,com.android.contacts,nightmode/res/drawable-nxhdpi/miuix_appcompat_window_search_mask.9.png,1,1,是,
apps,系统应用换肤,联系人/拨号 · 深色 nxhdpi,【联系人/拨号】列表右箭头,com.android.contacts,nightmode/res/drawable-nxhdpi/miuix_preference_arrow_right.png,28,28,,
apps,系统应用换肤,联系人/拨号 · 深色 nxhdpi,【联系人/拨号】tab_fab_bg.png,com.android.contacts,nightmode/res/drawable-nxhdpi/tab_fab_bg.png,150,150,,
apps,系统应用换肤,联系人/拨号 · 深色 xxhdpi,【联系人/拨号】主操作悬浮按钮,com.android.contacts,nightmode/res/drawable-xxhdpi/action_button_main_new_normal_dark.png,227,227,,
apps,系统应用换肤,联系人/拨号 · 深色 xxhdpi,【联系人/拨号】主操作悬浮按钮,com.android.contacts,nightmode/res/drawable-xxhdpi/action_button_main_new_pressed_dark.png,227,227,,
apps,系统应用换肤,联系人/拨号 · 深色 xxhdpi,【联系人/拨号】action_button_open_dialpad_normal_light.png,com.android.contacts,nightmode/res/drawable-xxhdpi/action_button_open_dialpad_normal_light.png,227,227,,
apps,系统应用换肤,联系人/拨号 · 深色 xxhdpi,【联系人/拨号】action_button_open_dialpad_pressed_light.png,com.android.contacts,nightmode/res/drawable-xxhdpi/action_button_open_dialpad_pressed_light.png,227,227,,
apps,系统应用换肤,联系人/拨号 · 深色 xxhdpi,【联系人/拨号】多选模式标题栏背景,com.android.contacts,nightmode/res/drawable-xxhdpi/action_mode_bg.9.png,61,135,是,
apps,系统应用换肤,联系人/拨号 · 深色 xxhdpi,【联系人/拨号】arrow_1.9.png,com.android.contacts,nightmode/res/drawable-xxhdpi/arrow_1.9.png,75,75,是,
apps,系统应用换肤,联系人/拨号 · 深色 xxhdpi,【联系人/拨号】底部导航栏背景,com.android.contacts,nightmode/res/drawable-xxhdpi/bottom_navigation_background.9.png,1080,204,是,
apps,系统应用换肤,联系人/拨号 · 深色 xxhdpi,【联系人/拨号】btn_call_double_sim_fg.9.png,com.android.contacts,nightmode/res/drawable-xxhdpi/btn_call_double_sim_fg.9.png,209,148,是,
apps,系统应用换肤,联系人/拨号 · 深色 xxhdpi,【联系人/拨号】btn_call_sim1_normal.9.png,com.android.contacts,nightmode/res/drawable-xxhdpi/btn_call_sim1_normal.9.png,209,148,是,
apps,系统应用换肤,联系人/拨号 · 深色 xxhdpi,【联系人/拨号】btn_call_sim1_press.9.png,com.android.contacts,nightmode/res/drawable-xxhdpi/btn_call_sim1_press.9.png,209,148,是,
apps,系统应用换肤,联系人/拨号 · 深色 xxhdpi,【联系人/拨号】btn_call_sim2_normal.9.png,com.android.contacts,nightmode/res/drawable-xxhdpi/btn_call_sim2_normal.9.png,209,148,是,
apps,系统应用换肤,联系人/拨号 · 深色 xxhdpi,【联系人/拨号】btn_call_sim2_press.9.png,com.android.contacts,nightmode/res/drawable-xxhdpi/btn_call_sim2_press.9.png,209,148,是,
apps,系统应用换肤,联系人/拨号 · 深色 xxhdpi,【联系人/拨号】contact_detail_bg.9.png,com.android.contacts,nightmode/res/drawable-xxhdpi/contact_detail_bg.9.png,1,1,是,
apps,系统应用换肤,联系人/拨号 · 深色 xxhdpi,【联系人/拨号】联系人列表项背景,com.android.contacts,nightmode/res/drawable-xxhdpi/contact_detail_list_item_action_bg.9.png,1024,81,是,
apps,系统应用换肤,联系人/拨号 · 深色 xxhdpi,【联系人/拨号】联系人列表项背景,com.android.contacts,nightmode/res/drawable-xxhdpi/contact_detail_list_item_action_bg_single.9.png,112,2,是,
apps,系统应用换肤,联系人/拨号 · 深色 xxhdpi,【联系人/拨号】联系人列表项背景,com.android.contacts,nightmode/res/drawable-xxhdpi/contact_detail_list_item_first_bg_n.9.png,185,5,是,
apps,系统应用换肤,联系人/拨号 · 深色 xxhdpi,【联系人/拨号】联系人列表项背景,com.android.contacts,nightmode/res/drawable-xxhdpi/contact_detail_list_item_first_bg_p.9.png,185,5,是,
apps,系统应用换肤,联系人/拨号 · 深色 xxhdpi,【联系人/拨号】联系人列表项背景,com.android.contacts,nightmode/res/drawable-xxhdpi/contact_detail_list_item_last_bg_n.9.png,185,4,是,
apps,系统应用换肤,联系人/拨号 · 深色 xxhdpi,【联系人/拨号】联系人列表项背景,com.android.contacts,nightmode/res/drawable-xxhdpi/contact_detail_list_item_last_bg_p.9.png,185,4,是,
apps,系统应用换肤,联系人/拨号 · 深色 xxhdpi,【联系人/拨号】联系人列表项背景,com.android.contacts,nightmode/res/drawable-xxhdpi/contact_detail_list_item_middle_bg_n.9.png,185,4,是,
apps,系统应用换肤,联系人/拨号 · 深色 xxhdpi,【联系人/拨号】联系人列表项背景,com.android.contacts,nightmode/res/drawable-xxhdpi/contact_detail_list_item_middle_bg_p.9.png,185,4,是,
apps,系统应用换肤,联系人/拨号 · 深色 xxhdpi,【联系人/拨号】联系人列表项背景,com.android.contacts,nightmode/res/drawable-xxhdpi/contact_detail_list_item_single_bg_n.9.png,185,5,是,
apps,系统应用换肤,联系人/拨号 · 深色 xxhdpi,【联系人/拨号】联系人列表项背景,com.android.contacts,nightmode/res/drawable-xxhdpi/contact_detail_list_item_single_bg_p.9.png,185,5,是,
apps,系统应用换肤,联系人/拨号 · 深色 xxhdpi,【联系人/拨号】contact_detail_title_home_icon_n.png,com.android.contacts,nightmode/res/drawable-xxhdpi/contact_detail_title_home_icon_n.png,42,42,,
apps,系统应用换肤,联系人/拨号 · 深色 xxhdpi,【联系人/拨号】contact_detail_title_home_icon_p.png,com.android.contacts,nightmode/res/drawable-xxhdpi/contact_detail_title_home_icon_p.png,42,42,,
apps,系统应用换肤,联系人/拨号 · 深色 xxhdpi,【联系人/拨号】contact_detail_title_more_icon_n.png,com.android.contacts,nightmode/res/drawable-xxhdpi/contact_detail_title_more_icon_n.png,42,42,,
apps,系统应用换肤,联系人/拨号 · 深色 xxhdpi,【联系人/拨号】contact_detail_title_more_icon_p.png,com.android.contacts,nightmode/res/drawable-xxhdpi/contact_detail_title_more_icon_p.png,42,42,,
apps,系统应用换肤,联系人/拨号 · 深色 xxhdpi,【联系人/拨号】contact_editor_photo_bg.9.png,com.android.contacts,nightmode/res/drawable-xxhdpi/contact_editor_photo_bg.9.png,1,1,是,
apps,系统应用换肤,联系人/拨号 · 深色 xxhdpi,【联系人/拨号】detail_fab_bg.png,com.android.contacts,nightmode/res/drawable-xxhdpi/detail_fab_bg.png,150,150,,
apps,系统应用换肤,联系人/拨号 · 深色 xxhdpi,【联系人/拨号】拨号键盘数字,com.android.contacts,nightmode/res/drawable-xxhdpi/dial_num_0.png,102,129,,
apps,系统应用换肤,联系人/拨号 · 深色 xxhdpi,【联系人/拨号】拨号键盘数字,com.android.contacts,nightmode/res/drawable-xxhdpi/dial_num_1.png,102,129,,
apps,系统应用换肤,联系人/拨号 · 深色 xxhdpi,【联系人/拨号】拨号键盘数字,com.android.contacts,nightmode/res/drawable-xxhdpi/dial_num_2.png,102,129,,
apps,系统应用换肤,联系人/拨号 · 深色 xxhdpi,【联系人/拨号】拨号键盘数字,com.android.contacts,nightmode/res/drawable-xxhdpi/dial_num_3.png,102,129,,
apps,系统应用换肤,联系人/拨号 · 深色 xxhdpi,【联系人/拨号】拨号键盘数字,com.android.contacts,nightmode/res/drawable-xxhdpi/dial_num_4.png,102,129,,
apps,系统应用换肤,联系人/拨号 · 深色 xxhdpi,【联系人/拨号】拨号键盘数字,com.android.contacts,nightmode/res/drawable-xxhdpi/dial_num_5.png,102,129,,
apps,系统应用换肤,联系人/拨号 · 深色 xxhdpi,【联系人/拨号】拨号键盘数字,com.android.contacts,nightmode/res/drawable-xxhdpi/dial_num_6.png,102,129,,
apps,系统应用换肤,联系人/拨号 · 深色 xxhdpi,【联系人/拨号】拨号键盘数字,com.android.contacts,nightmode/res/drawable-xxhdpi/dial_num_7.png,102,129,,
apps,系统应用换肤,联系人/拨号 · 深色 xxhdpi,【联系人/拨号】拨号键盘数字,com.android.contacts,nightmode/res/drawable-xxhdpi/dial_num_8.png,102,129,,
apps,系统应用换肤,联系人/拨号 · 深色 xxhdpi,【联系人/拨号】拨号键盘数字,com.android.contacts,nightmode/res/drawable-xxhdpi/dial_num_9.png,102,129,,
apps,系统应用换肤,联系人/拨号 · 深色 xxhdpi,【联系人/拨号】拨号键盘数字,com.android.contacts,nightmode/res/drawable-xxhdpi/dial_num_pound.png,102,129,,
apps,系统应用换肤,联系人/拨号 · 深色 xxhdpi,【联系人/拨号】拨号键盘数字,com.android.contacts,nightmode/res/drawable-xxhdpi/dial_num_star.png,102,129,,
apps,系统应用换肤,联系人/拨号 · 深色 xxhdpi,【联系人/拨号】拨号盘,com.android.contacts,nightmode/res/drawable-xxhdpi/dialer_background_pad.9.png,950,1047,是,
apps,系统应用换肤,联系人/拨号 · 深色 xxhdpi,【联系人/拨号】拨号盘,com.android.contacts,nightmode/res/drawable-xxhdpi/dialer_btn_call_bg.png,178,178,,
apps,系统应用换肤,联系人/拨号 · 深色 xxhdpi,【联系人/拨号】拨号盘,com.android.contacts,nightmode/res/drawable-xxhdpi/dialer_btn_call_normal.png,77,77,,
apps,系统应用换肤,联系人/拨号 · 深色 xxhdpi,【联系人/拨号】拨号盘,com.android.contacts,nightmode/res/drawable-xxhdpi/dialer_btn_call_pressed.png,77,77,,
apps,系统应用换肤,联系人/拨号 · 深色 xxhdpi,【联系人/拨号】拨号盘,com.android.contacts,nightmode/res/drawable-xxhdpi/dialer_btn_close_dialpad_normal.9.png,286,165,是,
apps,系统应用换肤,联系人/拨号 · 深色 xxhdpi,【联系人/拨号】拨号盘,com.android.contacts,nightmode/res/drawable-xxhdpi/dialer_btn_close_dialpad_pressed.9.png,286,165,是,
apps,系统应用换肤,联系人/拨号 · 深色 xxhdpi,【联系人/拨号】拨号盘,com.android.contacts,nightmode/res/drawable-xxhdpi/dialer_btn_menu_dialpad_normal.9.png,286,165,是,
apps,系统应用换肤,联系人/拨号 · 深色 xxhdpi,【联系人/拨号】拨号盘,com.android.contacts,nightmode/res/drawable-xxhdpi/dialer_btn_menu_dialpad_pressed.9.png,286,165,是,
apps,系统应用换肤,联系人/拨号 · 深色 xxhdpi,【联系人/拨号】拨号盘,com.android.contacts,nightmode/res/drawable-xxhdpi/dialer_btn_menu_reddot_dialpad_normal.9.png,286,165,是,
apps,系统应用换肤,联系人/拨号 · 深色 xxhdpi,【联系人/拨号】拨号盘,com.android.contacts,nightmode/res/drawable-xxhdpi/dialer_btn_menu_reddot_dialpad_pressed.9.png,286,165,是,
apps,系统应用换肤,联系人/拨号 · 深色 xxhdpi,【联系人/拨号】拨号盘,com.android.contacts,nightmode/res/drawable-xxhdpi/dialer_digits_clear_btn_normal.png,180,144,,
apps,系统应用换肤,联系人/拨号 · 深色 xxhdpi,【联系人/拨号】拨号盘,com.android.contacts,nightmode/res/drawable-xxhdpi/dialer_digits_clear_btn_pressed.png,180,144,,
apps,系统应用换肤,联系人/拨号 · 深色 xxhdpi,【联系人/拨号】拨号盘,com.android.contacts,nightmode/res/drawable-xxhdpi/dialer_title_bg.9.png,1177,213,是,
apps,系统应用换肤,联系人/拨号 · 深色 xxhdpi,【联系人/拨号】拨号盘,com.android.contacts,nightmode/res/drawable-xxhdpi/dialer_title_up_normal.png,120,136,,
apps,系统应用换肤,联系人/拨号 · 深色 xxhdpi,【联系人/拨号】拨号盘,com.android.contacts,nightmode/res/drawable-xxhdpi/dialer_title_up_pressed.png,120,136,,
apps,系统应用换肤,联系人/拨号 · 深色 xxhdpi,【联系人/拨号】分割线,com.android.contacts,nightmode/res/drawable-xxhdpi/dialer_titles_divider.png,1,38,,
apps,系统应用换肤,联系人/拨号 · 深色 xxhdpi,【联系人/拨号】dialerpad_background.9.png,com.android.contacts,nightmode/res/drawable-xxhdpi/dialerpad_background.9.png,950,1047,是,
apps,系统应用换肤,联系人/拨号 · 深色 xxhdpi,【联系人/拨号】拨号盘,com.android.contacts,nightmode/res/drawable-xxhdpi/dual_dialer_btn_close_dialpad_normal.9.png,202,165,是,
apps,系统应用换肤,联系人/拨号 · 深色 xxhdpi,【联系人/拨号】拨号盘,com.android.contacts,nightmode/res/drawable-xxhdpi/dual_dialer_btn_close_dialpad_pressed.9.png,202,165,是,
apps,系统应用换肤,联系人/拨号 · 深色 xxhdpi,【联系人/拨号】拨号盘,com.android.contacts,nightmode/res/drawable-xxhdpi/dual_dialer_btn_menu_dialpad_normal.9.png,202,165,是,
apps,系统应用换肤,联系人/拨号 · 深色 xxhdpi,【联系人/拨号】拨号盘,com.android.contacts,nightmode/res/drawable-xxhdpi/dual_dialer_btn_menu_dialpad_pressed.9.png,202,165,是,
apps,系统应用换肤,联系人/拨号 · 深色 xxhdpi,【联系人/拨号】拨号盘,com.android.contacts,nightmode/res/drawable-xxhdpi/dual_dialer_btn_menu_reddot_dialpad_normal.9.png,202,165,是,
apps,系统应用换肤,联系人/拨号 · 深色 xxhdpi,【联系人/拨号】拨号盘,com.android.contacts,nightmode/res/drawable-xxhdpi/dual_dialer_btn_menu_reddot_dialpad_pressed.9.png,202,165,是,
apps,系统应用换肤,联系人/拨号 · 深色 xxhdpi,【联系人/拨号】输入框背景,com.android.contacts,nightmode/res/drawable-xxhdpi/edit_text_bg_spinner_first_light.9.png,144,156,是,
apps,系统应用换肤,联系人/拨号 · 深色 xxhdpi,【联系人/拨号】输入框背景,com.android.contacts,nightmode/res/drawable-xxhdpi/edit_text_bg_spinner_last_light.9.png,144,156,是,
apps,系统应用换肤,联系人/拨号 · 深色 xxhdpi,【联系人/拨号】输入框背景,com.android.contacts,nightmode/res/drawable-xxhdpi/edit_text_bg_spinner_middle_light.9.png,144,156,是,
apps,系统应用换肤,联系人/拨号 · 深色 xxhdpi,【联系人/拨号】输入框背景,com.android.contacts,nightmode/res/drawable-xxhdpi/edit_text_bg_spinner_single_light.9.png,144,156,是,
apps,系统应用换肤,联系人/拨号 · 深色 xxhdpi,【联系人/拨号】editor_dropdown_indicator_down_n.png,com.android.contacts,nightmode/res/drawable-xxhdpi/editor_dropdown_indicator_down_n.png,66,66,,
apps,系统应用换肤,联系人/拨号 · 深色 xxhdpi,【联系人/拨号】editor_dropdown_indicator_down_p.png,com.android.contacts,nightmode/res/drawable-xxhdpi/editor_dropdown_indicator_down_p.png,66,66,,
apps,系统应用换肤,联系人/拨号 · 深色 xxhdpi,【联系人/拨号】editor_dropdown_indicator_up_n.png,com.android.contacts,nightmode/res/drawable-xxhdpi/editor_dropdown_indicator_up_n.png,66,66,,
apps,系统应用换肤,联系人/拨号 · 深色 xxhdpi,【联系人/拨号】editor_dropdown_indicator_up_p.png,com.android.contacts,nightmode/res/drawable-xxhdpi/editor_dropdown_indicator_up_p.png,66,66,,
apps,系统应用换肤,联系人/拨号 · 深色 xxhdpi,【联系人/拨号】group_photos_container_bg.png,com.android.contacts,nightmode/res/drawable-xxhdpi/group_photos_container_bg.png,123,123,,
apps,系统应用换肤,联系人/拨号 · 深色 xxhdpi,【联系人/拨号】ic_send_mms_by_mx_n.png,com.android.contacts,nightmode/res/drawable-xxhdpi/ic_send_mms_by_mx_n.png,110,170,,
apps,系统应用换肤,联系人/拨号 · 深色 xxhdpi,【联系人/拨号】ic_send_mms_by_mx_p.png,com.android.contacts,nightmode/res/drawable-xxhdpi/ic_send_mms_by_mx_p.png,110,170,,
apps,系统应用换肤,联系人/拨号 · 深色 xxhdpi,【联系人/拨号】ic_send_sms_n.png,com.android.contacts,nightmode/res/drawable-xxhdpi/ic_send_sms_n.png,110,170,,
apps,系统应用换肤,联系人/拨号 · 深色 xxhdpi,【联系人/拨号】ic_send_sms_p.png,com.android.contacts,nightmode/res/drawable-xxhdpi/ic_send_sms_p.png,110,170,,
apps,系统应用换肤,联系人/拨号 · 深色 xxhdpi,【联系人/拨号】immersion_0.9.png,com.android.contacts,nightmode/res/drawable-xxhdpi/immersion_0.9.png,269,74,是,
apps,系统应用换肤,联系人/拨号 · 深色 xxhdpi,【联系人/拨号】list_view_item_group_header_bg_light.9.png,com.android.contacts,nightmode/res/drawable-xxhdpi/list_view_item_group_header_bg_light.9.png,144,100,是,
apps,系统应用换肤,联系人/拨号 · 深色 xxhdpi,【联系人/拨号】list_view_item_group_header_top_bg_light.9.png,com.android.contacts,nightmode/res/drawable-xxhdpi/list_view_item_group_header_top_bg_light.9.png,144,100,是,
apps,系统应用换肤,联系人/拨号 · 深色 xxhdpi,【联系人/拨号】列表右箭头,com.android.contacts,nightmode/res/drawable-xxhdpi/miuix_appcompat_arrow_right.png,28,28,,
apps,系统应用换肤,联系人/拨号 · 深色 xxhdpi,【联系人/拨号】列表右箭头,com.android.contacts,nightmode/res/drawable-xxhdpi/miuix_preference_arrow_right.png,28,28,,
apps,系统应用换肤,联系人/拨号 · 深色 xxhdpi,【联系人/拨号】分割线,com.android.contacts,nightmode/res/drawable-xxhdpi/phone_info_divider.png,42,40,,
apps,系统应用换肤,联系人/拨号 · 深色 xxhdpi,【联系人/拨号】搜索框输入背景,com.android.contacts,nightmode/res/drawable-xxhdpi/search_mode_edit_text_bg_light.9.png,754,163,是,
apps,系统应用换肤,联系人/拨号 · 深色 xxhdpi,【联系人/拨号】下拉菜单背景（普通）,com.android.contacts,nightmode/res/drawable-xxhdpi/spinner_bg_normal_light.9.png,214,158,是,
apps,系统应用换肤,联系人/拨号 · 深色 xxhdpi,【联系人/拨号】spinner_bg_pressed_light.9.png,com.android.contacts,nightmode/res/drawable-xxhdpi/spinner_bg_pressed_light.9.png,214,158,是,
apps,系统应用换肤,联系人/拨号 · 深色 xxhdpi,【联系人/拨号】t9_search_empty_create_contact.png,com.android.contacts,nightmode/res/drawable-xxhdpi/t9_search_empty_create_contact.png,61,61,,
apps,系统应用换肤,联系人/拨号 · 深色 xxhdpi,【联系人/拨号】t9_search_empty_edit_contact.png,com.android.contacts,nightmode/res/drawable-xxhdpi/t9_search_empty_edit_contact.png,61,61,,
apps,系统应用换肤,联系人/拨号 · 深色 xxhdpi,【联系人/拨号】t9_search_empty_send_sms.png,com.android.contacts,nightmode/res/drawable-xxhdpi/t9_search_empty_send_sms.png,61,61,,
apps,系统应用换肤,联系人/拨号 · 深色 xxhdpi,【联系人/拨号】t9_search_empty_video_call.png,com.android.contacts,nightmode/res/drawable-xxhdpi/t9_search_empty_video_call.png,61,61,,
apps,系统应用换肤,联系人/拨号 · 深色 xxhdpi,【联系人/拨号】tab_fab_bg.png,com.android.contacts,nightmode/res/drawable-xxhdpi/tab_fab_bg.png,150,150,,
apps,系统应用换肤,联系人/拨号 · 深色 xxhdpi,【联系人/拨号】twelve_key_digits_bg.9.png,com.android.contacts,nightmode/res/drawable-xxhdpi/twelve_key_digits_bg.9.png,1,278,是,
apps,系统应用换肤,联系人/拨号,【联系人/拨号】列表右箭头,com.android.contacts,res/drawable-nxhdpi/miuix_appcompat_arrow_right.png,28,28,,
apps,系统应用换肤,联系人/拨号,【联系人/拨号】miuix_appcompat_btn_inline_detail_normal_light.png,com.android.contacts,res/drawable-nxhdpi/miuix_appcompat_btn_inline_detail_normal_light.png,64,64,,
apps,系统应用换肤,联系人/拨号,【联系人/拨号】miuix_appcompat_btn_inline_detail_pressed_light.png,com.android.contacts,res/drawable-nxhdpi/miuix_appcompat_btn_inline_detail_pressed_light.png,64,64,,
apps,系统应用换肤,联系人/拨号,【联系人/拨号】搜索模式背景,com.android.contacts,res/drawable-nxhdpi/miuix_appcompat_search_mode_bg_light.9.png,141,160,是,
apps,系统应用换肤,联系人/拨号,【联系人/拨号】miuix_appcompat_window_search_mask.9.png,com.android.contacts,res/drawable-nxhdpi/miuix_appcompat_window_search_mask.9.png,1,1,是,
apps,系统应用换肤,联系人/拨号,【联系人/拨号】列表右箭头,com.android.contacts,res/drawable-nxhdpi/miuix_preference_arrow_right.png,28,28,,
apps,系统应用换肤,联系人/拨号,【联系人/拨号】tab_fab_bg.png,com.android.contacts,res/drawable-nxhdpi/tab_fab_bg.png,209,148,,
apps,系统应用换肤,联系人/拨号,【联系人/拨号】主操作悬浮按钮,com.android.contacts,res/drawable-xxhdpi/action_button_main_new_normal_light.png,227,227,,
apps,系统应用换肤,联系人/拨号,【联系人/拨号】主操作悬浮按钮,com.android.contacts,res/drawable-xxhdpi/action_button_main_new_pressed_light.png,227,227,,
apps,系统应用换肤,联系人/拨号,【联系人/拨号】action_button_open_dialpad_normal_light.png,com.android.contacts,res/drawable-xxhdpi/action_button_open_dialpad_normal_light.png,227,227,,
apps,系统应用换肤,联系人/拨号,【联系人/拨号】action_button_open_dialpad_pressed_light.png,com.android.contacts,res/drawable-xxhdpi/action_button_open_dialpad_pressed_light.png,227,227,,
apps,系统应用换肤,联系人/拨号,【联系人/拨号】多选模式标题栏背景,com.android.contacts,res/drawable-xxhdpi/action_mode_bg.9.png,61,135,是,
apps,系统应用换肤,联系人/拨号,【联系人/拨号】底部导航栏背景,com.android.contacts,res/drawable-xxhdpi/bottom_navigation_background.9.png,1080,204,是,
apps,系统应用换肤,联系人/拨号,【联系人/拨号】btn_call_double_sim_fg.9.png,com.android.contacts,res/drawable-xxhdpi/btn_call_double_sim_fg.9.png,209,148,是,
apps,系统应用换肤,联系人/拨号,【联系人/拨号】btn_call_sim1_normal.9.png,com.android.contacts,res/drawable-xxhdpi/btn_call_sim1_normal.9.png,209,148,是,
apps,系统应用换肤,联系人/拨号,【联系人/拨号】btn_call_sim1_press.9.png,com.android.contacts,res/drawable-xxhdpi/btn_call_sim1_press.9.png,209,148,是,
apps,系统应用换肤,联系人/拨号,【联系人/拨号】btn_call_sim2_normal.9.png,com.android.contacts,res/drawable-xxhdpi/btn_call_sim2_normal.9.png,209,148,是,
apps,系统应用换肤,联系人/拨号,【联系人/拨号】btn_call_sim2_press.9.png,com.android.contacts,res/drawable-xxhdpi/btn_call_sim2_press.9.png,209,148,是,
apps,系统应用换肤,联系人/拨号,【联系人/拨号】contact_detail_bg.9.png,com.android.contacts,res/drawable-xxhdpi/contact_detail_bg.9.png,1,1,是,
apps,系统应用换肤,联系人/拨号,【联系人/拨号】联系人列表项背景,com.android.contacts,res/drawable-xxhdpi/contact_detail_list_item_action_bg.9.png,1024,81,是,
apps,系统应用换肤,联系人/拨号,【联系人/拨号】联系人列表项背景,com.android.contacts,res/drawable-xxhdpi/contact_detail_list_item_action_bg_single.9.png,112,2,是,
apps,系统应用换肤,联系人/拨号,【联系人/拨号】联系人列表项背景,com.android.contacts,res/drawable-xxhdpi/contact_detail_list_item_first_bg_n.9.png,185,5,是,
apps,系统应用换肤,联系人/拨号,【联系人/拨号】联系人列表项背景,com.android.contacts,res/drawable-xxhdpi/contact_detail_list_item_first_bg_p.9.png,185,5,是,
apps,系统应用换肤,联系人/拨号,【联系人/拨号】联系人列表项背景,com.android.contacts,res/drawable-xxhdpi/contact_detail_list_item_last_bg_n.9.png,185,4,是,
apps,系统应用换肤,联系人/拨号,【联系人/拨号】联系人列表项背景,com.android.contacts,res/drawable-xxhdpi/contact_detail_list_item_last_bg_p.9.png,185,4,是,
apps,系统应用换肤,联系人/拨号,【联系人/拨号】联系人列表项背景,com.android.contacts,res/drawable-xxhdpi/contact_detail_list_item_middle_bg_n.9.png,185,4,是,
apps,系统应用换肤,联系人/拨号,【联系人/拨号】联系人列表项背景,com.android.contacts,res/drawable-xxhdpi/contact_detail_list_item_middle_bg_p.9.png,185,4,是,
apps,系统应用换肤,联系人/拨号,【联系人/拨号】联系人列表项背景,com.android.contacts,res/drawable-xxhdpi/contact_detail_list_item_single_bg_n.9.png,185,5,是,
apps,系统应用换肤,联系人/拨号,【联系人/拨号】联系人列表项背景,com.android.contacts,res/drawable-xxhdpi/contact_detail_list_item_single_bg_p.9.png,185,5,是,
apps,系统应用换肤,联系人/拨号,【联系人/拨号】contact_detail_title_home_icon_n.png,com.android.contacts,res/drawable-xxhdpi/contact_detail_title_home_icon_n.png,42,42,,
apps,系统应用换肤,联系人/拨号,【联系人/拨号】contact_detail_title_home_icon_p.png,com.android.contacts,res/drawable-xxhdpi/contact_detail_title_home_icon_p.png,42,42,,
apps,系统应用换肤,联系人/拨号,【联系人/拨号】contact_detail_title_more_icon_n.png,com.android.contacts,res/drawable-xxhdpi/contact_detail_title_more_icon_n.png,42,42,,
apps,系统应用换肤,联系人/拨号,【联系人/拨号】contact_detail_title_more_icon_p.png,com.android.contacts,res/drawable-xxhdpi/contact_detail_title_more_icon_p.png,42,42,,
apps,系统应用换肤,联系人/拨号,【联系人/拨号】contact_detail_unfold_item_bg.9.png,com.android.contacts,res/drawable-xxhdpi/contact_detail_unfold_item_bg.9.png,284,226,是,
apps,系统应用换肤,联系人/拨号,【联系人/拨号】contact_editor_photo_bg.9.png,com.android.contacts,res/drawable-xxhdpi/contact_editor_photo_bg.9.png,1,1,是,
apps,系统应用换肤,联系人/拨号,【联系人/拨号】detail_fab_bg.png,com.android.contacts,res/drawable-xxhdpi/detail_fab_bg.png,150,150,,
apps,系统应用换肤,联系人/拨号,【联系人/拨号】拨号键盘数字,com.android.contacts,res/drawable-xxhdpi/dial_num_0.png,102,129,,
apps,系统应用换肤,联系人/拨号,【联系人/拨号】拨号键盘数字,com.android.contacts,res/drawable-xxhdpi/dial_num_1.png,102,129,,
apps,系统应用换肤,联系人/拨号,【联系人/拨号】拨号键盘数字,com.android.contacts,res/drawable-xxhdpi/dial_num_2.png,102,129,,
apps,系统应用换肤,联系人/拨号,【联系人/拨号】拨号键盘数字,com.android.contacts,res/drawable-xxhdpi/dial_num_3.png,102,129,,
apps,系统应用换肤,联系人/拨号,【联系人/拨号】拨号键盘数字,com.android.contacts,res/drawable-xxhdpi/dial_num_4.png,102,129,,
apps,系统应用换肤,联系人/拨号,【联系人/拨号】拨号键盘数字,com.android.contacts,res/drawable-xxhdpi/dial_num_5.png,102,129,,
apps,系统应用换肤,联系人/拨号,【联系人/拨号】拨号键盘数字,com.android.contacts,res/drawable-xxhdpi/dial_num_6.png,102,129,,
apps,系统应用换肤,联系人/拨号,【联系人/拨号】拨号键盘数字,com.android.contacts,res/drawable-xxhdpi/dial_num_7.png,102,129,,
apps,系统应用换肤,联系人/拨号,【联系人/拨号】拨号键盘数字,com.android.contacts,res/drawable-xxhdpi/dial_num_8.png,102,129,,
apps,系统应用换肤,联系人/拨号,【联系人/拨号】拨号键盘数字,com.android.contacts,res/drawable-xxhdpi/dial_num_9.png,102,129,,
apps,系统应用换肤,联系人/拨号,【联系人/拨号】拨号键盘数字,com.android.contacts,res/drawable-xxhdpi/dial_num_pound.png,102,129,,
apps,系统应用换肤,联系人/拨号,【联系人/拨号】拨号键盘数字,com.android.contacts,res/drawable-xxhdpi/dial_num_star.png,102,129,,
apps,系统应用换肤,联系人/拨号,【联系人/拨号】拨号盘,com.android.contacts,res/drawable-xxhdpi/dialer_background_pad.9.png,950,1047,是,
apps,系统应用换肤,联系人/拨号,【联系人/拨号】拨号盘,com.android.contacts,res/drawable-xxhdpi/dialer_btn_call_bg.png,178,178,,
apps,系统应用换肤,联系人/拨号,【联系人/拨号】拨号盘,com.android.contacts,res/drawable-xxhdpi/dialer_btn_call_normal.png,77,77,,
apps,系统应用换肤,联系人/拨号,【联系人/拨号】拨号盘,com.android.contacts,res/drawable-xxhdpi/dialer_btn_call_pressed.png,77,77,,
apps,系统应用换肤,联系人/拨号,【联系人/拨号】拨号盘,com.android.contacts,res/drawable-xxhdpi/dialer_btn_close_dialpad_normal.9.png,286,165,是,
apps,系统应用换肤,联系人/拨号,【联系人/拨号】拨号盘,com.android.contacts,res/drawable-xxhdpi/dialer_btn_close_dialpad_pressed.9.png,286,165,是,
apps,系统应用换肤,联系人/拨号,【联系人/拨号】拨号盘,com.android.contacts,res/drawable-xxhdpi/dialer_btn_menu_dialpad_normal.9.png,286,165,是,
apps,系统应用换肤,联系人/拨号,【联系人/拨号】拨号盘,com.android.contacts,res/drawable-xxhdpi/dialer_btn_menu_dialpad_pressed.9.png,286,165,是,
apps,系统应用换肤,联系人/拨号,【联系人/拨号】拨号盘,com.android.contacts,res/drawable-xxhdpi/dialer_btn_menu_reddot_dialpad_normal.9.png,286,165,是,
apps,系统应用换肤,联系人/拨号,【联系人/拨号】拨号盘,com.android.contacts,res/drawable-xxhdpi/dialer_btn_menu_reddot_dialpad_pressed.9.png,286,165,是,
apps,系统应用换肤,联系人/拨号,【联系人/拨号】拨号盘,com.android.contacts,res/drawable-xxhdpi/dialer_button_pressed.9.png,189,185,是,
apps,系统应用换肤,联系人/拨号,【联系人/拨号】拨号盘,com.android.contacts,res/drawable-xxhdpi/dialer_digits_clear_btn_normal.png,180,144,,
apps,系统应用换肤,联系人/拨号,【联系人/拨号】拨号盘,com.android.contacts,res/drawable-xxhdpi/dialer_digits_clear_btn_pressed.png,180,144,,
apps,系统应用换肤,联系人/拨号,【联系人/拨号】拨号盘,com.android.contacts,res/drawable-xxhdpi/dialer_title_bg.9.png,1177,213,是,
apps,系统应用换肤,联系人/拨号,【联系人/拨号】拨号盘,com.android.contacts,res/drawable-xxhdpi/dialer_title_up_normal.png,120,136,,
apps,系统应用换肤,联系人/拨号,【联系人/拨号】拨号盘,com.android.contacts,res/drawable-xxhdpi/dialer_title_up_pressed.png,120,136,,
apps,系统应用换肤,联系人/拨号,【联系人/拨号】分割线,com.android.contacts,res/drawable-xxhdpi/dialer_titles_divider.png,1,38,,
apps,系统应用换肤,联系人/拨号,【联系人/拨号】dialerpad_background.9.png,com.android.contacts,res/drawable-xxhdpi/dialerpad_background.9.png,950,1047,是,
apps,系统应用换肤,联系人/拨号,【联系人/拨号】拨号盘,com.android.contacts,res/drawable-xxhdpi/dual_dialer_btn_close_dialpad_normal.9.png,202,165,是,
apps,系统应用换肤,联系人/拨号,【联系人/拨号】拨号盘,com.android.contacts,res/drawable-xxhdpi/dual_dialer_btn_close_dialpad_pressed.9.png,202,165,是,
apps,系统应用换肤,联系人/拨号,【联系人/拨号】拨号盘,com.android.contacts,res/drawable-xxhdpi/dual_dialer_btn_menu_dialpad_normal.9.png,202,165,是,
apps,系统应用换肤,联系人/拨号,【联系人/拨号】拨号盘,com.android.contacts,res/drawable-xxhdpi/dual_dialer_btn_menu_dialpad_pressed.9.png,202,165,是,
apps,系统应用换肤,联系人/拨号,【联系人/拨号】拨号盘,com.android.contacts,res/drawable-xxhdpi/dual_dialer_btn_menu_reddot_dialpad_normal.9.png,202,165,是,
apps,系统应用换肤,联系人/拨号,【联系人/拨号】拨号盘,com.android.contacts,res/drawable-xxhdpi/dual_dialer_btn_menu_reddot_dialpad_pressed.9.png,202,165,是,
apps,系统应用换肤,联系人/拨号,【联系人/拨号】输入框背景,com.android.contacts,res/drawable-xxhdpi/edit_text_bg_spinner_first_light.9.png,144,156,是,
apps,系统应用换肤,联系人/拨号,【联系人/拨号】输入框背景,com.android.contacts,res/drawable-xxhdpi/edit_text_bg_spinner_last_light.9.png,144,156,是,
apps,系统应用换肤,联系人/拨号,【联系人/拨号】输入框背景,com.android.contacts,res/drawable-xxhdpi/edit_text_bg_spinner_middle_light.9.png,144,156,是,
apps,系统应用换肤,联系人/拨号,【联系人/拨号】输入框背景,com.android.contacts,res/drawable-xxhdpi/edit_text_bg_spinner_single_light.9.png,144,156,是,
apps,系统应用换肤,联系人/拨号,【联系人/拨号】editor_button_bg_n.9.png,com.android.contacts,res/drawable-xxhdpi/editor_button_bg_n.9.png,284,226,是,
apps,系统应用换肤,联系人/拨号,【联系人/拨号】editor_button_bg_p.9.png,com.android.contacts,res/drawable-xxhdpi/editor_button_bg_p.9.png,284,226,是,
apps,系统应用换肤,联系人/拨号,【联系人/拨号】editor_dropdown_indicator_down_n.png,com.android.contacts,res/drawable-xxhdpi/editor_dropdown_indicator_down_n.png,66,66,,
apps,系统应用换肤,联系人/拨号,【联系人/拨号】editor_dropdown_indicator_down_p.png,com.android.contacts,res/drawable-xxhdpi/editor_dropdown_indicator_down_p.png,66,66,,
apps,系统应用换肤,联系人/拨号,【联系人/拨号】editor_dropdown_indicator_up_n.png,com.android.contacts,res/drawable-xxhdpi/editor_dropdown_indicator_up_n.png,66,66,,
apps,系统应用换肤,联系人/拨号,【联系人/拨号】editor_dropdown_indicator_up_p.png,com.android.contacts,res/drawable-xxhdpi/editor_dropdown_indicator_up_p.png,66,66,,
apps,系统应用换肤,联系人/拨号,【联系人/拨号】group_photos_container_bg.png,com.android.contacts,res/drawable-xxhdpi/group_photos_container_bg.png,123,123,,
apps,系统应用换肤,联系人/拨号,【联系人/拨号】ic_send_mms_by_mx_n.png,com.android.contacts,res/drawable-xxhdpi/ic_send_mms_by_mx_n.png,110,170,,
apps,系统应用换肤,联系人/拨号,【联系人/拨号】ic_send_mms_by_mx_p.png,com.android.contacts,res/drawable-xxhdpi/ic_send_mms_by_mx_p.png,110,170,,
apps,系统应用换肤,联系人/拨号,【联系人/拨号】ic_send_sms_n.png,com.android.contacts,res/drawable-xxhdpi/ic_send_sms_n.png,110,170,,
apps,系统应用换肤,联系人/拨号,【联系人/拨号】ic_send_sms_p.png,com.android.contacts,res/drawable-xxhdpi/ic_send_sms_p.png,110,170,,
apps,系统应用换肤,联系人/拨号,【联系人/拨号】list_view_item_group_header_bg_light.9.png,com.android.contacts,res/drawable-xxhdpi/list_view_item_group_header_bg_light.9.png,144,100,是,
apps,系统应用换肤,联系人/拨号,【联系人/拨号】list_view_item_group_header_top_bg_light.9.png,com.android.contacts,res/drawable-xxhdpi/list_view_item_group_header_top_bg_light.9.png,144,100,是,
apps,系统应用换肤,联系人/拨号,【联系人/拨号】主操作悬浮按钮,com.android.contacts,res/drawable-xxhdpi/miuix_appcompat_action_button_main_new.png,227,227,,
apps,系统应用换肤,联系人/拨号,【联系人/拨号】列表右箭头,com.android.contacts,res/drawable-xxhdpi/miuix_appcompat_arrow_right.png,28,28,,
apps,系统应用换肤,联系人/拨号,【联系人/拨号】列表右箭头,com.android.contacts,res/drawable-xxhdpi/miuix_preference_arrow_right.png,28,28,,
apps,系统应用换肤,联系人/拨号,【联系人/拨号】分割线,com.android.contacts,res/drawable-xxhdpi/phone_info_divider.png,42,40,,
apps,系统应用换肤,联系人/拨号,【联系人/拨号】弹出列表背景,com.android.contacts,res/drawable-xxhdpi/pop_up_window_list_bg.9.png,1,1,是,
apps,系统应用换肤,联系人/拨号,【联系人/拨号】搜索框输入背景,com.android.contacts,res/drawable-xxhdpi/search_mode_edit_text_bg_light.9.png,754,163,是,
apps,系统应用换肤,联系人/拨号,【联系人/拨号】下拉菜单背景（普通）,com.android.contacts,res/drawable-xxhdpi/spinner_bg_normal_light.9.png,214,158,是,
apps,系统应用换肤,联系人/拨号,【联系人/拨号】spinner_bg_pressed_light.9.png,com.android.contacts,res/drawable-xxhdpi/spinner_bg_pressed_light.9.png,214,158,是,
apps,系统应用换肤,联系人/拨号,【联系人/拨号】t9_search_empty_create_contact.png,com.android.contacts,res/drawable-xxhdpi/t9_search_empty_create_contact.png,61,61,,
apps,系统应用换肤,联系人/拨号,【联系人/拨号】t9_search_empty_edit_contact.png,com.android.contacts,res/drawable-xxhdpi/t9_search_empty_edit_contact.png,61,61,,
apps,系统应用换肤,联系人/拨号,【联系人/拨号】t9_search_empty_send_sms.png,com.android.contacts,res/drawable-xxhdpi/t9_search_empty_send_sms.png,61,61,,
apps,系统应用换肤,联系人/拨号,【联系人/拨号】t9_search_empty_video_call.png,com.android.contacts,res/drawable-xxhdpi/t9_search_empty_video_call.png,61,61,,
apps,系统应用换肤,联系人/拨号,【联系人/拨号】tab_fab_bg.png,com.android.contacts,res/drawable-xxhdpi/tab_fab_bg.png,150,150,,
apps,系统应用换肤,联系人/拨号,【联系人/拨号】twelve_key_digits_bg.9.png,com.android.contacts,res/drawable-xxhdpi/twelve_key_digits_bg.9.png,1,278,是,
apps,系统应用换肤,时钟 · 深色 xxhdpi,【时钟】004.9.png,com.android.deskclock,nightmode/res/drawable-xxhdpi/004.9.png,1080,2340,是,
apps,系统应用换肤,时钟 · 深色 xxhdpi,【时钟】action_bar.9.png,com.android.deskclock,nightmode/res/drawable-xxhdpi/action_bar.9.png,131,130,是,
apps,系统应用换肤,时钟 · 深色 xxhdpi,【时钟】上下箭头,com.android.deskclock,nightmode/res/drawable-xxhdpi/arrow_up_down.png,60,60,,
apps,系统应用换肤,时钟 · 深色 xxhdpi,【时钟】check_0.9.png,com.android.deskclock,nightmode/res/drawable-xxhdpi/check_0.9.png,90,90,是,
apps,系统应用换肤,时钟 · 深色 xxhdpi,【时钟】check_1.9.png,com.android.deskclock,nightmode/res/drawable-xxhdpi/check_1.9.png,90,90,是,
apps,系统应用换肤,时钟 · 深色 xxhdpi,【时钟】fab_add_icon.png,com.android.deskclock,nightmode/res/drawable-xxhdpi/fab_add_icon.png,176,176,,
apps,系统应用换肤,时钟 · 深色 xxhdpi,【时钟】fab_white_noise_icon.png,com.android.deskclock,nightmode/res/drawable-xxhdpi/fab_white_noise_icon.png,176,176,,
apps,系统应用换肤,时钟 · 深色 xxhdpi,【时钟】list.9.png,com.android.deskclock,nightmode/res/drawable-xxhdpi/list.9.png,120,130,是,
apps,系统应用换肤,时钟 · 深色 xxhdpi,【时钟】列表右箭头,com.android.deskclock,nightmode/res/drawable-xxhdpi/miuix_appcompat_arrow_right.png,28,28,,
apps,系统应用换肤,时钟 · 深色 xxhdpi,【时钟】miuix_appcompat_btn_checkbox_off_to_on_dark.9.png,com.android.deskclock,nightmode/res/drawable-xxhdpi/miuix_appcompat_btn_checkbox_off_to_on_dark.9.png,90,90,是,
apps,系统应用换肤,时钟 · 深色 xxhdpi,【时钟】miuix_appcompat_btn_checkbox_on_to_off_dark.9.png,com.android.deskclock,nightmode/res/drawable-xxhdpi/miuix_appcompat_btn_checkbox_on_to_off_dark.9.png,90,90,是,
apps,系统应用换肤,时钟 · 深色 xxhdpi,【时钟】miuix_appcompat_btn_radio_off_to_on_dark.9.png,com.android.deskclock,nightmode/res/drawable-xxhdpi/miuix_appcompat_btn_radio_off_to_on_dark.9.png,90,90,是,
apps,系统应用换肤,时钟 · 深色 xxhdpi,【时钟】单选按钮（开→关）,com.android.deskclock,nightmode/res/drawable-xxhdpi/miuix_appcompat_btn_radio_on_to_off_dark.9.png,90,90,是,
apps,系统应用换肤,时钟 · 深色 xxhdpi,【时钟】miuix_appcompat_ic_edit_text_search_dark.png,com.android.deskclock,nightmode/res/drawable-xxhdpi/miuix_appcompat_ic_edit_text_search_dark.png,38,141,,
apps,系统应用换肤,时钟 · 深色 xxhdpi,【时钟】列表项背景（普通）,com.android.deskclock,nightmode/res/drawable-xxhdpi/miuix_appcompat_list_item_bg_normal_dark.png,120,130,,
apps,系统应用换肤,时钟 · 深色 xxhdpi,【时钟】miuix_appcompat_search_mode_bg_dark.png,com.android.deskclock,nightmode/res/drawable-xxhdpi/miuix_appcompat_search_mode_bg_dark.png,38,141,,
apps,系统应用换肤,时钟 · 深色 xxhdpi,【时钟】miuix_appcompat_search_mode_input_bg_dark.9.png,com.android.deskclock,nightmode/res/drawable-xxhdpi/miuix_appcompat_search_mode_input_bg_dark.9.png,141,150,是,
apps,系统应用换肤,时钟 · 深色 xxhdpi,【时钟】miuix_appcompat_sliding_btn_bar_off_dark.png,com.android.deskclock,nightmode/res/drawable-xxhdpi/miuix_appcompat_sliding_btn_bar_off_dark.png,1,1,,
apps,系统应用换肤,时钟 · 深色 xxhdpi,【时钟】miuix_appcompat_sliding_btn_bar_on_dark.png,com.android.deskclock,nightmode/res/drawable-xxhdpi/miuix_appcompat_sliding_btn_bar_on_dark.png,1,1,,
apps,系统应用换肤,时钟 · 深色 xxhdpi,【时钟】滑动开关背景,com.android.deskclock,nightmode/res/drawable-xxhdpi/miuix_appcompat_sliding_btn_bg_dark.png,1,1,,
apps,系统应用换肤,时钟 · 深色 xxhdpi,【时钟】miuix_appcompat_sliding_btn_frame_dark.png,com.android.deskclock,nightmode/res/drawable-xxhdpi/miuix_appcompat_sliding_btn_frame_dark.png,1,1,,
apps,系统应用换肤,时钟 · 深色 xxhdpi,【时钟】miuix_appcompat_sliding_btn_mask_dark.png,com.android.deskclock,nightmode/res/drawable-xxhdpi/miuix_appcompat_sliding_btn_mask_dark.png,1,1,,
apps,系统应用换肤,时钟 · 深色 xxhdpi,【时钟】miuix_appcompat_sliding_panel_visualization_bg.png,com.android.deskclock,nightmode/res/drawable-xxhdpi/miuix_appcompat_sliding_panel_visualization_bg.png,1,1,,
apps,系统应用换肤,时钟 · 深色 xxhdpi,【时钟】列表右箭头,com.android.deskclock,nightmode/res/drawable-xxhdpi/miuix_preference_arrow_right.png,28,28,,
apps,系统应用换肤,时钟 · 深色 xxhdpi,【时钟】recycle_view_bottom_bg.png,com.android.deskclock,nightmode/res/drawable-xxhdpi/recycle_view_bottom_bg.png,1080,2340,,
apps,系统应用换肤,时钟 · 深色 xxhdpi,【时钟】window_bg_dark.9.png,com.android.deskclock,nightmode/res/drawable-xxhdpi/window_bg_dark.9.png,1078,2398,是,
apps,系统应用换肤,时钟,【时钟】闹钟条目背景,com.android.deskclock,res/drawable-xxhdpi/alarm_item_background.png,124,124,,
apps,系统应用换肤,时钟,【时钟】alert_screen_snooze_bg_pressed.png,com.android.deskclock,res/drawable-xxhdpi/alert_screen_snooze_bg_pressed.png,254,254,,
apps,系统应用换肤,时钟,【时钟】上下箭头,com.android.deskclock,res/drawable-xxhdpi/arrow_up_down.png,60,60,,
apps,系统应用换肤,时钟,【时钟】drop_down_popup_window_bg.png,com.android.deskclock,res/drawable-xxhdpi/drop_down_popup_window_bg.png,800,800,,
apps,系统应用换肤,时钟,【时钟】fab_add_icon.png,com.android.deskclock,res/drawable-xxhdpi/fab_add_icon.png,176,176,,
apps,系统应用换肤,时钟,【时钟】fab_white_noise_icon.png,com.android.deskclock,res/drawable-xxhdpi/fab_white_noise_icon.png,176,176,,
apps,系统应用换肤,时钟,【时钟】多选模式按钮图标,com.android.deskclock,res/drawable-xxhdpi/miuix_appcompat_action_mode_title_button_deselect_all_disable_light.png,131,130,,
apps,系统应用换肤,时钟,【时钟】多选模式按钮图标,com.android.deskclock,res/drawable-xxhdpi/miuix_appcompat_action_mode_title_button_deselect_all_normal_light.png,131,130,,
apps,系统应用换肤,时钟,【时钟】多选模式按钮图标,com.android.deskclock,res/drawable-xxhdpi/miuix_appcompat_action_mode_title_button_select_all_disable_light.png,130,130,,
apps,系统应用换肤,时钟,【时钟】多选模式按钮图标,com.android.deskclock,res/drawable-xxhdpi/miuix_appcompat_action_mode_title_button_select_all_normal_light.png,130,130,,
apps,系统应用换肤,时钟,【时钟】列表右箭头,com.android.deskclock,res/drawable-xxhdpi/miuix_appcompat_arrow_right.png,28,28,,
apps,系统应用换肤,时钟,【时钟】复选框（关→开动画）,com.android.deskclock,res/drawable-xxhdpi/miuix_appcompat_btn_checkbox_off_to_on_light.9.png,90,90,是,
apps,系统应用换肤,时钟,【时钟】复选框（开→关动画）,com.android.deskclock,res/drawable-xxhdpi/miuix_appcompat_btn_checkbox_on_to_off_light.9.png,90,90,是,
apps,系统应用换肤,时钟,【时钟】单选按钮（关→开）,com.android.deskclock,res/drawable-xxhdpi/miuix_appcompat_btn_radio_off_to_on_light.9.png,90,90,是,
apps,系统应用换肤,时钟,【时钟】单选按钮（开→关）,com.android.deskclock,res/drawable-xxhdpi/miuix_appcompat_btn_radio_on_to_off_dark.9.png,10,10,是,
apps,系统应用换肤,时钟,【时钟】对话框普通按钮,com.android.deskclock,res/drawable-xxhdpi/miuix_appcompat_dialog_default_btn_bg_light.9.png,124,124,是,
apps,系统应用换肤,时钟,【时钟】对话框主按钮,com.android.deskclock,res/drawable-xxhdpi/miuix_appcompat_dialog_default_btn_bg_primary_light.9.png,124,124,是,
apps,系统应用换肤,时钟,【时钟】圆角对话框背景,com.android.deskclock,res/drawable-xxhdpi/miuix_appcompat_dialog_round_bg_light.9.png,1080,732,是,
apps,系统应用换肤,时钟,【时钟】输入框背景,com.android.deskclock,res/drawable-xxhdpi/miuix_appcompat_edit_text_bg_light.9.png,124,124,是,
apps,系统应用换肤,时钟,【时钟】miuix_appcompat_edit_text_search_light.png,com.android.deskclock,res/drawable-xxhdpi/miuix_appcompat_edit_text_search_light.png,114,42,,
apps,系统应用换肤,时钟,【时钟】沉浸式窗口背景,com.android.deskclock,res/drawable-xxhdpi/miuix_appcompat_immersion_window_bg_light.9.png,300,300,是,
apps,系统应用换肤,时钟,【时钟】miuix_appcompat_list_item_bg_dialog_light.png,com.android.deskclock,res/drawable-xxhdpi/miuix_appcompat_list_item_bg_dialog_light.png,0,0,,
apps,系统应用换肤,时钟,【时钟】搜索模式背景,com.android.deskclock,res/drawable-xxhdpi/miuix_appcompat_search_mode_bg_light.9.png,50,50,是,
apps,系统应用换肤,时钟,【时钟】搜索模式背景,com.android.deskclock,res/drawable-xxhdpi/miuix_appcompat_search_mode_bg_light.png,38,141,,
apps,系统应用换肤,时钟,【时钟】搜索框输入背景,com.android.deskclock,res/drawable-xxhdpi/miuix_appcompat_search_mode_edit_text_bg_light.9.png,50,50,是,
apps,系统应用换肤,时钟,【时钟】搜索输入框背景,com.android.deskclock,res/drawable-xxhdpi/miuix_appcompat_search_mode_input_bg_light.9.png,3,5,是,
apps,系统应用换肤,时钟,【时钟】按钮背景,com.android.deskclock,res/drawable-xxhdpi/miuix_appcompat_sliding_btn_bg_light.png,153,10,,★
apps,系统应用换肤,时钟,【时钟】应用窗口背景（整页）,com.android.deskclock,res/drawable-xxhdpi/miuix_appcompat_window_bg_light.9.png,1078,2398,是,★
apps,系统应用换肤,时钟,【时钟】设置项图标背景,com.android.deskclock,res/drawable-xxhdpi/miuix_ic_preference_disconnected_bg.9.png,153,10,是,
apps,系统应用换肤,时钟,【时钟】设置分组标题背景,com.android.deskclock,res/drawable-xxhdpi/miuix_miuix_preference_category_bg_no_title_light.9.png,153,10,是,
apps,系统应用换肤,时钟,【时钟】列表右箭头,com.android.deskclock,res/drawable-xxhdpi/miuix_preference_arrow_right.png,28,28,,
apps,系统应用换肤,时钟,【时钟】设置分组标题背景,com.android.deskclock,res/drawable-xxhdpi/miuix_preference_category_bg_first_light.9.png,153,10,是,
apps,系统应用换肤,时钟,【时钟】设置分组标题背景,com.android.deskclock,res/drawable-xxhdpi/miuix_preference_category_bg_first_no_title_light.9.png,153,1,是,
apps,系统应用换肤,时钟,【时钟】设置分组标题背景,com.android.deskclock,res/drawable-xxhdpi/miuix_preference_category_bg_light.9.png,153,10,是,
apps,系统应用换肤,时钟,【时钟】设置分组标题背景,com.android.deskclock,res/drawable-xxhdpi/miuix_preference_category_bg_no_title_light.9.png,145,157,是,
apps,系统应用换肤,时钟,【时钟】设置列表项背景（首项）,com.android.deskclock,res/drawable-xxhdpi/miuix_preference_first_item_bg_light.9.png,153,10,是,
apps,系统应用换肤,时钟,【时钟】设置列表项背景（首项）,com.android.deskclock,res/drawable-xxhdpi/miuix_preference_first_item_bg_light_normal.9.png,153,10,是,
apps,系统应用换肤,时钟,【时钟】miuix_preference_first_item_with_icon_bg_normal.9.png,com.android.deskclock,res/drawable-xxhdpi/miuix_preference_first_item_with_icon_bg_normal.9.png,153,10,是,
apps,系统应用换肤,时钟,【时钟】设置列表项背景（末项）,com.android.deskclock,res/drawable-xxhdpi/miuix_preference_last_item_bg_light.9.png,153,10,是,
apps,系统应用换肤,时钟,【时钟】设置列表项背景（末项）,com.android.deskclock,res/drawable-xxhdpi/miuix_preference_last_item_bg_light_normal.9.png,153,10,是,
apps,系统应用换肤,时钟,【时钟】miuix_preference_last_item_with_icon_bg_normal.9.png,com.android.deskclock,res/drawable-xxhdpi/miuix_preference_last_item_with_icon_bg_normal.9.png,153,10,是,
apps,系统应用换肤,时钟,【时钟】设置列表项背景（中间项）,com.android.deskclock,res/drawable-xxhdpi/miuix_preference_middle_item_bg_light.9.png,153,10,是,
apps,系统应用换肤,时钟,【时钟】设置列表项背景（中间项）,com.android.deskclock,res/drawable-xxhdpi/miuix_preference_middle_item_bg_light_normal.9.png,153,10,是,
apps,系统应用换肤,时钟,【时钟】miuix_preference_middle_item_with_icon_bg_normal.9.png,com.android.deskclock,res/drawable-xxhdpi/miuix_preference_middle_item_with_icon_bg_normal.9.png,153,10,是,
apps,系统应用换肤,时钟,【时钟】设置列表项背景（单项）,com.android.deskclock,res/drawable-xxhdpi/miuix_preference_single_item_bg_light.9.png,153,10,是,
apps,系统应用换肤,时钟,【时钟】设置列表项背景（单项）,com.android.deskclock,res/drawable-xxhdpi/miuix_preference_single_item_bg_light_normal.9.png,153,10,是,
apps,系统应用换肤,时钟,【时钟】miuix_preference_single_item_with_icon_bg_normal.9.png,com.android.deskclock,res/drawable-xxhdpi/miuix_preference_single_item_with_icon_bg_normal.9.png,153,10,是,
apps,系统应用换肤,时钟,【时钟】标题栏背景,com.android.deskclock,res/drawable-xxhdpi/passport_action_bar_bg_light.9.png,70,1,是,★
apps,系统应用换肤,时钟,【时钟】多选模式标题栏背景,com.android.deskclock,res/drawable-xxhdpi/passport_action_mode_bg_dialog_light.9.png,70,1,是,★
apps,系统应用换肤,时钟,【时钟】账号页控件,com.android.deskclock,res/drawable-xxhdpi/passport_alphabet_indexer_bg.9.png,70,1,是,★
apps,系统应用换肤,时钟,【时钟】账号页控件,com.android.deskclock,res/drawable-xxhdpi/passport_btn_bg_single_normal_light.9.png,136,146,是,★
apps,系统应用换肤,时钟,【时钟】账号页控件,com.android.deskclock,res/drawable-xxhdpi/passport_dialog_button_bar_bg.9.png,3,102,是,★
apps,系统应用换肤,时钟,【时钟】账号页控件,com.android.deskclock,res/drawable-xxhdpi/passport_list_item_bg_light.9.png,285,19,是,★
apps,系统应用换肤,时钟,【时钟】账号页控件,com.android.deskclock,res/drawable-xxhdpi/passport_list_item_last_bg_normal.9.png,285,19,是,★
apps,系统应用换肤,时钟,【时钟】账号页控件,com.android.deskclock,res/drawable-xxhdpi/passport_list_item_single_bg_normal_light.9.png,285,19,是,★
apps,系统应用换肤,时钟,【时钟】recycle_view_bottom_bg.png,com.android.deskclock,res/drawable-xxhdpi/recycle_view_bottom_bg.png,0,0,,
apps,系统应用换肤,时钟,【时钟】stopwatch_second_clock.png,com.android.deskclock,res/drawable-xxhdpi/stopwatch_second_clock.png,122,122,,
apps,系统应用换肤,时钟,【时钟】stopwatch_second_clock_bg.png,com.android.deskclock,res/drawable-xxhdpi/stopwatch_second_clock_bg.png,122,122,,
apps,系统应用换肤,时钟,【时钟】秒表指针,com.android.deskclock,res/drawable-xxhdpi/stopwatch_second_hand.png,39,870,,
apps,系统应用换肤,时钟,【时钟】timer_dismiss_button_bg_normal.png,com.android.deskclock,res/drawable-xxhdpi/timer_dismiss_button_bg_normal.png,124,124,,
apps,系统应用换肤,文件管理 · 深色 xxhdpi,【文件管理】app_icon_default.png,com.android.fileexplorer,nightmode/res/drawable-xxhdpi/app_icon_default.png,96,96,,
apps,系统应用换肤,文件管理 · 深色 xxhdpi,【文件管理】file_icon_default.png,com.android.fileexplorer,nightmode/res/drawable-xxhdpi/file_icon_default.png,96,96,,
apps,系统应用换肤,文件管理 · 深色 xxhdpi,【文件管理】file_icon_folder.png,com.android.fileexplorer,nightmode/res/drawable-xxhdpi/file_icon_folder.png,343,282,,
apps,系统应用换肤,文件管理 · 深色 xxhdpi,【文件管理】file_icon_folder_grid.png,com.android.fileexplorer,nightmode/res/drawable-xxhdpi/file_icon_folder_grid.png,343,282,,
apps,系统应用换肤,文件管理 · 深色 xxhdpi,【文件管理】file_icon_folder_list.png,com.android.fileexplorer,nightmode/res/drawable-xxhdpi/file_icon_folder_list.png,343,282,,
apps,系统应用换肤,文件管理 · 深色 xxhdpi,【文件管理】file_icon_folder_phone.png,com.android.fileexplorer,nightmode/res/drawable-xxhdpi/file_icon_folder_phone.png,343,282,,
apps,系统应用换肤,文件管理 · 深色 xxhdpi,【文件管理】folder_icon_light.png,com.android.fileexplorer,nightmode/res/drawable-xxhdpi/folder_icon_light.png,343,282,,
apps,系统应用换肤,文件管理 · 深色 xxhdpi,【文件管理】图标包文件夹图标,com.android.fileexplorer,nightmode/res/drawable-xxhdpi/ic_folder_grid.png,343,282,,
apps,系统应用换肤,文件管理 · 深色 xxhdpi,【文件管理】图标包文件夹图标,com.android.fileexplorer,nightmode/res/drawable-xxhdpi/ic_folder_list.png,343,282,,
apps,系统应用换肤,文件管理 · 深色 xxhdpi,【文件管理】icon.png,com.android.fileexplorer,nightmode/res/drawable-xxhdpi/icon.png,512,512,,
apps,系统应用换肤,文件管理 · 深色 xxhdpi,【文件管理】miuix_appcompat_context_menu_separate_item_bg_dark.9.png,com.android.fileexplorer,nightmode/res/drawable-xxhdpi/miuix_appcompat_context_menu_separate_item_bg_dark.9.png,161,124,是,
apps,系统应用换肤,文件管理 · 深色 xxhdpi,【文件管理】miuix_appcompat_search_mode_bg_dark.9.png,com.android.fileexplorer,nightmode/res/drawable-xxhdpi/miuix_appcompat_search_mode_bg_dark.9.png,141,160,是,
apps,系统应用换肤,文件管理 · 深色 xxhdpi,【文件管理】应用窗口背景（整页）,com.android.fileexplorer,nightmode/res/drawable-xxhdpi/miuix_appcompat_window_bg_light.9.png,1440,3200,是,
apps,系统应用换肤,文件管理 · 深色 xxhdpi,【文件管理】miuix_appcompat_window_search_mask.9.png,com.android.fileexplorer,nightmode/res/drawable-xxhdpi/miuix_appcompat_window_search_mask.9.png,1,1,是,
apps,系统应用换肤,文件管理 · 深色 xxhdpi,【文件管理】设置项图标背景,com.android.fileexplorer,nightmode/res/drawable-xxhdpi/miuix_ic_preference_disconnected_bg.9.png,300,240,是,
apps,系统应用换肤,文件管理 · 深色 xxhdpi,【文件管理】设置分组标题背景,com.android.fileexplorer,nightmode/res/drawable-xxhdpi/miuix_preference_category_bg_dark.9.png,153,192,是,
apps,系统应用换肤,文件管理 · 深色 xxhdpi,【文件管理】设置分组标题背景,com.android.fileexplorer,nightmode/res/drawable-xxhdpi/miuix_preference_category_bg_first_dark.9.png,153,100,是,
apps,系统应用换肤,文件管理 · 深色 xxhdpi,【文件管理】设置分组标题背景,com.android.fileexplorer,nightmode/res/drawable-xxhdpi/miuix_preference_category_bg_first_no_title_dark.9.png,153,1,是,
apps,系统应用换肤,文件管理 · 深色 xxhdpi,【文件管理】设置分组标题背景,com.android.fileexplorer,nightmode/res/drawable-xxhdpi/miuix_preference_category_bg_no_title_dark.9.png,153,1,是,
apps,系统应用换肤,文件管理 · 深色 xxhdpi,【文件管理】设置列表项背景（首项）,com.android.fileexplorer,nightmode/res/drawable-xxhdpi/miuix_preference_first_item_bg_dark_normal.9.png,372,182,是,
apps,系统应用换肤,文件管理 · 深色 xxhdpi,【文件管理】miuix_preference_first_item_radio_two_state_bg.9.png,com.android.fileexplorer,nightmode/res/drawable-xxhdpi/miuix_preference_first_item_radio_two_state_bg.9.png,272,182,是,
apps,系统应用换肤,文件管理 · 深色 xxhdpi,【文件管理】miuix_preference_first_item_with_icon_bg_normal.9.png,com.android.fileexplorer,nightmode/res/drawable-xxhdpi/miuix_preference_first_item_with_icon_bg_normal.9.png,153,160,是,
apps,系统应用换肤,文件管理 · 深色 xxhdpi,【文件管理】设置列表项背景（末项）,com.android.fileexplorer,nightmode/res/drawable-xxhdpi/miuix_preference_last_item_bg_dark_normal.9.png,372,182,是,
apps,系统应用换肤,文件管理 · 深色 xxhdpi,【文件管理】miuix_preference_last_item_radio_two_state_bg.9.png,com.android.fileexplorer,nightmode/res/drawable-xxhdpi/miuix_preference_last_item_radio_two_state_bg.9.png,272,182,是,
apps,系统应用换肤,文件管理 · 深色 xxhdpi,【文件管理】miuix_preference_last_item_with_icon_bg_normal.9.png,com.android.fileexplorer,nightmode/res/drawable-xxhdpi/miuix_preference_last_item_with_icon_bg_normal.9.png,153,160,是,
apps,系统应用换肤,文件管理 · 深色 xxhdpi,【文件管理】设置列表项背景（中间项）,com.android.fileexplorer,nightmode/res/drawable-xxhdpi/miuix_preference_middle_item_bg_dark_normal.9.png,372,182,是,
apps,系统应用换肤,文件管理 · 深色 xxhdpi,【文件管理】miuix_preference_middle_item_radio_two_state_bg.9.png,com.android.fileexplorer,nightmode/res/drawable-xxhdpi/miuix_preference_middle_item_radio_two_state_bg.9.png,272,182,是,
apps,系统应用换肤,文件管理 · 深色 xxhdpi,【文件管理】miuix_preference_middle_item_with_icon_bg_normal.9.png,com.android.fileexplorer,nightmode/res/drawable-xxhdpi/miuix_preference_middle_item_with_icon_bg_normal.9.png,153,160,是,
apps,系统应用换肤,文件管理 · 深色 xxhdpi,【文件管理】设置列表项背景（单项）,com.android.fileexplorer,nightmode/res/drawable-xxhdpi/miuix_preference_single_item_bg_dark_normal.9.png,372,182,是,
apps,系统应用换肤,文件管理 · 深色 xxhdpi,【文件管理】miuix_preference_single_item_radio_two_state_bg.9.png,com.android.fileexplorer,nightmode/res/drawable-xxhdpi/miuix_preference_single_item_radio_two_state_bg.9.png,272,182,是,
apps,系统应用换肤,文件管理 · 深色 xxhdpi,【文件管理】miuix_preference_single_item_with_icon_bg_normal.9.png,com.android.fileexplorer,nightmode/res/drawable-xxhdpi/miuix_preference_single_item_with_icon_bg_normal.9.png,153,160,是,
apps,系统应用换肤,文件管理 · 深色 xxhdpi,【文件管理】设置列表项背景（普通）,com.android.fileexplorer,nightmode/res/drawable-xxhdpi/preference_item_bg_dark.9.png,153,1,是,
apps,系统应用换肤,文件管理,【文件管理】miuix_appcompat_context_menu_separate_item_bg_light.9.png,com.android.fileexplorer,res/drawable-xxhdpi/miuix_appcompat_context_menu_separate_item_bg_light.9.png,161,124,是,
apps,系统应用换肤,文件管理,【文件管理】搜索模式背景,com.android.fileexplorer,res/drawable-xxhdpi/miuix_appcompat_search_mode_bg_light.9.png,141,160,是,
apps,系统应用换肤,文件管理,【文件管理】应用窗口背景（整页）,com.android.fileexplorer,res/drawable-xxhdpi/miuix_appcompat_window_bg_light.9.png,1440,3200,是,★
apps,系统应用换肤,文件管理,【文件管理】miuix_appcompat_window_search_mask.9.png,com.android.fileexplorer,res/drawable-xxhdpi/miuix_appcompat_window_search_mask.9.png,1,1,是,
apps,系统应用换肤,文件管理,【文件管理】设置项图标背景,com.android.fileexplorer,res/drawable-xxhdpi/miuix_ic_preference_disconnected_bg.9.png,300,240,是,
apps,系统应用换肤,文件管理,【文件管理】设置分组标题背景,com.android.fileexplorer,res/drawable-xxhdpi/miuix_preference_category_bg_first_light.9.png,153,100,是,
apps,系统应用换肤,文件管理,【文件管理】设置分组标题背景,com.android.fileexplorer,res/drawable-xxhdpi/miuix_preference_category_bg_first_no_title_light.9.png,153,1,是,
apps,系统应用换肤,文件管理,【文件管理】设置分组标题背景,com.android.fileexplorer,res/drawable-xxhdpi/miuix_preference_category_bg_light.9.png,153,192,是,
apps,系统应用换肤,文件管理,【文件管理】设置分组标题背景,com.android.fileexplorer,res/drawable-xxhdpi/miuix_preference_category_bg_no_title_light.9.png,153,1,是,
apps,系统应用换肤,文件管理,【文件管理】设置列表项背景（首项）,com.android.fileexplorer,res/drawable-xxhdpi/miuix_preference_first_item_bg_light_normal.9.png,370,180,是,
apps,系统应用换肤,文件管理,【文件管理】miuix_preference_first_item_radio_two_state_bg.9.png,com.android.fileexplorer,res/drawable-xxhdpi/miuix_preference_first_item_radio_two_state_bg.9.png,272,182,是,
apps,系统应用换肤,文件管理,【文件管理】miuix_preference_first_item_with_icon_bg_normal.9.png,com.android.fileexplorer,res/drawable-xxhdpi/miuix_preference_first_item_with_icon_bg_normal.9.png,153,160,是,
apps,系统应用换肤,文件管理,【文件管理】设置列表项背景（末项）,com.android.fileexplorer,res/drawable-xxhdpi/miuix_preference_last_item_bg_light_normal.9.png,370,180,是,
apps,系统应用换肤,文件管理,【文件管理】miuix_preference_last_item_radio_two_state_bg.9.png,com.android.fileexplorer,res/drawable-xxhdpi/miuix_preference_last_item_radio_two_state_bg.9.png,272,182,是,
apps,系统应用换肤,文件管理,【文件管理】miuix_preference_last_item_with_icon_bg_normal.9.png,com.android.fileexplorer,res/drawable-xxhdpi/miuix_preference_last_item_with_icon_bg_normal.9.png,153,160,是,
apps,系统应用换肤,文件管理,【文件管理】设置列表项背景（中间项）,com.android.fileexplorer,res/drawable-xxhdpi/miuix_preference_middle_item_bg_light_normal.9.png,370,180,是,
apps,系统应用换肤,文件管理,【文件管理】miuix_preference_middle_item_radio_two_state_bg.9.png,com.android.fileexplorer,res/drawable-xxhdpi/miuix_preference_middle_item_radio_two_state_bg.9.png,272,182,是,
apps,系统应用换肤,文件管理,【文件管理】miuix_preference_middle_item_with_icon_bg_normal.9.png,com.android.fileexplorer,res/drawable-xxhdpi/miuix_preference_middle_item_with_icon_bg_normal.9.png,153,160,是,
apps,系统应用换肤,文件管理,【文件管理】设置列表项背景（单项）,com.android.fileexplorer,res/drawable-xxhdpi/miuix_preference_single_item_bg_light_normal.9.png,370,180,是,
apps,系统应用换肤,文件管理,【文件管理】miuix_preference_single_item_radio_two_state_bg.9.png,com.android.fileexplorer,res/drawable-xxhdpi/miuix_preference_single_item_radio_two_state_bg.9.png,272,182,是,
apps,系统应用换肤,文件管理,【文件管理】miuix_preference_single_item_with_icon_bg_normal.9.png,com.android.fileexplorer,res/drawable-xxhdpi/miuix_preference_single_item_with_icon_bg_normal.9.png,153,160,是,
apps,系统应用换肤,文件管理,【文件管理】设置列表项背景（普通）,com.android.fileexplorer,res/drawable-xxhdpi/preference_item_bg_light.9.png,153,1,是,
apps,系统应用换肤,短信 · 深色 xxhdpi,【短信】多选模式标题栏背景,com.android.mms,nightmode/res/drawable-xxhdpi/action_bar_action_mode_bg.9.png,300,100,是,
apps,系统应用换肤,短信 · 深色 xxhdpi,【短信】action_bar_bg_dark.9.png,com.android.mms,nightmode/res/drawable-xxhdpi/action_bar_bg_dark.9.png,90,90,是,
apps,系统应用换肤,短信 · 深色 xxhdpi,【短信】action_btn_bg_first.9.png,com.android.mms,nightmode/res/drawable-xxhdpi/action_btn_bg_first.9.png,1080,235,是,
apps,系统应用换肤,短信 · 深色 xxhdpi,【短信】action_btn_bg_last.9.png,com.android.mms,nightmode/res/drawable-xxhdpi/action_btn_bg_last.9.png,1080,235,是,
apps,系统应用换肤,短信 · 深色 xxhdpi,【短信】action_btn_bg_middle.9.png,com.android.mms,nightmode/res/drawable-xxhdpi/action_btn_bg_middle.9.png,1080,235,是,
apps,系统应用换肤,短信 · 深色 xxhdpi,【短信】action_down_bg_dark.9.png,com.android.mms,nightmode/res/drawable-xxhdpi/action_down_bg_dark.9.png,90,90,是,
apps,系统应用换肤,短信 · 深色 xxhdpi,【短信】actionbar_bg_flat_list.9.png,com.android.mms,nightmode/res/drawable-xxhdpi/actionbar_bg_flat_list.9.png,175,125,是,
apps,系统应用换肤,短信 · 深色 xxhdpi,【短信】底部导航栏背景,com.android.mms,nightmode/res/drawable-xxhdpi/bottom_navigation_background.9.png,1080,204,是,
apps,系统应用换肤,短信 · 深色 xxhdpi,【短信】context_menu_separate_item_bg_light.9.png,com.android.mms,nightmode/res/drawable-xxhdpi/context_menu_separate_item_bg_light.9.png,161,124,是,
apps,系统应用换肤,短信 · 深色 xxhdpi,【短信】短信会话背景,com.android.mms,nightmode/res/drawable-xxhdpi/conversation_bg.9.png,1078,2398,是,
apps,系统应用换肤,短信 · 深色 xxhdpi,【短信】ic_contact_photo_fg.png,com.android.mms,nightmode/res/drawable-xxhdpi/ic_contact_photo_fg.png,110,110,,
apps,系统应用换肤,短信 · 深色 xxhdpi,【短信】列表项背景（普通）,com.android.mms,nightmode/res/drawable-xxhdpi/list_item_bg_normal_dark.9.png,153,103,是,
apps,系统应用换肤,短信 · 深色 xxhdpi,【短信】短信气泡-收到,com.android.mms,nightmode/res/drawable-xxhdpi/message_bubble_in_bg_n.9.png,198,145,是,
apps,系统应用换肤,短信 · 深色 xxhdpi,【短信】短信气泡-收到,com.android.mms,nightmode/res/drawable-xxhdpi/message_bubble_in_bg_p.9.png,198,145,是,
apps,系统应用换肤,短信 · 深色 xxhdpi,【短信】短信气泡-发出,com.android.mms,nightmode/res/drawable-xxhdpi/message_bubble_out_bg_n.9.png,198,145,是,
apps,系统应用换肤,短信 · 深色 xxhdpi,【短信】短信气泡-发出,com.android.mms,nightmode/res/drawable-xxhdpi/message_bubble_out_bg_p.9.png,198,145,是,
apps,系统应用换肤,短信 · 深色 xxhdpi,【短信】message_edit_bottom_panel.9.png,com.android.mms,nightmode/res/drawable-xxhdpi/message_edit_bottom_panel.9.png,596,596,是,
apps,系统应用换肤,短信 · 深色 xxhdpi,【短信】主操作悬浮按钮,com.android.mms,nightmode/res/drawable-xxhdpi/miuix_appcompat_action_button_main_new.png,176,176,,
apps,系统应用换肤,短信 · 深色 xxhdpi,【短信】miuix_appcompat_btn_bg_dialog_light.9.png,com.android.mms,nightmode/res/drawable-xxhdpi/miuix_appcompat_btn_bg_dialog_light.9.png,124,124,是,
apps,系统应用换肤,短信 · 深色 xxhdpi,【短信】主按钮背景,com.android.mms,nightmode/res/drawable-xxhdpi/miuix_appcompat_btn_bg_primary_light.9.png,124,124,是,
apps,系统应用换肤,短信 · 深色 xxhdpi,【短信】列表加载中占位背景,com.android.mms,nightmode/res/drawable-xxhdpi/miuix_appcompat_cloud_state_view_bg_light.png,124,124,,
apps,系统应用换肤,短信 · 深色 xxhdpi,【短信】对话框普通按钮,com.android.mms,nightmode/res/drawable-xxhdpi/miuix_appcompat_dialog_default_btn_bg_light.9.png,124,124,是,
apps,系统应用换肤,短信 · 深色 xxhdpi,【短信】对话框主按钮,com.android.mms,nightmode/res/drawable-xxhdpi/miuix_appcompat_dialog_default_btn_bg_primary_light.9.png,124,124,是,
apps,系统应用换肤,短信 · 深色 xxhdpi,【短信】miuix_appcompat_search_mode_edit_text_bg_dark.9.png,com.android.mms,nightmode/res/drawable-xxhdpi/miuix_appcompat_search_mode_edit_text_bg_dark.9.png,754,163,是,
apps,系统应用换肤,短信 · 深色 xxhdpi,【短信】搜索框输入背景,com.android.mms,nightmode/res/drawable-xxhdpi/miuix_appcompat_search_mode_edit_text_bg_light.9.png,124,124,是,
apps,系统应用换肤,短信 · 深色 xxhdpi,【短信】miuix_appcompat_window_bg_drak.9.png,com.android.mms,nightmode/res/drawable-xxhdpi/miuix_appcompat_window_bg_drak.9.png,1078,2398,是,
apps,系统应用换肤,短信 · 深色 xxhdpi,【短信】recipient_item_bg.9.png,com.android.mms,nightmode/res/drawable-xxhdpi/recipient_item_bg.9.png,1,1,是,
apps,系统应用换肤,短信 · 深色 xxhdpi,【短信】search_mode_bg_dark.9.png,com.android.mms,nightmode/res/drawable-xxhdpi/search_mode_bg_dark.9.png,141,160,是,
apps,系统应用换肤,短信 · 深色 xxhdpi,【短信】搜索框输入背景,com.android.mms,nightmode/res/drawable-xxhdpi/search_mode_edit_text_bg_light.9.png,754,163,是,
apps,系统应用换肤,短信 · 深色 xxhdpi,【短信】搜索输入框背景,com.android.mms,nightmode/res/drawable-xxhdpi/search_mode_input_bg_light.9.png,343,223,是,
apps,系统应用换肤,短信 · 深色 xxhdpi,【短信】transparent_layer.9.png,com.android.mms,nightmode/res/drawable-xxhdpi/transparent_layer.9.png,1,1,是,
apps,系统应用换肤,短信,【短信】多选模式标题栏背景,com.android.mms,res/drawable-xxhdpi/action_bar_action_mode_bg.9.png,300,100,是,
apps,系统应用换肤,短信,【短信】标题栏背景,com.android.mms,res/drawable-xxhdpi/action_bar_bg_light.9.png,90,90,是,
apps,系统应用换肤,短信,【短信】按下反馈背景,com.android.mms,res/drawable-xxhdpi/action_down_bg_light.9.png,90,90,是,
apps,系统应用换肤,短信,【短信】actionbar_bg_flat_list.9.png,com.android.mms,res/drawable-xxhdpi/actionbar_bg_flat_list.9.png,175,125,是,
apps,系统应用换肤,短信,【短信】附件页背景,com.android.mms,res/drawable-xxhdpi/attachment_screen_bg.9.png,1,303,是,
apps,系统应用换肤,短信,【短信】底部导航栏背景,com.android.mms,res/drawable-xxhdpi/bottom_navigation_background.9.png,1080,204,是,
apps,系统应用换肤,短信,【短信】compose_message_editor_bg.9.png,com.android.mms,res/drawable-xxhdpi/compose_message_editor_bg.9.png,124,124,是,
apps,系统应用换肤,短信,【短信】compose_mi_message_editor_bg.9.png,com.android.mms,res/drawable-xxhdpi/compose_mi_message_editor_bg.9.png,61,170,是,
apps,系统应用换肤,短信,【短信】短信会话背景,com.android.mms,res/drawable-xxhdpi/conversation_bg.9.png,1078,2398,是,
apps,系统应用换肤,短信,【短信】对话框背景,com.android.mms,res/drawable-xxhdpi/dialog_bg_light.9.png,1080,732,是,★
apps,系统应用换肤,短信,【短信】flatshow_bg.9.png,com.android.mms,res/drawable-xxhdpi/flatshow_bg.9.png,1,1,是,
apps,系统应用换肤,短信,【短信】float_notification_button_bg_n.9.png,com.android.mms,res/drawable-xxhdpi/float_notification_button_bg_n.9.png,155,87,是,
apps,系统应用换肤,短信,【短信】float_notification_button_bg_p.9.png,com.android.mms,res/drawable-xxhdpi/float_notification_button_bg_p.9.png,155,87,是,
apps,系统应用换肤,短信,【短信】短信气泡-收到,com.android.mms,res/drawable-xxhdpi/message_bubble_in_bg_n.9.png,198,145,是,
apps,系统应用换肤,短信,【短信】短信气泡-收到,com.android.mms,res/drawable-xxhdpi/message_bubble_in_bg_p.9.png,198,145,是,
apps,系统应用换肤,短信,【短信】短信气泡-发出,com.android.mms,res/drawable-xxhdpi/message_bubble_out_bg_n.9.png,198,145,是,
apps,系统应用换肤,短信,【短信】短信气泡-发出,com.android.mms,res/drawable-xxhdpi/message_bubble_out_bg_p.9.png,198,145,是,
apps,系统应用换肤,短信,【短信】message_edit_bottom_menu_bg_n.9.png,com.android.mms,res/drawable-xxhdpi/message_edit_bottom_menu_bg_n.9.png,54,170,是,
apps,系统应用换肤,短信,【短信】message_edit_bottom_menu_bg_p.9.png,com.android.mms,res/drawable-xxhdpi/message_edit_bottom_menu_bg_p.9.png,54,170,是,
apps,系统应用换肤,短信,【短信】message_edit_bottom_menu_more_bg_n.9.png,com.android.mms,res/drawable-xxhdpi/message_edit_bottom_menu_more_bg_n.9.png,54,170,是,
apps,系统应用换肤,短信,【短信】message_edit_bottom_menu_more_bg_p.9.png,com.android.mms,res/drawable-xxhdpi/message_edit_bottom_menu_more_bg_p.9.png,54,170,是,
apps,系统应用换肤,短信,【短信】message_edit_bottom_panel.9.png,com.android.mms,res/drawable-xxhdpi/message_edit_bottom_panel.9.png,596,596,是,
apps,系统应用换肤,短信,【短信】短信气泡-发出,com.android.mms,res/drawable-xxhdpi/mi_message_bubble_out_bg_n.9.png,175,125,是,
apps,系统应用换肤,短信,【短信】短信气泡-发出,com.android.mms,res/drawable-xxhdpi/mi_message_bubble_out_bg_p.9.png,175,125,是,
apps,系统应用换肤,短信,【短信】主操作悬浮按钮,com.android.mms,res/drawable-xxhdpi/miuix_appcompat_action_button_main_new.png,176,176,,
apps,系统应用换肤,短信,【短信】miuix_appcompat_btn_bg_dialog_light.9.png,com.android.mms,res/drawable-xxhdpi/miuix_appcompat_btn_bg_dialog_light.9.png,124,124,是,
apps,系统应用换肤,短信,【短信】主按钮背景,com.android.mms,res/drawable-xxhdpi/miuix_appcompat_btn_bg_primary_light.9.png,124,124,是,★
apps,系统应用换肤,短信,【短信】列表加载中占位背景,com.android.mms,res/drawable-xxhdpi/miuix_appcompat_cloud_state_view_bg_light.png,124,124,,
apps,系统应用换肤,短信,【短信】对话框普通按钮,com.android.mms,res/drawable-xxhdpi/miuix_appcompat_dialog_default_btn_bg_light.9.png,124,124,是,
apps,系统应用换肤,短信,【短信】对话框主按钮,com.android.mms,res/drawable-xxhdpi/miuix_appcompat_dialog_default_btn_bg_primary_light.9.png,124,124,是,
apps,系统应用换肤,短信,【短信】圆角对话框背景,com.android.mms,res/drawable-xxhdpi/miuix_appcompat_dialog_round_bg_light.9.png,1080,732,是,
apps,系统应用换肤,短信,【短信】搜索框输入背景,com.android.mms,res/drawable-xxhdpi/miuix_appcompat_search_mode_edit_text_bg_light.9.png,124,124,是,
apps,系统应用换肤,短信,【短信】应用窗口背景（整页）,com.android.mms,res/drawable-xxhdpi/miuix_appcompat_window_bg_light.9.png,1078,2398,是,★
apps,系统应用换肤,短信,【短信】分割线,com.android.mms,res/drawable-xxhdpi/recent_contact_divider.9.png,1,1,是,
apps,系统应用换肤,短信,【短信】recent_contact_grid_bg.9.png,com.android.mms,res/drawable-xxhdpi/recent_contact_grid_bg.9.png,1,140,是,
apps,系统应用换肤,短信,【短信】recent_contact_item_bg_n.9.png,com.android.mms,res/drawable-xxhdpi/recent_contact_item_bg_n.9.png,1,140,是,
apps,系统应用换肤,短信,【短信】收件人输入背景,com.android.mms,res/drawable-xxhdpi/recipient_bg.9.png,1078,2398,是,
apps,系统应用换肤,短信,【短信】search_bg.9.png,com.android.mms,res/drawable-xxhdpi/search_bg.9.png,1,1,是,
apps,系统应用换肤,短信,【短信】搜索框输入背景,com.android.mms,res/drawable-xxhdpi/search_mode_edit_text_bg_light.9.png,754,163,是,
apps,系统应用换肤,短信,【短信】title_bar_bg_row.9.png,com.android.mms,res/drawable-xxhdpi/title_bar_bg_row.9.png,1,8,是,
apps,系统应用换肤,短信,【短信】title_bar_tall_bg.9.png,com.android.mms,res/drawable-xxhdpi/title_bar_tall_bg.9.png,1,15,是,
apps,系统应用换肤,短信,【短信】transparent_layer.9.png,com.android.mms,res/drawable-xxhdpi/transparent_layer.9.png,1,1,是,
apps,系统应用换肤,短信,【短信】understand_button_2_first_n.9.png,com.android.mms,res/drawable-xxhdpi/understand_button_2_first_n.9.png,52,95,是,
apps,系统应用换肤,短信,【短信】understand_button_2_first_p.9.png,com.android.mms,res/drawable-xxhdpi/understand_button_2_first_p.9.png,52,95,是,
apps,系统应用换肤,短信,【短信】understand_button_2_last_n.9.png,com.android.mms,res/drawable-xxhdpi/understand_button_2_last_n.9.png,52,95,是,
apps,系统应用换肤,短信,【短信】understand_button_2_last_p.9.png,com.android.mms,res/drawable-xxhdpi/understand_button_2_last_p.9.png,52,95,是,
apps,系统应用换肤,短信,【短信】understand_button_2_middle_n.9.png,com.android.mms,res/drawable-xxhdpi/understand_button_2_middle_n.9.png,2,95,是,
apps,系统应用换肤,短信,【短信】understand_button_2_middle_p.9.png,com.android.mms,res/drawable-xxhdpi/understand_button_2_middle_p.9.png,2,95,是,
apps,系统应用换肤,短信,【短信】understand_button_2_single_n.9.png,com.android.mms,res/drawable-xxhdpi/understand_button_2_single_n.9.png,102,95,是,
apps,系统应用换肤,短信,【短信】understand_button_2_single_p.9.png,com.android.mms,res/drawable-xxhdpi/understand_button_2_single_p.9.png,102,95,是,
apps,系统应用换肤,短信,【短信】unread.png,com.android.mms,res/drawable-xxhdpi/unread.png,20,20,,
apps,系统应用换肤,短信,【短信】window_bg_verification_list.9.png,com.android.mms,res/drawable-xxhdpi/window_bg_verification_list.9.png,10,20,是,
apps,系统应用换肤,通话,【通话】应用窗口背景（整页）,com.android.phone,framework-miui-res/res/drawable-xxhdpi/window_bg_light.9.png,1078,2398,是,★
apps,系统应用换肤,通话,【通话】对话框背景,com.android.phone,res/drawable-xxhdpi/dialog_bg_light.9.png,596,596,是,★
apps,系统应用换肤,通话,【通话】miuix_appcompat_action_bar_back_light.png,com.android.phone,res/drawable-xxhdpi/miuix_appcompat_action_bar_back_light.png,100,100,,
apps,系统应用换肤,通话,【通话】圆角对话框背景,com.android.phone,res/drawable-xxhdpi/miuix_appcompat_dialog_round_bg_light.9.png,596,596,是,
apps,系统应用换肤,通话,【通话】miuix_appcompat_edit_text_search_light.png,com.android.phone,res/drawable-xxhdpi/miuix_appcompat_edit_text_search_light.png,114,42,,
apps,系统应用换肤,通话,【通话】沉浸式窗口背景,com.android.phone,res/drawable-xxhdpi/miuix_appcompat_immersion_window_bg_light.9.png,132,122,是,
apps,系统应用换肤,通话,【通话】miuix_appcompat_number_picker_bg_normal.9.png,com.android.phone,res/drawable-xxhdpi/miuix_appcompat_number_picker_bg_normal.9.png,0,0,是,
apps,系统应用换肤,通话,【通话】设置分组标题背景,com.android.phone,res/drawable-xxhdpi/miuix_preference_category_bg_first_light.9.png,153,10,是,
apps,系统应用换肤,通话,【通话】设置分组标题背景,com.android.phone,res/drawable-xxhdpi/miuix_preference_category_bg_first_no_title_light.9.png,153,1,是,
apps,系统应用换肤,通话,【通话】设置分组标题背景,com.android.phone,res/drawable-xxhdpi/miuix_preference_category_bg_light.9.png,144,100,是,
apps,系统应用换肤,通话,【通话】设置分组标题背景,com.android.phone,res/drawable-xxhdpi/miuix_preference_category_bg_no_title_light.9.png,1076,98,是,
apps,系统应用换肤,通话,【通话】设置列表项背景（首项）,com.android.phone,res/drawable-xxhdpi/miuix_preference_first_item_bg_light_normal.9.png,144,100,是,
apps,系统应用换肤,通话,【通话】miuix_preference_first_item_radio_two_state_bg.9.png,com.android.phone,res/drawable-xxhdpi/miuix_preference_first_item_radio_two_state_bg.9.png,144,100,是,
apps,系统应用换肤,通话,【通话】miuix_preference_first_item_with_icon_bg_normal.9.png,com.android.phone,res/drawable-xxhdpi/miuix_preference_first_item_with_icon_bg_normal.9.png,144,100,是,
apps,系统应用换肤,通话,【通话】设置列表项背景（普通）,com.android.phone,res/drawable-xxhdpi/miuix_preference_item_bg_normal.9.png,153,160,是,
apps,系统应用换肤,通话,【通话】miuix_preference_item_radio_two_state_background.9.png,com.android.phone,res/drawable-xxhdpi/miuix_preference_item_radio_two_state_background.9.png,155,122,是,
apps,系统应用换肤,通话,【通话】设置列表项背景（末项）,com.android.phone,res/drawable-xxhdpi/miuix_preference_last_item_bg_light_normal.9.png,144,100,是,
apps,系统应用换肤,通话,【通话】miuix_preference_last_item_radio_two_state_bg.9.png,com.android.phone,res/drawable-xxhdpi/miuix_preference_last_item_radio_two_state_bg.9.png,144,100,是,
apps,系统应用换肤,通话,【通话】miuix_preference_last_item_with_icon_bg_normal.9.png,com.android.phone,res/drawable-xxhdpi/miuix_preference_last_item_with_icon_bg_normal.9.png,144,100,是,
apps,系统应用换肤,通话,【通话】设置列表项背景（中间项）,com.android.phone,res/drawable-xxhdpi/miuix_preference_middle_item_bg_light_normal.9.png,144,100,是,
apps,系统应用换肤,通话,【通话】miuix_preference_middle_item_radio_two_state_bg.9.png,com.android.phone,res/drawable-xxhdpi/miuix_preference_middle_item_radio_two_state_bg.9.png,144,100,是,
apps,系统应用换肤,通话,【通话】miuix_preference_middle_item_with_icon_bg_normal.9.png,com.android.phone,res/drawable-xxhdpi/miuix_preference_middle_item_with_icon_bg_normal.9.png,144,100,是,
apps,系统应用换肤,通话,【通话】设置列表项背景（单项）,com.android.phone,res/drawable-xxhdpi/miuix_preference_single_item_bg_light_normal.9.png,144,100,是,
apps,系统应用换肤,通话,【通话】miuix_preference_single_item_radio_two_state_bg.9.png,com.android.phone,res/drawable-xxhdpi/miuix_preference_single_item_radio_two_state_bg.9.png,144,100,是,
apps,系统应用换肤,通话,【通话】miuix_preference_single_item_with_icon_bg_normal.9.png,com.android.phone,res/drawable-xxhdpi/miuix_preference_single_item_with_icon_bg_normal.9.png,144,100,是,
apps,系统应用换肤,通话,【通话】应用窗口背景（整页）,com.android.phone,res/drawable-xxhdpi/window_bg_light.9.png,1078,2398,是,★
apps,系统应用换肤,通话,【通话】圆角对话框背景,com.android.phone,res/miuix_appcompat_dialog_round_bg_light.9.png,596,596,是,
apps,系统应用换肤,下载管理,【下载管理】应用窗口背景（整页）,com.android.providers.downloads.ui,framework-miui-res/res/drawable-xxhdpi/window_bg_light.9.png,1440,3200,是,★
apps,系统应用换肤,下载管理 · 深色 miui,【下载管理】miuix_appcompat_window_bg_dark.9.png,com.android.providers.downloads.ui,nightmode/framework-miui-res/res/drawable-xxhdpi/miuix_appcompat_window_bg_dark.9.png,1440,3200,是,
apps,系统应用换肤,下载管理 · 深色 miui,【下载管理】window_bg_dark.9.png,com.android.providers.downloads.ui,nightmode/framework-miui-res/res/drawable-xxhdpi/window_bg_dark.9.png,1440,3200,是,
apps,系统应用换肤,下载管理 · res,【下载管理】miuix_appcompat_window_bg_dark.9.png,com.android.providers.downloads.ui,nightmode/framework-miui-res/res/miuix_appcompat_window_bg_dark.9.png,1440,3200,是,
apps,系统应用换肤,下载管理 · 深色 xxhdpi,【下载管理】miuix_appcompat_sliding_btn_slider_off_normal_dark.png,com.android.providers.downloads.ui,nightmode/res/drawable-xxhdpi/miuix_appcompat_sliding_btn_slider_off_normal_dark.png,93,153,,
apps,系统应用换肤,下载管理 · 深色 xxhdpi,【下载管理】miuix_appcompat_sliding_btn_slider_off_normal_light.png,com.android.providers.downloads.ui,nightmode/res/drawable-xxhdpi/miuix_appcompat_sliding_btn_slider_off_normal_light.png,93,153,,
apps,系统应用换肤,下载管理 · 深色 xxhdpi,【下载管理】miuix_appcompat_sliding_btn_slider_off_pressed_dark.png,com.android.providers.downloads.ui,nightmode/res/drawable-xxhdpi/miuix_appcompat_sliding_btn_slider_off_pressed_dark.png,93,153,,
apps,系统应用换肤,下载管理 · 深色 xxhdpi,【下载管理】miuix_appcompat_sliding_btn_slider_off_pressed_light.png,com.android.providers.downloads.ui,nightmode/res/drawable-xxhdpi/miuix_appcompat_sliding_btn_slider_off_pressed_light.png,93,153,,
apps,系统应用换肤,下载管理 · 深色 xxhdpi,【下载管理】miuix_appcompat_sliding_btn_slider_on_normal_dark.png,com.android.providers.downloads.ui,nightmode/res/drawable-xxhdpi/miuix_appcompat_sliding_btn_slider_on_normal_dark.png,93,153,,
apps,系统应用换肤,下载管理 · 深色 xxhdpi,【下载管理】miuix_appcompat_sliding_btn_slider_on_normal_light.png,com.android.providers.downloads.ui,nightmode/res/drawable-xxhdpi/miuix_appcompat_sliding_btn_slider_on_normal_light.png,93,153,,
apps,系统应用换肤,下载管理 · 深色 xxhdpi,【下载管理】miuix_appcompat_sliding_btn_slider_on_pressed_dark.png,com.android.providers.downloads.ui,nightmode/res/drawable-xxhdpi/miuix_appcompat_sliding_btn_slider_on_pressed_dark.png,93,153,,
apps,系统应用换肤,下载管理 · 深色 xxhdpi,【下载管理】miuix_appcompat_sliding_btn_slider_on_pressed_light.png,com.android.providers.downloads.ui,nightmode/res/drawable-xxhdpi/miuix_appcompat_sliding_btn_slider_on_pressed_light.png,93,153,,
apps,系统应用换肤,下载管理 · 深色 xxhdpi,【下载管理】miuix_appcompat_window_bg_dark.9.png,com.android.providers.downloads.ui,nightmode/res/drawable-xxhdpi/miuix_appcompat_window_bg_dark.9.png,1440,3200,是,
apps,系统应用换肤,下载管理 · 深色 xxhdpi,【下载管理】window_bg_dark.9.png,com.android.providers.downloads.ui,nightmode/res/drawable-xxhdpi/window_bg_dark.9.png,1440,3200,是,
apps,系统应用换肤,下载管理,【下载管理】多选模式标题栏背景,com.android.providers.downloads.ui,res/drawable-xxhdpi/action_mode_bg_dialog_light.9.png,153,192,是,
apps,系统应用换肤,下载管理,【下载管理】（WebP 资源）,com.android.providers.downloads.ui,res/drawable-xxhdpi/decorate_line.webp,940,1,,
apps,系统应用换肤,下载管理,【下载管理】miuix_appcompat_action_bar_bg_navigation_light.9.png,com.android.providers.downloads.ui,res/drawable-xxhdpi/miuix_appcompat_action_bar_bg_navigation_light.9.png,153,192,是,
apps,系统应用换肤,下载管理,【下载管理】多选模式标题栏背景,com.android.providers.downloads.ui,res/drawable-xxhdpi/miuix_appcompat_action_mode_bg_navigation_light.9.png,153,192,是,
apps,系统应用换肤,下载管理,【下载管理】多选模式按钮图标,com.android.providers.downloads.ui,res/drawable-xxhdpi/miuix_appcompat_action_mode_title_button_deselect_all_disable_light.png,131,130,,
apps,系统应用换肤,下载管理,【下载管理】多选模式按钮图标,com.android.providers.downloads.ui,res/drawable-xxhdpi/miuix_appcompat_action_mode_title_button_deselect_all_normal_light.png,131,130,,
apps,系统应用换肤,下载管理,【下载管理】多选模式按钮图标,com.android.providers.downloads.ui,res/drawable-xxhdpi/miuix_appcompat_action_mode_title_button_select_all_disable_light.png,130,130,,
apps,系统应用换肤,下载管理,【下载管理】多选模式按钮图标,com.android.providers.downloads.ui,res/drawable-xxhdpi/miuix_appcompat_action_mode_title_button_select_all_normal_light.png,130,130,,
apps,系统应用换肤,下载管理,【下载管理】复选框（关→开动画）,com.android.providers.downloads.ui,res/drawable-xxhdpi/miuix_appcompat_btn_checkbox_off_to_on_light.9.png,90,90,是,
apps,系统应用换肤,下载管理,【下载管理】复选框（开→关动画）,com.android.providers.downloads.ui,res/drawable-xxhdpi/miuix_appcompat_btn_checkbox_on_to_off_light.9.png,90,90,是,
apps,系统应用换肤,下载管理,【下载管理】单选按钮（关→开）,com.android.providers.downloads.ui,res/drawable-xxhdpi/miuix_appcompat_btn_radio_off_to_on_light.9.png,90,90,是,
apps,系统应用换肤,下载管理,【下载管理】单选按钮（开→关）,com.android.providers.downloads.ui,res/drawable-xxhdpi/miuix_appcompat_btn_radio_on_to_off_dark.9.png,10,10,是,
apps,系统应用换肤,下载管理,【下载管理】沉浸式窗口背景,com.android.providers.downloads.ui,res/drawable-xxhdpi/miuix_appcompat_immersion_window_bg_light.9.png,132,122,是,
apps,系统应用换肤,下载管理,【下载管理】搜索模式背景,com.android.providers.downloads.ui,res/drawable-xxhdpi/miuix_appcompat_search_mode_bg_light.9.png,50,50,是,
apps,系统应用换肤,下载管理,【下载管理】搜索模式背景,com.android.providers.downloads.ui,res/drawable-xxhdpi/miuix_appcompat_search_mode_bg_light.png,38,141,,
apps,系统应用换肤,下载管理,【下载管理】搜索框输入背景,com.android.providers.downloads.ui,res/drawable-xxhdpi/miuix_appcompat_search_mode_edit_text_bg_light.9.png,50,50,是,
apps,系统应用换肤,下载管理,【下载管理】搜索输入框背景,com.android.providers.downloads.ui,res/drawable-xxhdpi/miuix_appcompat_search_mode_input_bg_light.9.png,3,5,是,
apps,系统应用换肤,下载管理,【下载管理】按钮背景,com.android.providers.downloads.ui,res/drawable-xxhdpi/miuix_appcompat_sliding_btn_bg_light.png,153,10,,★
apps,系统应用换肤,下载管理,【下载管理】miuix_appcompat_sliding_panel_visualization_bg.png,com.android.providers.downloads.ui,res/drawable-xxhdpi/miuix_appcompat_sliding_panel_visualization_bg.png,120,146,,
apps,系统应用换肤,下载管理,【下载管理】miuix_appcompat_spinner_popup_item_bg_light.9.png,com.android.providers.downloads.ui,res/drawable-xxhdpi/miuix_appcompat_spinner_popup_item_bg_light.9.png,372,182,是,
apps,系统应用换肤,下载管理,【下载管理】应用窗口背景（整页）,com.android.providers.downloads.ui,res/drawable-xxhdpi/miuix_appcompat_window_bg_light.9.png,1440,3200,是,★
apps,系统应用换肤,下载管理,【下载管理】设置项图标背景,com.android.providers.downloads.ui,res/drawable-xxhdpi/miuix_ic_preference_disconnected_bg.9.png,153,10,是,
apps,系统应用换肤,下载管理,【下载管理】设置分组标题背景,com.android.providers.downloads.ui,res/drawable-xxhdpi/miuix_miuix_preference_category_bg_no_title_light.9.png,153,10,是,
apps,系统应用换肤,下载管理,【下载管理】设置分组标题背景,com.android.providers.downloads.ui,res/drawable-xxhdpi/miuix_preference_category_bg_first_light.9.png,153,10,是,
apps,系统应用换肤,下载管理,【下载管理】设置分组标题背景,com.android.providers.downloads.ui,res/drawable-xxhdpi/miuix_preference_category_bg_first_no_title_light.9.png,153,1,是,
apps,系统应用换肤,下载管理,【下载管理】设置分组标题背景,com.android.providers.downloads.ui,res/drawable-xxhdpi/miuix_preference_category_bg_light.9.png,153,10,是,
apps,系统应用换肤,下载管理,【下载管理】设置列表项背景（首项）,com.android.providers.downloads.ui,res/drawable-xxhdpi/miuix_preference_first_item_bg_light.9.png,153,10,是,
apps,系统应用换肤,下载管理,【下载管理】设置列表项背景（首项）,com.android.providers.downloads.ui,res/drawable-xxhdpi/miuix_preference_first_item_bg_light_normal.9.png,153,10,是,
apps,系统应用换肤,下载管理,【下载管理】miuix_preference_first_item_with_icon_bg_normal.9.png,com.android.providers.downloads.ui,res/drawable-xxhdpi/miuix_preference_first_item_with_icon_bg_normal.9.png,153,10,是,
apps,系统应用换肤,下载管理,【下载管理】miuix_preference_item_background_light.png,com.android.providers.downloads.ui,res/drawable-xxhdpi/miuix_preference_item_background_light.png,372,182,,
apps,系统应用换肤,下载管理,【下载管理】miuix_preference_item_radio_two_state_background.9.png,com.android.providers.downloads.ui,res/drawable-xxhdpi/miuix_preference_item_radio_two_state_background.9.png,372,182,是,
apps,系统应用换肤,下载管理,【下载管理】设置列表项背景（末项）,com.android.providers.downloads.ui,res/drawable-xxhdpi/miuix_preference_last_item_bg_light.9.png,153,10,是,
apps,系统应用换肤,下载管理,【下载管理】设置列表项背景（末项）,com.android.providers.downloads.ui,res/drawable-xxhdpi/miuix_preference_last_item_bg_light_normal.9.png,153,10,是,
apps,系统应用换肤,下载管理,【下载管理】miuix_preference_last_item_with_icon_bg_normal.9.png,com.android.providers.downloads.ui,res/drawable-xxhdpi/miuix_preference_last_item_with_icon_bg_normal.9.png,153,10,是,
apps,系统应用换肤,下载管理,【下载管理】设置列表项背景（中间项）,com.android.providers.downloads.ui,res/drawable-xxhdpi/miuix_preference_middle_item_bg_light.9.png,153,10,是,
apps,系统应用换肤,下载管理,【下载管理】设置列表项背景（中间项）,com.android.providers.downloads.ui,res/drawable-xxhdpi/miuix_preference_middle_item_bg_light_normal.9.png,153,10,是,
apps,系统应用换肤,下载管理,【下载管理】miuix_preference_middle_item_with_icon_bg_normal.9.png,com.android.providers.downloads.ui,res/drawable-xxhdpi/miuix_preference_middle_item_with_icon_bg_normal.9.png,153,10,是,
apps,系统应用换肤,下载管理,【下载管理】设置列表项背景（单项）,com.android.providers.downloads.ui,res/drawable-xxhdpi/miuix_preference_single_item_bg_light.9.png,153,10,是,
apps,系统应用换肤,下载管理,【下载管理】设置列表项背景（单项）,com.android.providers.downloads.ui,res/drawable-xxhdpi/miuix_preference_single_item_bg_light_normal.9.png,153,10,是,
apps,系统应用换肤,下载管理,【下载管理】miuix_preference_single_item_with_icon_bg_normal.9.png,com.android.providers.downloads.ui,res/drawable-xxhdpi/miuix_preference_single_item_with_icon_bg_normal.9.png,153,10,是,
apps,系统应用换肤,下载管理,【下载管理】nodata.png,com.android.providers.downloads.ui,res/drawable-xxhdpi/nodata.png,72,172,,
apps,系统应用换肤,下载管理,【下载管理】标题栏背景,com.android.providers.downloads.ui,res/drawable-xxhdpi/passport_action_bar_bg_light.9.png,70,1,是,★
apps,系统应用换肤,下载管理,【下载管理】多选模式标题栏背景,com.android.providers.downloads.ui,res/drawable-xxhdpi/passport_action_mode_bg_dialog_light.9.png,70,1,是,★
apps,系统应用换肤,下载管理,【下载管理】账号页控件,com.android.providers.downloads.ui,res/drawable-xxhdpi/passport_alphabet_indexer_bg.9.png,70,1,是,★
apps,系统应用换肤,下载管理,【下载管理】账号页控件,com.android.providers.downloads.ui,res/drawable-xxhdpi/passport_btn_bg_single_normal_light.9.png,136,146,是,★
apps,系统应用换肤,下载管理,【下载管理】账号页控件,com.android.providers.downloads.ui,res/drawable-xxhdpi/passport_dialog_button_bar_bg.9.png,3,102,是,★
apps,系统应用换肤,下载管理,【下载管理】账号页控件,com.android.providers.downloads.ui,res/drawable-xxhdpi/passport_list_item_bg_light.9.png,285,19,是,★
apps,系统应用换肤,下载管理,【下载管理】账号页控件,com.android.providers.downloads.ui,res/drawable-xxhdpi/passport_list_item_last_bg_normal.9.png,285,19,是,★
apps,系统应用换肤,下载管理,【下载管理】账号页控件,com.android.providers.downloads.ui,res/drawable-xxhdpi/passport_list_item_single_bg_normal_light.9.png,285,19,是,★
apps,系统应用换肤,下载管理,【下载管理】photo_page_action_bar_background.png,com.android.providers.downloads.ui,res/drawable-xxhdpi/photo_page_action_bar_background.png,372,182,,
apps,系统应用换肤,下载管理,【下载管理】投屏进度条,com.android.providers.downloads.ui,res/drawable-xxhdpi/projection_seekbar_progress.9.png,620,1,是,
apps,系统应用换肤,下载管理,【下载管理】扫码失败提示背景,com.android.providers.downloads.ui,res/drawable-xxhdpi/qr_error_bg.9.png,1,1,是,
apps,系统应用换肤,下载管理,【下载管理】色彩预览图,com.android.providers.downloads.ui,res/drawable-xxhdpi/screen_foreground.9.png,264,235,是,
apps,系统应用换肤,下载管理,【下载管理】秒表指针,com.android.providers.downloads.ui,res/drawable-xxhdpi/stopwatch_second_hand.png,39,870,,
apps,系统应用换肤,下载管理,【下载管理】应用窗口背景（整页）,com.android.providers.downloads.ui,res/drawable-xxhdpi/window_bg_light.9.png,1440,3200,是,★
apps,系统应用换肤,设置 · 深色 xxhdpi,【设置】account_unlogin_tip.png,com.android.settings,nightmode/res/drawable-xxhdpi/account_unlogin_tip.png,16,16,,
apps,系统应用换肤,设置 · 深色 xxhdpi,【设置】action_bar_back_dark.9.png,com.android.settings,nightmode/res/drawable-xxhdpi/action_bar_back_dark.9.png,28,28,是,
apps,系统应用换肤,设置 · 深色 xxhdpi,【设置】列表右箭头,com.android.settings,nightmode/res/drawable-xxhdpi/arrow_right.9.png,28,28,是,
apps,系统应用换肤,设置 · 深色 xxhdpi,【设置】上下箭头,com.android.settings,nightmode/res/drawable-xxhdpi/arrow_up_down.png,60,60,,
apps,系统应用换肤,设置 · 深色 xxhdpi,【设置】btn_bg_dark.9.png,com.android.settings,nightmode/res/drawable-xxhdpi/btn_bg_dark.9.png,124,124,是,
apps,系统应用换肤,设置 · 深色 xxhdpi,【设置】按钮背景,com.android.settings,nightmode/res/drawable-xxhdpi/btn_bg_light.9.png,124,124,是,
apps,系统应用换肤,设置 · 深色 xxhdpi,【设置】btn_bg_primary_dark.9.png,com.android.settings,nightmode/res/drawable-xxhdpi/btn_bg_primary_dark.9.png,124,124,是,
apps,系统应用换肤,设置 · 深色 xxhdpi,【设置】主按钮背景,com.android.settings,nightmode/res/drawable-xxhdpi/btn_bg_primary_light.9.png,124,124,是,
apps,系统应用换肤,设置 · 深色 xxhdpi,【设置】气泡-左,com.android.settings,nightmode/res/drawable-xxhdpi/bubble_left.9.png,124,124,是,
apps,系统应用换肤,设置 · 深色 xxhdpi,【设置】气泡-右,com.android.settings,nightmode/res/drawable-xxhdpi/bubble_right.9.png,124,124,是,
apps,系统应用换肤,设置 · 深色 xxhdpi,【设置】卡片选中圆角,com.android.settings,nightmode/res/drawable-xxhdpi/card_checked_corner.9.png,124,124,是,
apps,系统应用换肤,设置 · 深色 xxhdpi,【设置】卡片圆角背景,com.android.settings,nightmode/res/drawable-xxhdpi/card_shape_corner.9.png,124,124,是,
apps,系统应用换肤,设置 · 深色 xxhdpi,【设置】色彩预览图,com.android.settings,nightmode/res/drawable-xxhdpi/color_preview.png,1920,960,,
apps,系统应用换肤,设置 · 深色 xxhdpi,【设置】com_android_thememanager.png,com.android.settings,nightmode/res/drawable-xxhdpi/com_android_thememanager.png,84,84,,
apps,系统应用换肤,设置 · 深色 xxhdpi,【设置】drawable-xxhdpicom_android_thememanager.png,com.android.settings,nightmode/res/drawable-xxhdpi/drawable-xxhdpicom_android_thememanager.png,84,84,,
apps,系统应用换肤,设置 · 深色 xxhdpi,【设置】dynamic_item_icon.png,com.android.settings,nightmode/res/drawable-xxhdpi/dynamic_item_icon.png,67,66,,
apps,系统应用换肤,设置 · 深色 xxhdpi,【设置】输入框背景,com.android.settings,nightmode/res/drawable-xxhdpi/edit_text_bg_dark.9.png,200,130,是,
apps,系统应用换肤,设置 · 深色 xxhdpi,【设置】edit_text_search.png,com.android.settings,nightmode/res/drawable-xxhdpi/edit_text_search.png,114,42,,
apps,系统应用换肤,设置 · 深色 xxhdpi,【设置】font_settings_text_view_background.9.png,com.android.settings,nightmode/res/drawable-xxhdpi/font_settings_text_view_background.9.png,94,94,是,
apps,系统应用换肤,设置 · 深色 xxhdpi,【设置】gxzw_selected_rectangle.9.png,com.android.settings,nightmode/res/drawable-xxhdpi/gxzw_selected_rectangle.9.png,124,124,是,
apps,系统应用换肤,设置 · 深色 xxhdpi,【设置】healthy_use_device_icon.png,com.android.settings,nightmode/res/drawable-xxhdpi/healthy_use_device_icon.png,84,84,,
apps,系统应用换肤,设置 · 深色 xxhdpi,【设置】ic_account_settings.png,com.android.settings,nightmode/res/drawable-xxhdpi/ic_account_settings.png,84,84,,
apps,系统应用换肤,设置 · 深色 xxhdpi,【设置】ic_app_timer.png,com.android.settings,nightmode/res/drawable-xxhdpi/ic_app_timer.png,84,84,,
apps,系统应用换肤,设置 · 深色 xxhdpi,【设置】ic_battery_settings.png,com.android.settings,nightmode/res/drawable-xxhdpi/ic_battery_settings.png,84,84,,
apps,系统应用换肤,设置 · 深色 xxhdpi,【设置】ic_bluetooth_settings.png,com.android.settings,nightmode/res/drawable-xxhdpi/ic_bluetooth_settings.png,84,84,,
apps,系统应用换肤,设置 · 深色 xxhdpi,【设置】ic_bluetooth_unlock.png,com.android.settings,nightmode/res/drawable-xxhdpi/ic_bluetooth_unlock.png,100,100,,
apps,系统应用换肤,设置 · 深色 xxhdpi,【设置】ic_bugreport_settings.png,com.android.settings,nightmode/res/drawable-xxhdpi/ic_bugreport_settings.png,84,84,,
apps,系统应用换肤,设置 · 深色 xxhdpi,【设置】ic_calendar_ring.png,com.android.settings,nightmode/res/drawable-xxhdpi/ic_calendar_ring.png,95,95,,
apps,系统应用换肤,设置 · 深色 xxhdpi,【设置】ic_computer.png,com.android.settings,nightmode/res/drawable-xxhdpi/ic_computer.png,74,74,,
apps,系统应用换肤,设置 · 深色 xxhdpi,【设置】ic_device_connection.png,com.android.settings,nightmode/res/drawable-xxhdpi/ic_device_connection.png,84,84,,
apps,系统应用换肤,设置 · 深色 xxhdpi,【设置】ic_display_settings.png,com.android.settings,nightmode/res/drawable-xxhdpi/ic_display_settings.png,84,84,,
apps,系统应用换肤,设置 · 深色 xxhdpi,【设置】ic_google_settings.png,com.android.settings,nightmode/res/drawable-xxhdpi/ic_google_settings.png,84,84,,
apps,系统应用换肤,设置 · 深色 xxhdpi,【设置】ic_hyper_ai.png,com.android.settings,nightmode/res/drawable-xxhdpi/ic_hyper_ai.png,84,84,,
apps,系统应用换肤,设置 · 深色 xxhdpi,【设置】（WebP 资源）,com.android.settings,nightmode/res/drawable-xxhdpi/ic_hyper_ai.webp,84,84,,
apps,系统应用换肤,设置 · 深色 xxhdpi,【设置】ic_interconnection.png,com.android.settings,nightmode/res/drawable-xxhdpi/ic_interconnection.png,84,84,,
apps,系统应用换肤,设置 · 深色 xxhdpi,【设置】ic_minors_control.png,com.android.settings,nightmode/res/drawable-xxhdpi/ic_minors_control.png,84,84,,
apps,系统应用换肤,设置 · 深色 xxhdpi,【设置】ic_miui_home_settings.png,com.android.settings,nightmode/res/drawable-xxhdpi/ic_miui_home_settings.png,84,84,,
apps,系统应用换肤,设置 · 深色 xxhdpi,【设置】ic_mobile.png,com.android.settings,nightmode/res/drawable-xxhdpi/ic_mobile.png,74,74,,
apps,系统应用换肤,设置 · 深色 xxhdpi,【设置】ic_my_device.png,com.android.settings,nightmode/res/drawable-xxhdpi/ic_my_device.png,84,84,,
apps,系统应用换肤,设置 · 深色 xxhdpi,【设置】ic_notification_center.png,com.android.settings,nightmode/res/drawable-xxhdpi/ic_notification_center.png,84,84,,
apps,系统应用换肤,设置 · 深色 xxhdpi,【设置】ic_notification_ring.png,com.android.settings,nightmode/res/drawable-xxhdpi/ic_notification_ring.png,95,95,,
apps,系统应用换肤,设置 · 深色 xxhdpi,【设置】ic_other_advanced_settings.png,com.android.settings,nightmode/res/drawable-xxhdpi/ic_other_advanced_settings.png,84,84,,
apps,系统应用换肤,设置 · 深色 xxhdpi,【设置】ic_portable_wlan_hotspot_settings.png,com.android.settings,nightmode/res/drawable-xxhdpi/ic_portable_wlan_hotspot_settings.png,84,84,,
apps,系统应用换肤,设置 · 深色 xxhdpi,【设置】ic_privacy_protection.png,com.android.settings,nightmode/res/drawable-xxhdpi/ic_privacy_protection.png,84,84,,
apps,系统应用换肤,设置 · 深色 xxhdpi,【设置】ic_security_settings_settings.png,com.android.settings,nightmode/res/drawable-xxhdpi/ic_security_settings_settings.png,84,84,,
apps,系统应用换肤,设置 · 深色 xxhdpi,【设置】ic_settings_dualsim.png,com.android.settings,nightmode/res/drawable-xxhdpi/ic_settings_dualsim.png,84,84,,
apps,系统应用换肤,设置 · 深色 xxhdpi,【设置】ic_sound_settings.png,com.android.settings,nightmode/res/drawable-xxhdpi/ic_sound_settings.png,84,84,,
apps,系统应用换肤,设置 · 深色 xxhdpi,【设置】ic_system_app_settings.png,com.android.settings,nightmode/res/drawable-xxhdpi/ic_system_app_settings.png,84,84,,
apps,系统应用换肤,设置 · 深色 xxhdpi,【设置】ic_unlock_set_settings.png,com.android.settings,nightmode/res/drawable-xxhdpi/ic_unlock_set_settings.png,84,84,,
apps,系统应用换肤,设置 · 深色 xxhdpi,【设置】ic_usb_enable.png,com.android.settings,nightmode/res/drawable-xxhdpi/ic_usb_enable.png,74,74,,
apps,系统应用换肤,设置 · 深色 xxhdpi,【设置】ic_vpn.png,com.android.settings,nightmode/res/drawable-xxhdpi/ic_vpn.png,84,84,,
apps,系统应用换肤,设置 · 深色 xxhdpi,【设置】ic_wifi_settings.png,com.android.settings,nightmode/res/drawable-xxhdpi/ic_wifi_settings.png,84,84,,
apps,系统应用换肤,设置 · 深色 xxhdpi,【设置】（WebP 资源）,com.android.settings,nightmode/res/drawable-xxhdpi/image_dark_mode_top.webp,0,0,,
apps,系统应用换肤,设置 · 深色 xxhdpi,【设置】（WebP 资源）,com.android.settings,nightmode/res/drawable-xxhdpi/image_light_mode_top.webp,0,0,,
apps,系统应用换肤,设置 · 深色 xxhdpi,【设置】沉浸式窗口背景,com.android.settings,nightmode/res/drawable-xxhdpi/immersion_window_bg_dark.9.png,132,122,是,
apps,系统应用换肤,设置 · 深色 xxhdpi,【设置】input_method_clipboard_function_selected.png,com.android.settings,nightmode/res/drawable-xxhdpi/input_method_clipboard_function_selected.png,84,84,,
apps,系统应用换肤,设置 · 深色 xxhdpi,【设置】input_method_no_function_selected.png,com.android.settings,nightmode/res/drawable-xxhdpi/input_method_no_function_selected.png,84,84,,
apps,系统应用换肤,设置 · 深色 xxhdpi,【设置】input_method_switch_function_selected.png,com.android.settings,nightmode/res/drawable-xxhdpi/input_method_switch_function_selected.png,84,84,,
apps,系统应用换肤,设置 · 深色 xxhdpi,【设置】input_method_switch_keyboard_language_selected.png,com.android.settings,nightmode/res/drawable-xxhdpi/input_method_switch_keyboard_language_selected.png,84,84,,
apps,系统应用换肤,设置 · 深色 xxhdpi,【设置】input_method_switch_keyboard_type_selected.png,com.android.settings,nightmode/res/drawable-xxhdpi/input_method_switch_keyboard_type_selected.png,84,84,,
apps,系统应用换肤,设置 · 深色 xxhdpi,【设置】input_method_voice_function_selected.png,com.android.settings,nightmode/res/drawable-xxhdpi/input_method_voice_function_selected.png,84,84,,
apps,系统应用换肤,设置 · 深色 xxhdpi,【设置】input_method_xiaoai_function_selected.png,com.android.settings,nightmode/res/drawable-xxhdpi/input_method_xiaoai_function_selected.png,84,84,,
apps,系统应用换肤,设置 · 深色 xxhdpi,【设置】miuix_action_icon_back_dark.9.png,com.android.settings,nightmode/res/drawable-xxhdpi/miuix_action_icon_back_dark.9.png,28,28,是,
apps,系统应用换肤,设置 · 深色 xxhdpi,【设置】列表右箭头,com.android.settings,nightmode/res/drawable-xxhdpi/miuix_appcompat_arrow_right.png,28,28,,
apps,系统应用换肤,设置 · 深色 xxhdpi,【设置】miuix_appcompat_btn_bg_dialog_dark.9.png,com.android.settings,nightmode/res/drawable-xxhdpi/miuix_appcompat_btn_bg_dialog_dark.9.png,124,124,是,
apps,系统应用换肤,设置 · 深色 xxhdpi,【设置】miuix_appcompat_btn_bg_dialog_light.9.png,com.android.settings,nightmode/res/drawable-xxhdpi/miuix_appcompat_btn_bg_dialog_light.9.png,124,124,是,
apps,系统应用换肤,设置 · 深色 xxhdpi,【设置】miuix_appcompat_btn_bg_primary_dark.9.png,com.android.settings,nightmode/res/drawable-xxhdpi/miuix_appcompat_btn_bg_primary_dark.9.png,124,124,是,
apps,系统应用换肤,设置 · 深色 xxhdpi,【设置】主按钮背景,com.android.settings,nightmode/res/drawable-xxhdpi/miuix_appcompat_btn_bg_primary_light.9.png,124,124,是,
apps,系统应用换肤,设置 · 深色 xxhdpi,【设置】列表加载中占位背景,com.android.settings,nightmode/res/drawable-xxhdpi/miuix_appcompat_cloud_state_view_bg_dark.9.png,124,124,是,
apps,系统应用换肤,设置 · 深色 xxhdpi,【设置】列表加载中占位背景,com.android.settings,nightmode/res/drawable-xxhdpi/miuix_appcompat_cloud_state_view_bg_light.9.png,124,124,是,
apps,系统应用换肤,设置 · 深色 xxhdpi,【设置】miuix_appcompat_dialog_default_btn_bg_dark.9.png,com.android.settings,nightmode/res/drawable-xxhdpi/miuix_appcompat_dialog_default_btn_bg_dark.9.png,124,124,是,
apps,系统应用换肤,设置 · 深色 xxhdpi,【设置】对话框普通按钮,com.android.settings,nightmode/res/drawable-xxhdpi/miuix_appcompat_dialog_default_btn_bg_light.9.png,124,124,是,
apps,系统应用换肤,设置 · 深色 xxhdpi,【设置】miuix_appcompat_dialog_default_btn_bg_primary_dark.9.png,com.android.settings,nightmode/res/drawable-xxhdpi/miuix_appcompat_dialog_default_btn_bg_primary_dark.9.png,124,124,是,
apps,系统应用换肤,设置 · 深色 xxhdpi,【设置】miuix_appcompat_edit_text_clear_btn_dark.png,com.android.settings,nightmode/res/drawable-xxhdpi/miuix_appcompat_edit_text_clear_btn_dark.png,70,70,,
apps,系统应用换肤,设置 · 深色 xxhdpi,【设置】miuix_appcompat_edit_text_search_dark.png,com.android.settings,nightmode/res/drawable-xxhdpi/miuix_appcompat_edit_text_search_dark.png,114,42,,
apps,系统应用换肤,设置 · 深色 xxhdpi,【设置】miuix_appcompat_ic_edit_text_search.png,com.android.settings,nightmode/res/drawable-xxhdpi/miuix_appcompat_ic_edit_text_search.png,50,50,,
apps,系统应用换肤,设置 · 深色 xxhdpi,【设置】沉浸式窗口背景,com.android.settings,nightmode/res/drawable-xxhdpi/miuix_appcompat_immersion_window_bg_dark.9.png,132,122,是,
apps,系统应用换肤,设置 · 深色 xxhdpi,【设置】上下箭头,com.android.settings,nightmode/res/drawable-xxhdpi/miuix_compat_arrow_up_down_integrated.png,26,41,,
apps,系统应用换肤,设置 · 深色 xxhdpi,【设置】miuix_ic_preference_connected_bg.9.png,com.android.settings,nightmode/res/drawable-xxhdpi/miuix_ic_preference_connected_bg.9.png,307,244,是,
apps,系统应用换肤,设置 · 深色 xxhdpi,【设置】设置项图标背景,com.android.settings,nightmode/res/drawable-xxhdpi/miuix_ic_preference_disconnected_bg.9.png,136,136,是,
apps,系统应用换肤,设置 · 深色 xxhdpi,【设置】列表右箭头,com.android.settings,nightmode/res/drawable-xxhdpi/miuix_preference_arrow_right.png,28,28,,
apps,系统应用换肤,设置 · 深色 xxhdpi,【设置】设备卡片背景,com.android.settings,nightmode/res/drawable-xxhdpi/new_device_card_back_ground.9.png,124,124,是,
apps,系统应用换肤,设置 · 深色 xxhdpi,【设置】new_fingerprint_finish.png,com.android.settings,nightmode/res/drawable-xxhdpi/new_fingerprint_finish.png,388,388,,
apps,系统应用换肤,设置 · 深色 xxhdpi,【设置】（WebP 资源）,com.android.settings,nightmode/res/drawable-xxhdpi/paper_eyecare_image.webp,1920,960,,
apps,系统应用换肤,设置 · 深色 xxhdpi,【设置】points3_bg.png,com.android.settings,nightmode/res/drawable-xxhdpi/points3_bg.png,60,30,,
apps,系统应用换肤,设置 · 深色 xxhdpi,【设置】色彩预览图,com.android.settings,nightmode/res/drawable-xxhdpi/screen_color_preview.png,646,646,,
apps,系统应用换肤,设置 · 深色 xxhdpi,【设置】色彩预览图,com.android.settings,nightmode/res/drawable-xxhdpi/screen_foreground.9.png,720,370,是,
apps,系统应用换肤,设置 · 深色 xxhdpi,【设置】search_mode_edit_text_bg_dark.9.png,com.android.settings,nightmode/res/drawable-xxhdpi/search_mode_edit_text_bg_dark.9.png,754,163,是,
apps,系统应用换肤,设置 · 深色 xxhdpi,【设置】搜索框输入背景,com.android.settings,nightmode/res/drawable-xxhdpi/search_mode_edit_text_bg_light.9.png,754,163,是,
apps,系统应用换肤,设置 · 深色 xxhdpi,【设置】圆角背景,com.android.settings,nightmode/res/drawable-xxhdpi/shape_corner.9.png,596,596,是,
apps,系统应用换肤,设置 · 深色 xxhdpi,【设置】圆角背景,com.android.settings,nightmode/res/drawable-xxhdpi/shape_corner_matrix.9.png,124,124,是,
apps,系统应用换肤,设置 · 深色 xxhdpi,【设置】下拉菜单背景,com.android.settings,nightmode/res/drawable-xxhdpi/spinner_bg_drop_down_normal_dark.9.png,136,156,是,
apps,系统应用换肤,设置 · 深色 xxhdpi,【设置】下拉菜单背景,com.android.settings,nightmode/res/drawable-xxhdpi/spinner_bg_drop_down_pressed_dark.9.png,136,156,是,
apps,系统应用换肤,设置 · 深色 xxhdpi,【设置】transparent_layer.9.png,com.android.settings,nightmode/res/drawable-xxhdpi/transparent_layer.9.png,1,1,是,
apps,系统应用换肤,设置 · 深色 xxhdpi,【设置】usb_background_selected_view.9.png,com.android.settings,nightmode/res/drawable-xxhdpi/usb_background_selected_view.9.png,124,124,是,
apps,系统应用换肤,设置 · 深色 xxhdpi,【设置】visual_checkbox_border_layout_bg.9.png,com.android.settings,nightmode/res/drawable-xxhdpi/visual_checkbox_border_layout_bg.9.png,124,124,是,
apps,系统应用换肤,设置 · 深色 xxhdpi,【设置】window_bg_dark.9.png,com.android.settings,nightmode/res/drawable-xxhdpi/window_bg_dark.9.png,1078,2398,是,
apps,系统应用换肤,设置 · 深色 xxhdpi,【设置】xiaoai.png,com.android.settings,nightmode/res/drawable-xxhdpi/xiaoai.png,84,84,,
apps,系统应用换肤,设置 · 深色 xxhdpi,【设置】xiaomi_os_logo.9.png,com.android.settings,nightmode/res/drawable-xxhdpi/xiaomi_os_logo.9.png,864,482,是,
apps,系统应用换肤,设置,【设置】account_unlogin_tip.png,com.android.settings,res/drawable-xxhdpi/account_unlogin_tip.png,16,16,,
apps,系统应用换肤,设置,【设置】上下箭头,com.android.settings,res/drawable-xxhdpi/arrow_up_down.png,60,60,,
apps,系统应用换肤,设置,【设置】按钮背景,com.android.settings,res/drawable-xxhdpi/btn_bg_light.9.png,124,124,是,
apps,系统应用换肤,设置,【设置】主按钮背景,com.android.settings,res/drawable-xxhdpi/btn_bg_primary_light.9.png,124,124,是,★
apps,系统应用换肤,设置,【设置】气泡-左,com.android.settings,res/drawable-xxhdpi/bubble_left.9.png,124,124,是,
apps,系统应用换肤,设置,【设置】气泡-右,com.android.settings,res/drawable-xxhdpi/bubble_right.9.png,124,124,是,
apps,系统应用换肤,设置,【设置】卡片选中圆角,com.android.settings,res/drawable-xxhdpi/card_checked_corner.9.png,124,124,是,
apps,系统应用换肤,设置,【设置】卡片圆角背景,com.android.settings,res/drawable-xxhdpi/card_shape_corner.9.png,124,124,是,
apps,系统应用换肤,设置,【设置】色彩预览图,com.android.settings,res/drawable-xxhdpi/color_preview.png,1920,960,,
apps,系统应用换肤,设置,【设置】com_android_thememanager.png,com.android.settings,res/drawable-xxhdpi/com_android_thememanager.png,84,84,,
apps,系统应用换肤,设置,【设置】对话框背景,com.android.settings,res/drawable-xxhdpi/dialog_bg_light.9.png,1080,732,是,★
apps,系统应用换肤,设置,【设置】drawable-xxhdpicom_android_thememanager.png,com.android.settings,res/drawable-xxhdpi/drawable-xxhdpicom_android_thememanager.png,84,84,,
apps,系统应用换肤,设置,【设置】dynamic_item_icon.png,com.android.settings,res/drawable-xxhdpi/dynamic_item_icon.png,67,66,,
apps,系统应用换肤,设置,【设置】输入框背景,com.android.settings,res/drawable-xxhdpi/edit_text_bg_light.9.png,200,130,是,
apps,系统应用换肤,设置,【设置】edit_text_search.png,com.android.settings,res/drawable-xxhdpi/edit_text_search.png,114,42,,
apps,系统应用换肤,设置,【设置】font_settings_text_view_background.9.png,com.android.settings,res/drawable-xxhdpi/font_settings_text_view_background.9.png,94,94,是,
apps,系统应用换肤,设置,【设置】gxzw_selected_rectangle.9.png,com.android.settings,res/drawable-xxhdpi/gxzw_selected_rectangle.9.png,124,124,是,
apps,系统应用换肤,设置,【设置】healthy_use_device_icon.png,com.android.settings,res/drawable-xxhdpi/healthy_use_device_icon.png,84,84,,
apps,系统应用换肤,设置,【设置】ic_account_settings.png,com.android.settings,res/drawable-xxhdpi/ic_account_settings.png,84,84,,
apps,系统应用换肤,设置,【设置】ic_app_timer.png,com.android.settings,res/drawable-xxhdpi/ic_app_timer.png,84,84,,
apps,系统应用换肤,设置,【设置】ic_battery_settings.png,com.android.settings,res/drawable-xxhdpi/ic_battery_settings.png,84,84,,
apps,系统应用换肤,设置,【设置】ic_bluetooth_settings.png,com.android.settings,res/drawable-xxhdpi/ic_bluetooth_settings.png,84,84,,
apps,系统应用换肤,设置,【设置】ic_bluetooth_unlock.png,com.android.settings,res/drawable-xxhdpi/ic_bluetooth_unlock.png,100,100,,
apps,系统应用换肤,设置,【设置】ic_bugreport_settings.png,com.android.settings,res/drawable-xxhdpi/ic_bugreport_settings.png,84,84,,
apps,系统应用换肤,设置,【设置】ic_computer.png,com.android.settings,res/drawable-xxhdpi/ic_computer.png,74,74,,
apps,系统应用换肤,设置,【设置】ic_device_connection.png,com.android.settings,res/drawable-xxhdpi/ic_device_connection.png,84,84,,
apps,系统应用换肤,设置,【设置】ic_display_settings.png,com.android.settings,res/drawable-xxhdpi/ic_display_settings.png,84,84,,
apps,系统应用换肤,设置,【设置】ic_google_settings.png,com.android.settings,res/drawable-xxhdpi/ic_google_settings.png,84,84,,
apps,系统应用换肤,设置,【设置】ic_hyper_ai.png,com.android.settings,res/drawable-xxhdpi/ic_hyper_ai.png,84,84,,
apps,系统应用换肤,设置,【设置】（WebP 资源）,com.android.settings,res/drawable-xxhdpi/ic_hyper_ai.webp,84,84,,
apps,系统应用换肤,设置,【设置】ic_interconnection.png,com.android.settings,res/drawable-xxhdpi/ic_interconnection.png,84,84,,
apps,系统应用换肤,设置,【设置】ic_minors_control.png,com.android.settings,res/drawable-xxhdpi/ic_minors_control.png,84,84,,
apps,系统应用换肤,设置,【设置】ic_miui_home_settings.png,com.android.settings,res/drawable-xxhdpi/ic_miui_home_settings.png,84,84,,
apps,系统应用换肤,设置,【设置】ic_mobile.png,com.android.settings,res/drawable-xxhdpi/ic_mobile.png,74,74,,
apps,系统应用换肤,设置,【设置】ic_my_device.png,com.android.settings,res/drawable-xxhdpi/ic_my_device.png,84,84,,
apps,系统应用换肤,设置,【设置】ic_notification_center.png,com.android.settings,res/drawable-xxhdpi/ic_notification_center.png,84,84,,
apps,系统应用换肤,设置,【设置】ic_other_advanced_settings.png,com.android.settings,res/drawable-xxhdpi/ic_other_advanced_settings.png,84,84,,
apps,系统应用换肤,设置,【设置】ic_portable_wlan_hotspot_settings.png,com.android.settings,res/drawable-xxhdpi/ic_portable_wlan_hotspot_settings.png,84,84,,
apps,系统应用换肤,设置,【设置】ic_privacy_protection.png,com.android.settings,res/drawable-xxhdpi/ic_privacy_protection.png,84,84,,
apps,系统应用换肤,设置,【设置】ic_security_settings_settings.png,com.android.settings,res/drawable-xxhdpi/ic_security_settings_settings.png,84,84,,
apps,系统应用换肤,设置,【设置】ic_settings_dualsim.png,com.android.settings,res/drawable-xxhdpi/ic_settings_dualsim.png,84,84,,
apps,系统应用换肤,设置,【设置】ic_sound_settings.png,com.android.settings,res/drawable-xxhdpi/ic_sound_settings.png,84,84,,
apps,系统应用换肤,设置,【设置】ic_system_app_settings.png,com.android.settings,res/drawable-xxhdpi/ic_system_app_settings.png,84,84,,
apps,系统应用换肤,设置,【设置】ic_unlock_set_settings.png,com.android.settings,res/drawable-xxhdpi/ic_unlock_set_settings.png,84,84,,
apps,系统应用换肤,设置,【设置】ic_usb_enable.png,com.android.settings,res/drawable-xxhdpi/ic_usb_enable.png,74,74,,
apps,系统应用换肤,设置,【设置】ic_vpn.png,com.android.settings,res/drawable-xxhdpi/ic_vpn.png,84,84,,
apps,系统应用换肤,设置,【设置】ic_wifi_settings.png,com.android.settings,res/drawable-xxhdpi/ic_wifi_settings.png,84,84,,
apps,系统应用换肤,设置,【设置】（WebP 资源）,com.android.settings,res/drawable-xxhdpi/image_dark_mode_top.webp,0,0,,
apps,系统应用换肤,设置,【设置】（WebP 资源）,com.android.settings,res/drawable-xxhdpi/image_light_mode_top.webp,0,0,,
apps,系统应用换肤,设置,【设置】沉浸式窗口背景,com.android.settings,res/drawable-xxhdpi/immersion_window_bg_light.9.png,132,122,是,
apps,系统应用换肤,设置,【设置】input_method_clipboard_function_selected.png,com.android.settings,res/drawable-xxhdpi/input_method_clipboard_function_selected.png,84,84,,
apps,系统应用换肤,设置,【设置】input_method_no_function_selected.png,com.android.settings,res/drawable-xxhdpi/input_method_no_function_selected.png,84,84,,
apps,系统应用换肤,设置,【设置】input_method_switch_function_selected.png,com.android.settings,res/drawable-xxhdpi/input_method_switch_function_selected.png,84,84,,
apps,系统应用换肤,设置,【设置】input_method_switch_keyboard_language_selected.png,com.android.settings,res/drawable-xxhdpi/input_method_switch_keyboard_language_selected.png,84,84,,
apps,系统应用换肤,设置,【设置】input_method_switch_keyboard_type_selected.png,com.android.settings,res/drawable-xxhdpi/input_method_switch_keyboard_type_selected.png,84,84,,
apps,系统应用换肤,设置,【设置】input_method_voice_function_selected.png,com.android.settings,res/drawable-xxhdpi/input_method_voice_function_selected.png,84,84,,
apps,系统应用换肤,设置,【设置】input_method_xiaoai_function_selected.png,com.android.settings,res/drawable-xxhdpi/input_method_xiaoai_function_selected.png,84,84,,
apps,系统应用换肤,设置,【设置】列表右箭头,com.android.settings,res/drawable-xxhdpi/miuix_appcompat_arrow_right.png,28,28,,
apps,系统应用换肤,设置,【设置】miuix_appcompat_btn_bg_dialog_light.9.png,com.android.settings,res/drawable-xxhdpi/miuix_appcompat_btn_bg_dialog_light.9.png,124,124,是,
apps,系统应用换肤,设置,【设置】主按钮背景,com.android.settings,res/drawable-xxhdpi/miuix_appcompat_btn_bg_primary_light.9.png,124,124,是,★
apps,系统应用换肤,设置,【设置】列表加载中占位背景,com.android.settings,res/drawable-xxhdpi/miuix_appcompat_cloud_state_view_bg_light.9.png,124,124,是,
apps,系统应用换肤,设置,【设置】对话框背景,com.android.settings,res/drawable-xxhdpi/miuix_appcompat_dialog_bg_light.9.png,1080,732,是,★
apps,系统应用换肤,设置,【设置】对话框普通按钮,com.android.settings,res/drawable-xxhdpi/miuix_appcompat_dialog_default_btn_bg_light.9.png,124,124,是,
apps,系统应用换肤,设置,【设置】对话框主按钮,com.android.settings,res/drawable-xxhdpi/miuix_appcompat_dialog_default_btn_bg_primary_light.9.png,124,124,是,
apps,系统应用换肤,设置,【设置】圆角对话框背景,com.android.settings,res/drawable-xxhdpi/miuix_appcompat_dialog_round_bg_light.9.png,1080,732,是,
apps,系统应用换肤,设置,【设置】对话框标题栏背景,com.android.settings,res/drawable-xxhdpi/miuix_appcompat_dialog_title_bg_light.9.png,1080,732,是,
apps,系统应用换肤,设置,【设置】miuix_appcompat_edit_text_clear_btn_light.png,com.android.settings,res/drawable-xxhdpi/miuix_appcompat_edit_text_clear_btn_light.png,70,70,,
apps,系统应用换肤,设置,【设置】miuix_appcompat_edit_text_search_light.png,com.android.settings,res/drawable-xxhdpi/miuix_appcompat_edit_text_search_light.png,114,42,,
apps,系统应用换肤,设置,【设置】miuix_appcompat_ic_edit_text_search.png,com.android.settings,res/drawable-xxhdpi/miuix_appcompat_ic_edit_text_search.png,50,50,,
apps,系统应用换肤,设置,【设置】沉浸式窗口背景,com.android.settings,res/drawable-xxhdpi/miuix_appcompat_immersion_window_bg_light.9.png,132,122,是,
apps,系统应用换肤,设置,【设置】搜索输入框背景,com.android.settings,res/drawable-xxhdpi/miuix_appcompat_search_mode_input_bg_light.9.png,264,235,是,
apps,系统应用换肤,设置,【设置】miuix_appcompat_window_search_mask.9.png,com.android.settings,res/drawable-xxhdpi/miuix_appcompat_window_search_mask.9.png,8,18,是,
apps,系统应用换肤,设置,【设置】上下箭头,com.android.settings,res/drawable-xxhdpi/miuix_compat_arrow_up_down_integrated.png,26,41,,
apps,系统应用换肤,设置,【设置】miuix_ic_preference_connected_bg.9.png,com.android.settings,res/drawable-xxhdpi/miuix_ic_preference_connected_bg.9.png,307,244,是,
apps,系统应用换肤,设置,【设置】设置项图标背景,com.android.settings,res/drawable-xxhdpi/miuix_ic_preference_disconnected_bg.9.png,136,136,是,
apps,系统应用换肤,设置,【设置】列表右箭头,com.android.settings,res/drawable-xxhdpi/miuix_preference_arrow_right.png,28,28,,
apps,系统应用换肤,设置,【设置】设备卡片背景,com.android.settings,res/drawable-xxhdpi/new_device_card_back_ground.9.png,124,124,是,
apps,系统应用换肤,设置,【设置】new_fingerprint_finish.png,com.android.settings,res/drawable-xxhdpi/new_fingerprint_finish.png,388,388,,
apps,系统应用换肤,设置,【设置】（WebP 资源）,com.android.settings,res/drawable-xxhdpi/paper_eyecare_image.webp,1920,960,,
apps,系统应用换肤,设置,【设置】points3_bg.png,com.android.settings,res/drawable-xxhdpi/points3_bg.png,60,30,,
apps,系统应用换肤,设置,【设置】色彩预览图,com.android.settings,res/drawable-xxhdpi/screen_color_preview.png,646,646,,
apps,系统应用换肤,设置,【设置】色彩预览图,com.android.settings,res/drawable-xxhdpi/screen_foreground.9.png,720,370,是,
apps,系统应用换肤,设置,【设置】搜索框输入背景,com.android.settings,res/drawable-xxhdpi/search_mode_edit_text_bg_light.9.png,754,163,是,
apps,系统应用换肤,设置,【设置】圆角背景,com.android.settings,res/drawable-xxhdpi/shape_corner.9.png,596,596,是,
apps,系统应用换肤,设置,【设置】圆角背景,com.android.settings,res/drawable-xxhdpi/shape_corner_matrix.9.png,124,124,是,
apps,系统应用换肤,设置,【设置】下拉菜单背景,com.android.settings,res/drawable-xxhdpi/spinner_bg_drop_down_normal_light.9.png,136,156,是,
apps,系统应用换肤,设置,【设置】下拉菜单背景,com.android.settings,res/drawable-xxhdpi/spinner_bg_drop_down_pressed_light.9.png,136,156,是,
apps,系统应用换肤,设置,【设置】transparent_layer.9.png,com.android.settings,res/drawable-xxhdpi/transparent_layer.9.png,1,1,是,
apps,系统应用换肤,设置,【设置】usb_background_selected_view.9.png,com.android.settings,res/drawable-xxhdpi/usb_background_selected_view.9.png,124,124,是,
apps,系统应用换肤,设置,【设置】visual_checkbox_border_layout_bg.9.png,com.android.settings,res/drawable-xxhdpi/visual_checkbox_border_layout_bg.9.png,124,124,是,
apps,系统应用换肤,设置,【设置】应用窗口背景（整页）,com.android.settings,res/drawable-xxhdpi/window_bg_light.9.png,1078,2398,是,★
apps,系统应用换肤,设置,【设置】xiaoai.png,com.android.settings,res/drawable-xxhdpi/xiaoai.png,84,84,,
apps,系统应用换肤,设置,【设置】xiaomi_os_logo.9.png,com.android.settings,res/drawable-xxhdpi/xiaomi_os_logo.9.png,864,482,是,
apps,系统应用换肤,录音机,【录音机】应用窗口背景（整页）,com.android.soundrecorder,framework-miui-res/res/drawable-xxhdpi/window_bg_light.9.png,1078,2398,是,★
apps,系统应用换肤,录音机,【录音机】应用窗口背景（整页）,com.android.soundrecorder,res/drawable-xxhdpi/miuix_appcompat_window_bg_light.9.png,1078,2398,是,★
apps,系统应用换肤,录音机,【录音机】shape_window_bg.9.png,com.android.soundrecorder,res/drawable-xxhdpi/shape_window_bg.9.png,1078,2398,是,
apps,系统应用换肤,录音机,【录音机】应用窗口背景（整页）,com.android.soundrecorder,res/drawable-xxhdpi/window_bg_light.9.png,1078,2398,是,★
shade,下拉通知栏,系统界面(SystemUI) · 深色 nxhdpi,清除全部按钮（深色）,com.android.systemui,nightmode/res/drawable-nxhdpi/btn_clear_all.png,260,260,,
framework,全局系统控件,系统界面(SystemUI) · 深色 nxhdpi,人脸解锁动画（失败，深色）,com.android.systemui,nightmode/res/drawable-nxhdpi/face_unlock_black_error0.png,78,78,,
framework,全局系统控件,系统界面(SystemUI) · 深色 nxhdpi,人脸解锁动画（失败，深色）,com.android.systemui,nightmode/res/drawable-nxhdpi/face_unlock_black_error1.png,78,78,,
framework,全局系统控件,系统界面(SystemUI) · 深色 nxhdpi,人脸解锁动画（失败，深色）,com.android.systemui,nightmode/res/drawable-nxhdpi/face_unlock_black_error10.png,78,78,,
framework,全局系统控件,系统界面(SystemUI) · 深色 nxhdpi,人脸解锁动画（失败，深色）,com.android.systemui,nightmode/res/drawable-nxhdpi/face_unlock_black_error11.png,78,78,,
framework,全局系统控件,系统界面(SystemUI) · 深色 nxhdpi,人脸解锁动画（失败，深色）,com.android.systemui,nightmode/res/drawable-nxhdpi/face_unlock_black_error12.png,78,78,,
framework,全局系统控件,系统界面(SystemUI) · 深色 nxhdpi,人脸解锁动画（失败，深色）,com.android.systemui,nightmode/res/drawable-nxhdpi/face_unlock_black_error13.png,78,78,,
framework,全局系统控件,系统界面(SystemUI) · 深色 nxhdpi,人脸解锁动画（失败，深色）,com.android.systemui,nightmode/res/drawable-nxhdpi/face_unlock_black_error14.png,78,78,,
framework,全局系统控件,系统界面(SystemUI) · 深色 nxhdpi,人脸解锁动画（失败，深色）,com.android.systemui,nightmode/res/drawable-nxhdpi/face_unlock_black_error15.png,78,78,,
framework,全局系统控件,系统界面(SystemUI) · 深色 nxhdpi,人脸解锁动画（失败，深色）,com.android.systemui,nightmode/res/drawable-nxhdpi/face_unlock_black_error16.png,78,78,,
framework,全局系统控件,系统界面(SystemUI) · 深色 nxhdpi,人脸解锁动画（失败，深色）,com.android.systemui,nightmode/res/drawable-nxhdpi/face_unlock_black_error17.png,78,78,,
framework,全局系统控件,系统界面(SystemUI) · 深色 nxhdpi,人脸解锁动画（失败，深色）,com.android.systemui,nightmode/res/drawable-nxhdpi/face_unlock_black_error18.png,78,78,,
framework,全局系统控件,系统界面(SystemUI) · 深色 nxhdpi,人脸解锁动画（失败，深色）,com.android.systemui,nightmode/res/drawable-nxhdpi/face_unlock_black_error19.png,78,78,,
framework,全局系统控件,系统界面(SystemUI) · 深色 nxhdpi,人脸解锁动画（失败，深色）,com.android.systemui,nightmode/res/drawable-nxhdpi/face_unlock_black_error2.png,78,78,,
framework,全局系统控件,系统界面(SystemUI) · 深色 nxhdpi,人脸解锁动画（失败，深色）,com.android.systemui,nightmode/res/drawable-nxhdpi/face_unlock_black_error20.png,78,78,,
framework,全局系统控件,系统界面(SystemUI) · 深色 nxhdpi,人脸解锁动画（失败，深色）,com.android.systemui,nightmode/res/drawable-nxhdpi/face_unlock_black_error21.png,78,78,,
framework,全局系统控件,系统界面(SystemUI) · 深色 nxhdpi,人脸解锁动画（失败，深色）,com.android.systemui,nightmode/res/drawable-nxhdpi/face_unlock_black_error22.png,78,78,,
framework,全局系统控件,系统界面(SystemUI) · 深色 nxhdpi,人脸解锁动画（失败，深色）,com.android.systemui,nightmode/res/drawable-nxhdpi/face_unlock_black_error23.png,78,78,,
framework,全局系统控件,系统界面(SystemUI) · 深色 nxhdpi,人脸解锁动画（失败，深色）,com.android.systemui,nightmode/res/drawable-nxhdpi/face_unlock_black_error24.png,78,78,,
framework,全局系统控件,系统界面(SystemUI) · 深色 nxhdpi,人脸解锁动画（失败，深色）,com.android.systemui,nightmode/res/drawable-nxhdpi/face_unlock_black_error25.png,78,78,,
framework,全局系统控件,系统界面(SystemUI) · 深色 nxhdpi,人脸解锁动画（失败，深色）,com.android.systemui,nightmode/res/drawable-nxhdpi/face_unlock_black_error26.png,78,78,,
framework,全局系统控件,系统界面(SystemUI) · 深色 nxhdpi,人脸解锁动画（失败，深色）,com.android.systemui,nightmode/res/drawable-nxhdpi/face_unlock_black_error27.png,78,78,,
framework,全局系统控件,系统界面(SystemUI) · 深色 nxhdpi,人脸解锁动画（失败，深色）,com.android.systemui,nightmode/res/drawable-nxhdpi/face_unlock_black_error28.png,78,78,,
framework,全局系统控件,系统界面(SystemUI) · 深色 nxhdpi,人脸解锁动画（失败，深色）,com.android.systemui,nightmode/res/drawable-nxhdpi/face_unlock_black_error29.png,78,78,,
framework,全局系统控件,系统界面(SystemUI) · 深色 nxhdpi,人脸解锁动画（失败，深色）,com.android.systemui,nightmode/res/drawable-nxhdpi/face_unlock_black_error3.png,78,78,,
framework,全局系统控件,系统界面(SystemUI) · 深色 nxhdpi,人脸解锁动画（失败，深色）,com.android.systemui,nightmode/res/drawable-nxhdpi/face_unlock_black_error30.png,78,78,,
framework,全局系统控件,系统界面(SystemUI) · 深色 nxhdpi,人脸解锁动画（失败，深色）,com.android.systemui,nightmode/res/drawable-nxhdpi/face_unlock_black_error4.png,78,78,,
framework,全局系统控件,系统界面(SystemUI) · 深色 nxhdpi,人脸解锁动画（失败，深色）,com.android.systemui,nightmode/res/drawable-nxhdpi/face_unlock_black_error5.png,78,78,,
framework,全局系统控件,系统界面(SystemUI) · 深色 nxhdpi,人脸解锁动画（失败，深色）,com.android.systemui,nightmode/res/drawable-nxhdpi/face_unlock_black_error6.png,78,78,,
framework,全局系统控件,系统界面(SystemUI) · 深色 nxhdpi,人脸解锁动画（失败，深色）,com.android.systemui,nightmode/res/drawable-nxhdpi/face_unlock_black_error7.png,78,78,,
framework,全局系统控件,系统界面(SystemUI) · 深色 nxhdpi,人脸解锁动画（失败，深色）,com.android.systemui,nightmode/res/drawable-nxhdpi/face_unlock_black_error8.png,78,78,,
framework,全局系统控件,系统界面(SystemUI) · 深色 nxhdpi,人脸解锁动画（失败，深色）,com.android.systemui,nightmode/res/drawable-nxhdpi/face_unlock_black_error9.png,78,78,,
framework,全局系统控件,系统界面(SystemUI) · 深色 nxhdpi,人脸解锁动画（成功，深色）,com.android.systemui,nightmode/res/drawable-nxhdpi/face_unlock_black_success0.png,78,78,,
framework,全局系统控件,系统界面(SystemUI) · 深色 nxhdpi,人脸解锁动画（成功，深色）,com.android.systemui,nightmode/res/drawable-nxhdpi/face_unlock_black_success1.png,78,78,,
framework,全局系统控件,系统界面(SystemUI) · 深色 nxhdpi,人脸解锁动画（成功，深色）,com.android.systemui,nightmode/res/drawable-nxhdpi/face_unlock_black_success10.png,78,78,,
framework,全局系统控件,系统界面(SystemUI) · 深色 nxhdpi,人脸解锁动画（成功，深色）,com.android.systemui,nightmode/res/drawable-nxhdpi/face_unlock_black_success11.png,78,78,,
framework,全局系统控件,系统界面(SystemUI) · 深色 nxhdpi,人脸解锁动画（成功，深色）,com.android.systemui,nightmode/res/drawable-nxhdpi/face_unlock_black_success12.png,78,78,,
framework,全局系统控件,系统界面(SystemUI) · 深色 nxhdpi,人脸解锁动画（成功，深色）,com.android.systemui,nightmode/res/drawable-nxhdpi/face_unlock_black_success13.png,78,78,,
framework,全局系统控件,系统界面(SystemUI) · 深色 nxhdpi,人脸解锁动画（成功，深色）,com.android.systemui,nightmode/res/drawable-nxhdpi/face_unlock_black_success14.png,78,78,,
framework,全局系统控件,系统界面(SystemUI) · 深色 nxhdpi,人脸解锁动画（成功，深色）,com.android.systemui,nightmode/res/drawable-nxhdpi/face_unlock_black_success15.png,78,78,,
framework,全局系统控件,系统界面(SystemUI) · 深色 nxhdpi,人脸解锁动画（成功，深色）,com.android.systemui,nightmode/res/drawable-nxhdpi/face_unlock_black_success16.png,78,78,,
framework,全局系统控件,系统界面(SystemUI) · 深色 nxhdpi,人脸解锁动画（成功，深色）,com.android.systemui,nightmode/res/drawable-nxhdpi/face_unlock_black_success17.png,78,78,,
framework,全局系统控件,系统界面(SystemUI) · 深色 nxhdpi,人脸解锁动画（成功，深色）,com.android.systemui,nightmode/res/drawable-nxhdpi/face_unlock_black_success18.png,78,78,,
framework,全局系统控件,系统界面(SystemUI) · 深色 nxhdpi,人脸解锁动画（成功，深色）,com.android.systemui,nightmode/res/drawable-nxhdpi/face_unlock_black_success19.png,78,78,,
framework,全局系统控件,系统界面(SystemUI) · 深色 nxhdpi,人脸解锁动画（成功，深色）,com.android.systemui,nightmode/res/drawable-nxhdpi/face_unlock_black_success2.png,78,78,,
framework,全局系统控件,系统界面(SystemUI) · 深色 nxhdpi,人脸解锁动画（成功，深色）,com.android.systemui,nightmode/res/drawable-nxhdpi/face_unlock_black_success20.png,78,78,,
framework,全局系统控件,系统界面(SystemUI) · 深色 nxhdpi,人脸解锁动画（成功，深色）,com.android.systemui,nightmode/res/drawable-nxhdpi/face_unlock_black_success21.png,78,78,,
framework,全局系统控件,系统界面(SystemUI) · 深色 nxhdpi,人脸解锁动画（成功，深色）,com.android.systemui,nightmode/res/drawable-nxhdpi/face_unlock_black_success22.png,78,78,,
framework,全局系统控件,系统界面(SystemUI) · 深色 nxhdpi,人脸解锁动画（成功，深色）,com.android.systemui,nightmode/res/drawable-nxhdpi/face_unlock_black_success23.png,78,78,,
framework,全局系统控件,系统界面(SystemUI) · 深色 nxhdpi,人脸解锁动画（成功，深色）,com.android.systemui,nightmode/res/drawable-nxhdpi/face_unlock_black_success24.png,78,78,,
framework,全局系统控件,系统界面(SystemUI) · 深色 nxhdpi,人脸解锁动画（成功，深色）,com.android.systemui,nightmode/res/drawable-nxhdpi/face_unlock_black_success3.png,78,78,,
framework,全局系统控件,系统界面(SystemUI) · 深色 nxhdpi,人脸解锁动画（成功，深色）,com.android.systemui,nightmode/res/drawable-nxhdpi/face_unlock_black_success4.png,78,78,,
framework,全局系统控件,系统界面(SystemUI) · 深色 nxhdpi,人脸解锁动画（成功，深色）,com.android.systemui,nightmode/res/drawable-nxhdpi/face_unlock_black_success5.png,78,78,,
framework,全局系统控件,系统界面(SystemUI) · 深色 nxhdpi,人脸解锁动画（成功，深色）,com.android.systemui,nightmode/res/drawable-nxhdpi/face_unlock_black_success6.png,78,78,,
framework,全局系统控件,系统界面(SystemUI) · 深色 nxhdpi,人脸解锁动画（成功，深色）,com.android.systemui,nightmode/res/drawable-nxhdpi/face_unlock_black_success7.png,78,78,,
framework,全局系统控件,系统界面(SystemUI) · 深色 nxhdpi,人脸解锁动画（成功，深色）,com.android.systemui,nightmode/res/drawable-nxhdpi/face_unlock_black_success8.png,78,78,,
framework,全局系统控件,系统界面(SystemUI) · 深色 nxhdpi,人脸解锁动画（成功，深色）,com.android.systemui,nightmode/res/drawable-nxhdpi/face_unlock_black_success9.png,78,78,,
framework,全局系统控件,系统界面(SystemUI) · 深色 nxhdpi,人脸解锁动画（失败，浅色）,com.android.systemui,nightmode/res/drawable-nxhdpi/face_unlock_error0.png,78,78,,
framework,全局系统控件,系统界面(SystemUI) · 深色 nxhdpi,人脸解锁动画（失败，浅色）,com.android.systemui,nightmode/res/drawable-nxhdpi/face_unlock_error1.png,78,78,,
framework,全局系统控件,系统界面(SystemUI) · 深色 nxhdpi,人脸解锁动画（失败，浅色）,com.android.systemui,nightmode/res/drawable-nxhdpi/face_unlock_error10.png,78,78,,
framework,全局系统控件,系统界面(SystemUI) · 深色 nxhdpi,人脸解锁动画（失败，浅色）,com.android.systemui,nightmode/res/drawable-nxhdpi/face_unlock_error11.png,78,78,,
framework,全局系统控件,系统界面(SystemUI) · 深色 nxhdpi,人脸解锁动画（失败，浅色）,com.android.systemui,nightmode/res/drawable-nxhdpi/face_unlock_error12.png,78,78,,
framework,全局系统控件,系统界面(SystemUI) · 深色 nxhdpi,人脸解锁动画（失败，浅色）,com.android.systemui,nightmode/res/drawable-nxhdpi/face_unlock_error13.png,78,78,,
framework,全局系统控件,系统界面(SystemUI) · 深色 nxhdpi,人脸解锁动画（失败，浅色）,com.android.systemui,nightmode/res/drawable-nxhdpi/face_unlock_error14.png,78,78,,
framework,全局系统控件,系统界面(SystemUI) · 深色 nxhdpi,人脸解锁动画（失败，浅色）,com.android.systemui,nightmode/res/drawable-nxhdpi/face_unlock_error15.png,78,78,,
framework,全局系统控件,系统界面(SystemUI) · 深色 nxhdpi,人脸解锁动画（失败，浅色）,com.android.systemui,nightmode/res/drawable-nxhdpi/face_unlock_error16.png,78,78,,
framework,全局系统控件,系统界面(SystemUI) · 深色 nxhdpi,人脸解锁动画（失败，浅色）,com.android.systemui,nightmode/res/drawable-nxhdpi/face_unlock_error17.png,78,78,,
framework,全局系统控件,系统界面(SystemUI) · 深色 nxhdpi,人脸解锁动画（失败，浅色）,com.android.systemui,nightmode/res/drawable-nxhdpi/face_unlock_error18.png,78,78,,
framework,全局系统控件,系统界面(SystemUI) · 深色 nxhdpi,人脸解锁动画（失败，浅色）,com.android.systemui,nightmode/res/drawable-nxhdpi/face_unlock_error19.png,78,78,,
framework,全局系统控件,系统界面(SystemUI) · 深色 nxhdpi,人脸解锁动画（失败，浅色）,com.android.systemui,nightmode/res/drawable-nxhdpi/face_unlock_error2.png,78,78,,
framework,全局系统控件,系统界面(SystemUI) · 深色 nxhdpi,人脸解锁动画（失败，浅色）,com.android.systemui,nightmode/res/drawable-nxhdpi/face_unlock_error20.png,78,78,,
framework,全局系统控件,系统界面(SystemUI) · 深色 nxhdpi,人脸解锁动画（失败，浅色）,com.android.systemui,nightmode/res/drawable-nxhdpi/face_unlock_error21.png,78,78,,
framework,全局系统控件,系统界面(SystemUI) · 深色 nxhdpi,人脸解锁动画（失败，浅色）,com.android.systemui,nightmode/res/drawable-nxhdpi/face_unlock_error22.png,78,78,,
framework,全局系统控件,系统界面(SystemUI) · 深色 nxhdpi,人脸解锁动画（失败，浅色）,com.android.systemui,nightmode/res/drawable-nxhdpi/face_unlock_error23.png,78,78,,
framework,全局系统控件,系统界面(SystemUI) · 深色 nxhdpi,人脸解锁动画（失败，浅色）,com.android.systemui,nightmode/res/drawable-nxhdpi/face_unlock_error24.png,78,78,,
framework,全局系统控件,系统界面(SystemUI) · 深色 nxhdpi,人脸解锁动画（失败，浅色）,com.android.systemui,nightmode/res/drawable-nxhdpi/face_unlock_error25.png,78,78,,
framework,全局系统控件,系统界面(SystemUI) · 深色 nxhdpi,人脸解锁动画（失败，浅色）,com.android.systemui,nightmode/res/drawable-nxhdpi/face_unlock_error26.png,78,78,,
framework,全局系统控件,系统界面(SystemUI) · 深色 nxhdpi,人脸解锁动画（失败，浅色）,com.android.systemui,nightmode/res/drawable-nxhdpi/face_unlock_error27.png,78,78,,
framework,全局系统控件,系统界面(SystemUI) · 深色 nxhdpi,人脸解锁动画（失败，浅色）,com.android.systemui,nightmode/res/drawable-nxhdpi/face_unlock_error28.png,78,78,,
framework,全局系统控件,系统界面(SystemUI) · 深色 nxhdpi,人脸解锁动画（失败，浅色）,com.android.systemui,nightmode/res/drawable-nxhdpi/face_unlock_error29.png,78,78,,
framework,全局系统控件,系统界面(SystemUI) · 深色 nxhdpi,人脸解锁动画（失败，浅色）,com.android.systemui,nightmode/res/drawable-nxhdpi/face_unlock_error3.png,78,78,,
framework,全局系统控件,系统界面(SystemUI) · 深色 nxhdpi,人脸解锁动画（失败，浅色）,com.android.systemui,nightmode/res/drawable-nxhdpi/face_unlock_error30.png,78,78,,
framework,全局系统控件,系统界面(SystemUI) · 深色 nxhdpi,人脸解锁动画（失败，浅色）,com.android.systemui,nightmode/res/drawable-nxhdpi/face_unlock_error4.png,78,78,,
framework,全局系统控件,系统界面(SystemUI) · 深色 nxhdpi,人脸解锁动画（失败，浅色）,com.android.systemui,nightmode/res/drawable-nxhdpi/face_unlock_error5.png,78,78,,
framework,全局系统控件,系统界面(SystemUI) · 深色 nxhdpi,人脸解锁动画（失败，浅色）,com.android.systemui,nightmode/res/drawable-nxhdpi/face_unlock_error6.png,78,78,,
framework,全局系统控件,系统界面(SystemUI) · 深色 nxhdpi,人脸解锁动画（失败，浅色）,com.android.systemui,nightmode/res/drawable-nxhdpi/face_unlock_error7.png,78,78,,
framework,全局系统控件,系统界面(SystemUI) · 深色 nxhdpi,人脸解锁动画（失败，浅色）,com.android.systemui,nightmode/res/drawable-nxhdpi/face_unlock_error8.png,78,78,,
framework,全局系统控件,系统界面(SystemUI) · 深色 nxhdpi,人脸解锁动画（失败，浅色）,com.android.systemui,nightmode/res/drawable-nxhdpi/face_unlock_error9.png,78,78,,
framework,全局系统控件,系统界面(SystemUI) · 深色 nxhdpi,人脸解锁动画（成功，浅色）,com.android.systemui,nightmode/res/drawable-nxhdpi/face_unlock_success0.png,78,78,,
framework,全局系统控件,系统界面(SystemUI) · 深色 nxhdpi,人脸解锁动画（成功，浅色）,com.android.systemui,nightmode/res/drawable-nxhdpi/face_unlock_success1.png,78,78,,
framework,全局系统控件,系统界面(SystemUI) · 深色 nxhdpi,人脸解锁动画（成功，浅色）,com.android.systemui,nightmode/res/drawable-nxhdpi/face_unlock_success10.png,78,78,,
framework,全局系统控件,系统界面(SystemUI) · 深色 nxhdpi,人脸解锁动画（成功，浅色）,com.android.systemui,nightmode/res/drawable-nxhdpi/face_unlock_success11.png,78,78,,
framework,全局系统控件,系统界面(SystemUI) · 深色 nxhdpi,人脸解锁动画（成功，浅色）,com.android.systemui,nightmode/res/drawable-nxhdpi/face_unlock_success12.png,78,78,,
framework,全局系统控件,系统界面(SystemUI) · 深色 nxhdpi,人脸解锁动画（成功，浅色）,com.android.systemui,nightmode/res/drawable-nxhdpi/face_unlock_success13.png,78,78,,
framework,全局系统控件,系统界面(SystemUI) · 深色 nxhdpi,人脸解锁动画（成功，浅色）,com.android.systemui,nightmode/res/drawable-nxhdpi/face_unlock_success14.png,78,78,,
framework,全局系统控件,系统界面(SystemUI) · 深色 nxhdpi,人脸解锁动画（成功，浅色）,com.android.systemui,nightmode/res/drawable-nxhdpi/face_unlock_success15.png,78,78,,
framework,全局系统控件,系统界面(SystemUI) · 深色 nxhdpi,人脸解锁动画（成功，浅色）,com.android.systemui,nightmode/res/drawable-nxhdpi/face_unlock_success16.png,78,78,,
framework,全局系统控件,系统界面(SystemUI) · 深色 nxhdpi,人脸解锁动画（成功，浅色）,com.android.systemui,nightmode/res/drawable-nxhdpi/face_unlock_success17.png,78,78,,
framework,全局系统控件,系统界面(SystemUI) · 深色 nxhdpi,人脸解锁动画（成功，浅色）,com.android.systemui,nightmode/res/drawable-nxhdpi/face_unlock_success18.png,78,78,,
framework,全局系统控件,系统界面(SystemUI) · 深色 nxhdpi,人脸解锁动画（成功，浅色）,com.android.systemui,nightmode/res/drawable-nxhdpi/face_unlock_success19.png,78,78,,
framework,全局系统控件,系统界面(SystemUI) · 深色 nxhdpi,人脸解锁动画（成功，浅色）,com.android.systemui,nightmode/res/drawable-nxhdpi/face_unlock_success2.png,78,78,,
framework,全局系统控件,系统界面(SystemUI) · 深色 nxhdpi,人脸解锁动画（成功，浅色）,com.android.systemui,nightmode/res/drawable-nxhdpi/face_unlock_success20.png,78,78,,
framework,全局系统控件,系统界面(SystemUI) · 深色 nxhdpi,人脸解锁动画（成功，浅色）,com.android.systemui,nightmode/res/drawable-nxhdpi/face_unlock_success21.png,78,78,,
framework,全局系统控件,系统界面(SystemUI) · 深色 nxhdpi,人脸解锁动画（成功，浅色）,com.android.systemui,nightmode/res/drawable-nxhdpi/face_unlock_success22.png,78,78,,
framework,全局系统控件,系统界面(SystemUI) · 深色 nxhdpi,人脸解锁动画（成功，浅色）,com.android.systemui,nightmode/res/drawable-nxhdpi/face_unlock_success23.png,78,78,,
framework,全局系统控件,系统界面(SystemUI) · 深色 nxhdpi,人脸解锁动画（成功，浅色）,com.android.systemui,nightmode/res/drawable-nxhdpi/face_unlock_success24.png,78,78,,
framework,全局系统控件,系统界面(SystemUI) · 深色 nxhdpi,人脸解锁动画（成功，浅色）,com.android.systemui,nightmode/res/drawable-nxhdpi/face_unlock_success3.png,78,78,,
framework,全局系统控件,系统界面(SystemUI) · 深色 nxhdpi,人脸解锁动画（成功，浅色）,com.android.systemui,nightmode/res/drawable-nxhdpi/face_unlock_success4.png,78,78,,
framework,全局系统控件,系统界面(SystemUI) · 深色 nxhdpi,人脸解锁动画（成功，浅色）,com.android.systemui,nightmode/res/drawable-nxhdpi/face_unlock_success5.png,78,78,,
framework,全局系统控件,系统界面(SystemUI) · 深色 nxhdpi,人脸解锁动画（成功，浅色）,com.android.systemui,nightmode/res/drawable-nxhdpi/face_unlock_success6.png,78,78,,
framework,全局系统控件,系统界面(SystemUI) · 深色 nxhdpi,人脸解锁动画（成功，浅色）,com.android.systemui,nightmode/res/drawable-nxhdpi/face_unlock_success7.png,78,78,,
framework,全局系统控件,系统界面(SystemUI) · 深色 nxhdpi,人脸解锁动画（成功，浅色）,com.android.systemui,nightmode/res/drawable-nxhdpi/face_unlock_success8.png,78,78,,
framework,全局系统控件,系统界面(SystemUI) · 深色 nxhdpi,人脸解锁动画（成功，浅色）,com.android.systemui,nightmode/res/drawable-nxhdpi/face_unlock_success9.png,78,78,,
controlcenter,控制中心,系统界面(SystemUI) · 深色 nxhdpi,控制中心自动亮度图标,com.android.systemui,nightmode/res/drawable-nxhdpi/ic_cc_qs_auto_brightness_off.png,130,130,,
controlcenter,控制中心,系统界面(SystemUI) · 深色 nxhdpi,控制中心自动亮度图标,com.android.systemui,nightmode/res/drawable-nxhdpi/ic_cc_qs_auto_brightness_on.png,130,130,,
controlcenter,控制中心,系统界面(SystemUI) · 深色 nxhdpi,【控制中心】开关底图,com.android.systemui,nightmode/res/drawable-nxhdpi/ic_cc_qs_bg_a.png,179,179,,
controlcenter,控制中心,系统界面(SystemUI) · 深色 nxhdpi,【控制中心】自动亮度开关-激活,com.android.systemui,nightmode/res/drawable-nxhdpi/ic_cc_qs_bg_active_auto_brightness.png,178,178,,
controlcenter,控制中心,系统界面(SystemUI) · 深色 nxhdpi,【控制中心】省电类开关-激活,com.android.systemui,nightmode/res/drawable-nxhdpi/ic_cc_qs_bg_active_battery_related.png,178,178,,
controlcenter,控制中心,系统界面(SystemUI) · 深色 nxhdpi,【控制中心】普通开关-激活,com.android.systemui,nightmode/res/drawable-nxhdpi/ic_cc_qs_bg_active_normal.png,178,178,,
controlcenter,控制中心,系统界面(SystemUI) · 深色 nxhdpi,【控制中心】开关-未激活,com.android.systemui,nightmode/res/drawable-nxhdpi/ic_cc_qs_bg_inactive.png,178,178,,
controlcenter,控制中心,系统界面(SystemUI) · 深色 nxhdpi,【控制中心】开关-未激活(备用),com.android.systemui,nightmode/res/drawable-nxhdpi/ic_cc_qs_bg_inacv.png,178,178,,
controlcenter,控制中心,系统界面(SystemUI) · 深色 nxhdpi,【控制中心】开关-不可用,com.android.systemui,nightmode/res/drawable-nxhdpi/ic_cc_qs_bg_unavailable.png,178,178,,
shade,下拉通知栏,系统界面(SystemUI) · 深色 nxhdpi,快捷开关背景-关闭,com.android.systemui,nightmode/res/drawable-nxhdpi/ic_qs_bg_disabled.9.png,178,178,是,
shade,下拉通知栏,系统界面(SystemUI) · 深色 nxhdpi,快捷开关背景-关闭,com.android.systemui,nightmode/res/drawable-nxhdpi/ic_qs_bg_disabled.png,178,178,,
shade,下拉通知栏,系统界面(SystemUI) · 深色 nxhdpi,快捷开关背景-开启,com.android.systemui,nightmode/res/drawable-nxhdpi/ic_qs_bg_enabled.9.png,178,178,是,
shade,下拉通知栏,系统界面(SystemUI) · 深色 nxhdpi,快捷开关背景-开启,com.android.systemui,nightmode/res/drawable-nxhdpi/ic_qs_bg_enabled.png,178,178,,
controlcenter,控制中心,系统界面(SystemUI) · 深色 nxhdpi,【控制中心】大磁贴背景 0,com.android.systemui,nightmode/res/drawable-nxhdpi/ic_qs_big_tile_bg_0.png,3366,1604,,
controlcenter,控制中心,系统界面(SystemUI) · 深色 nxhdpi,【控制中心】大磁贴背景 1,com.android.systemui,nightmode/res/drawable-nxhdpi/ic_qs_big_tile_bg_1.png,3366,1604,,
controlcenter,控制中心,系统界面(SystemUI) · 深色 nxhdpi,【控制中心】大磁贴背景 1_plugin,com.android.systemui,nightmode/res/drawable-nxhdpi/ic_qs_big_tile_bg_1_plugin.png,3366,1604,,
controlcenter,控制中心,系统界面(SystemUI) · 深色 nxhdpi,【控制中心】大磁贴背景 2,com.android.systemui,nightmode/res/drawable-nxhdpi/ic_qs_big_tile_bg_2.png,3366,1604,,
controlcenter,控制中心,系统界面(SystemUI) · 深色 nxhdpi,【控制中心】大磁贴背景 3,com.android.systemui,nightmode/res/drawable-nxhdpi/ic_qs_big_tile_bg_3.png,3366,1604,,
controlcenter,控制中心,系统界面(SystemUI) · 深色 nxhdpi,【控制中心】大磁贴背景 4,com.android.systemui,nightmode/res/drawable-nxhdpi/ic_qs_big_tile_bg_4.png,3366,1604,,
controlcenter,控制中心,系统界面(SystemUI) · 深色 nxhdpi,【控制中心】大磁贴背景 42,com.android.systemui,nightmode/res/drawable-nxhdpi/ic_qs_big_tile_bg_42.png,426,220,,
controlcenter,控制中心,系统界面(SystemUI) · 深色 nxhdpi,【控制中心】大磁贴-未激活 0,com.android.systemui,nightmode/res/drawable-nxhdpi/ic_qs_big_tile_bg_inactive_0.png,3366,1604,,
controlcenter,控制中心,系统界面(SystemUI) · 深色 nxhdpi,【控制中心】大磁贴-未激活 1,com.android.systemui,nightmode/res/drawable-nxhdpi/ic_qs_big_tile_bg_inactive_1.png,3366,1604,,
controlcenter,控制中心,系统界面(SystemUI) · 深色 nxhdpi,【控制中心】大磁贴-未激活 2,com.android.systemui,nightmode/res/drawable-nxhdpi/ic_qs_big_tile_bg_inactive_2.png,3366,1604,,
controlcenter,控制中心,系统界面(SystemUI) · 深色 nxhdpi,【控制中心】大磁贴-未激活 3,com.android.systemui,nightmode/res/drawable-nxhdpi/ic_qs_big_tile_bg_inactive_3.png,3366,1604,,
controlcenter,控制中心,系统界面(SystemUI) · 深色 nxhdpi,【控制中心】大磁贴-未激活 4,com.android.systemui,nightmode/res/drawable-nxhdpi/ic_qs_big_tile_bg_inactive_4.png,3366,1604,,
controlcenter,控制中心,系统界面(SystemUI) · 深色 nxhdpi,【控制中心】大磁贴-不可用 0,com.android.systemui,nightmode/res/drawable-nxhdpi/ic_qs_big_tile_bg_unavailable_0.png,3366,1604,,
controlcenter,控制中心,系统界面(SystemUI) · 深色 nxhdpi,【控制中心】大磁贴-不可用 1,com.android.systemui,nightmode/res/drawable-nxhdpi/ic_qs_big_tile_bg_unavailable_1.png,3366,1604,,
controlcenter,控制中心,系统界面(SystemUI) · 深色 nxhdpi,【控制中心】大磁贴-不可用 2,com.android.systemui,nightmode/res/drawable-nxhdpi/ic_qs_big_tile_bg_unavailable_2.png,3366,1604,,
controlcenter,控制中心,系统界面(SystemUI) · 深色 nxhdpi,【控制中心】大磁贴-不可用 3,com.android.systemui,nightmode/res/drawable-nxhdpi/ic_qs_big_tile_bg_unavailable_3.png,3366,1604,,
controlcenter,控制中心,系统界面(SystemUI) · 深色 nxhdpi,【控制中心】大磁贴-不可用 4,com.android.systemui,nightmode/res/drawable-nxhdpi/ic_qs_big_tile_bg_unavailable_4.png,3366,1604,,
shade,下拉通知栏,系统界面(SystemUI) · 深色 nxhdpi,亮度条-自动亮度,com.android.systemui,nightmode/res/drawable-nxhdpi/ic_qs_brightness_auto.png,64,64,,
shade,下拉通知栏,系统界面(SystemUI) · 深色 nxhdpi,亮度条-手动亮度,com.android.systemui,nightmode/res/drawable-nxhdpi/ic_qs_brightness_manual.png,64,64,,
statusbar,状态栏,系统界面(SystemUI) · 深色 nxhdpi,【状态栏】虚拟导航键·返回,com.android.systemui,nightmode/res/drawable-nxhdpi/ic_sysbar_back.png,72,72,,
statusbar,状态栏,系统界面(SystemUI) · 深色 nxhdpi,【状态栏】虚拟导航键·返回,com.android.systemui,nightmode/res/drawable-nxhdpi/ic_sysbar_back_darkmode.png,72,72,,
statusbar,状态栏,系统界面(SystemUI) · 深色 nxhdpi,【状态栏】虚拟导航键·返回（输入法收起）,com.android.systemui,nightmode/res/drawable-nxhdpi/ic_sysbar_back_ime.png,120,120,,
statusbar,状态栏,系统界面(SystemUI) · 深色 nxhdpi,【状态栏】虚拟导航键·返回（输入法收起）,com.android.systemui,nightmode/res/drawable-nxhdpi/ic_sysbar_back_ime_darkmode.png,120,120,,
statusbar,状态栏,系统界面(SystemUI) · 深色 nxhdpi,【状态栏】虚拟导航键·主页,com.android.systemui,nightmode/res/drawable-nxhdpi/ic_sysbar_home.png,100,72,,
statusbar,状态栏,系统界面(SystemUI) · 深色 nxhdpi,【状态栏】虚拟导航键·主页,com.android.systemui,nightmode/res/drawable-nxhdpi/ic_sysbar_home_darkmode.png,100,72,,
statusbar,状态栏,系统界面(SystemUI) · 深色 nxhdpi,【状态栏】虚拟导航键·多任务,com.android.systemui,nightmode/res/drawable-nxhdpi/ic_sysbar_recent.png,72,72,,
statusbar,状态栏,系统界面(SystemUI) · 深色 nxhdpi,【状态栏】虚拟导航键·多任务,com.android.systemui,nightmode/res/drawable-nxhdpi/ic_sysbar_recent_darkmode.png,72,72,,
statusbar,状态栏,系统界面(SystemUI) · 深色 nxhdpi,刘海屏设置图标,com.android.systemui,nightmode/res/drawable-nxhdpi/notch_settings_n.png,28,28,,
statusbar,状态栏,系统界面(SystemUI) · 深色 nxhdpi,刘海屏设置图标,com.android.systemui,nightmode/res/drawable-nxhdpi/notch_settings_p.png,28,28,,
shade,下拉通知栏,系统界面(SystemUI) · 深色 nxhdpi,悬浮通知背景,com.android.systemui,nightmode/res/drawable-nxhdpi/notification_heads_up_bg.9.png,307,244,是,
shade,下拉通知栏,系统界面(SystemUI) · 深色 nxhdpi,单条通知卡片背景,com.android.systemui,nightmode/res/drawable-nxhdpi/notification_item_bg.9.png,307,244,是,
shade,下拉通知栏,系统界面(SystemUI) · 深色 nxhdpi,通知面板管理图标,com.android.systemui,nightmode/res/drawable-nxhdpi/notification_panel_manage_icon.png,62,60,,
shade,下拉通知栏,系统界面(SystemUI) · 深色 nxhdpi,通知栏下拉面板背景,com.android.systemui,nightmode/res/drawable-nxhdpi/notification_panel_window_bg.9.png,1080,2400,是,
shade,下拉通知栏,系统界面(SystemUI) · 深色 nxhdpi,通知栏“清除全部”按钮,com.android.systemui,nightmode/res/drawable-nxhdpi/notifications_clear_all.png,250,250,,
shade,下拉通知栏,系统界面(SystemUI) · 深色 nxhdpi,notifications_panel_manage_icon.png,com.android.systemui,nightmode/res/drawable-nxhdpi/notifications_panel_manage_icon.png,68,68,,
shade,下拉通知栏,系统界面(SystemUI) · 深色 nxhdpi,快捷开关弹窗背景,com.android.systemui,nightmode/res/drawable-nxhdpi/panel_round_corner_bg.9.png,307,244,是,
shade,下拉通知栏,系统界面(SystemUI) · 深色 nxhdpi,大磁贴展开指示,com.android.systemui,nightmode/res/drawable-nxhdpi/qs_big_tile_expand_indicator.png,24,24,,
shade,下拉通知栏,系统界面(SystemUI) · 深色 nxhdpi,大磁贴展开指示,com.android.systemui,nightmode/res/drawable-nxhdpi/qs_big_tile_expand_indicator_dark.png,24,24,,
controlcenter,控制中心,系统界面(SystemUI) · 深色 nxhdpi,控制中心面板背景,com.android.systemui,nightmode/res/drawable-nxhdpi/qs_control_bg.9.png,1080,2400,是,
controlcenter,控制中心,系统界面(SystemUI) · 深色 nxhdpi,控制中心面板背景,com.android.systemui,nightmode/res/drawable-nxhdpi/qs_control_bg.93.png,1080,2400,,
controlcenter,控制中心,系统界面(SystemUI) · 深色 nxhdpi,控制中心面板背景,com.android.systemui,nightmode/res/drawable-nxhdpi/qs_control_bg.png,1080,2400,,
controlcenter,控制中心,系统界面(SystemUI) · 深色 nxhdpi,亮度条背景,com.android.systemui,nightmode/res/drawable-nxhdpi/qs_control_brightness_toggle_bg.9.png,714,192,是,
controlcenter,控制中心,系统界面(SystemUI) · 深色 nxhdpi,亮度条进度背景,com.android.systemui,nightmode/res/drawable-nxhdpi/qs_control_brightness_toggle_progress_bg.9.png,714,192,是,
controlcenter,控制中心,系统界面(SystemUI) · 深色 nxhdpi,低亮度护眼图案,com.android.systemui,nightmode/res/drawable-nxhdpi/qs_control_low_brightness.png,85,85,,
controlcenter,控制中心,系统界面(SystemUI) · 深色 nxhdpi,控制中心设置按钮,com.android.systemui,nightmode/res/drawable-nxhdpi/qs_control_settings.png,86,86,,
controlcenter,控制中心,系统界面(SystemUI) · 深色 nxhdpi,控制中心编辑按钮,com.android.systemui,nightmode/res/drawable-nxhdpi/qs_control_tiles_edit.png,86,86,,
shade,下拉通知栏,系统界面(SystemUI) · 深色 nxhdpi,快捷开关展开指示,com.android.systemui,nightmode/res/drawable-nxhdpi/qs_tile_expand_indicator.png,15,15,,
shade,下拉通知栏,系统界面(SystemUI) · 深色 nxhdpi,快捷开关展开指示,com.android.systemui,nightmode/res/drawable-nxhdpi/qs_tile_expand_indicator_dark.png,15,15,,
shade,下拉通知栏,系统界面(SystemUI) · 深色 nxhdpi,最近任务卡片背景,com.android.systemui,nightmode/res/drawable-nxhdpi/recent_task_bg.9.png,1080,2342,是,
statusbar,状态栏,系统界面(SystemUI) · 深色 nxhdpi,【状态栏】系统小图标,com.android.systemui,nightmode/res/drawable-nxhdpi/stat_sys_alarm.png,49,60,,
statusbar,状态栏,系统界面(SystemUI) · 深色 nxhdpi,【状态栏】系统小图标,com.android.systemui,nightmode/res/drawable-nxhdpi/stat_sys_bluetooth_handsfree_battery_1.png,69,55,,
statusbar,状态栏,系统界面(SystemUI) · 深色 nxhdpi,【状态栏】系统小图标,com.android.systemui,nightmode/res/drawable-nxhdpi/stat_sys_bluetooth_handsfree_battery_1_darkmode.png,69,55,,
statusbar,状态栏,系统界面(SystemUI) · 深色 nxhdpi,【状态栏】系统小图标,com.android.systemui,nightmode/res/drawable-nxhdpi/stat_sys_bluetooth_handsfree_battery_2.png,69,55,,
statusbar,状态栏,系统界面(SystemUI) · 深色 nxhdpi,【状态栏】系统小图标,com.android.systemui,nightmode/res/drawable-nxhdpi/stat_sys_bluetooth_handsfree_battery_2_darkmode.png,69,55,,
statusbar,状态栏,系统界面(SystemUI) · 深色 nxhdpi,【状态栏】系统小图标,com.android.systemui,nightmode/res/drawable-nxhdpi/stat_sys_bluetooth_handsfree_battery_3.png,69,55,,
statusbar,状态栏,系统界面(SystemUI) · 深色 nxhdpi,【状态栏】系统小图标,com.android.systemui,nightmode/res/drawable-nxhdpi/stat_sys_bluetooth_handsfree_battery_3_darkmode.png,69,55,,
statusbar,状态栏,系统界面(SystemUI) · 深色 nxhdpi,【状态栏】系统小图标,com.android.systemui,nightmode/res/drawable-nxhdpi/stat_sys_bluetooth_handsfree_battery_4.png,69,55,,
statusbar,状态栏,系统界面(SystemUI) · 深色 nxhdpi,【状态栏】系统小图标,com.android.systemui,nightmode/res/drawable-nxhdpi/stat_sys_bluetooth_handsfree_battery_4_darkmode.png,69,55,,
statusbar,状态栏,系统界面(SystemUI) · 深色 nxhdpi,【状态栏】系统小图标,com.android.systemui,nightmode/res/drawable-nxhdpi/stat_sys_bluetooth_handsfree_battery_5.png,69,55,,
statusbar,状态栏,系统界面(SystemUI) · 深色 nxhdpi,【状态栏】系统小图标,com.android.systemui,nightmode/res/drawable-nxhdpi/stat_sys_bluetooth_handsfree_battery_5_darkmode.png,69,55,,
statusbar,状态栏,系统界面(SystemUI) · 深色 nxhdpi,【状态栏】系统小图标,com.android.systemui,nightmode/res/drawable-nxhdpi/stat_sys_dual_gps_acquiring.png,41,56,,
statusbar,状态栏,系统界面(SystemUI) · 深色 nxhdpi,【状态栏】系统小图标,com.android.systemui,nightmode/res/drawable-nxhdpi/stat_sys_dual_gps_acquiring_darkmode.png,41,56,,
statusbar,状态栏,系统界面(SystemUI) · 深色 nxhdpi,【状态栏】系统小图标,com.android.systemui,nightmode/res/drawable-nxhdpi/stat_sys_dual_gps_on.png,41,56,,
statusbar,状态栏,系统界面(SystemUI) · 深色 nxhdpi,【状态栏】系统小图标,com.android.systemui,nightmode/res/drawable-nxhdpi/stat_sys_dual_gps_on_darkmode.png,41,56,,
statusbar,状态栏,系统界面(SystemUI) · 深色 nxhdpi,【状态栏】系统小图标,com.android.systemui,nightmode/res/drawable-nxhdpi/stat_sys_gps_acquiring.png,41,56,,
statusbar,状态栏,系统界面(SystemUI) · 深色 nxhdpi,【状态栏】系统小图标,com.android.systemui,nightmode/res/drawable-nxhdpi/stat_sys_gps_acquiring_darkmode.png,41,56,,
statusbar,状态栏,系统界面(SystemUI) · 深色 nxhdpi,【状态栏】系统小图标,com.android.systemui,nightmode/res/drawable-nxhdpi/stat_sys_gps_on.png,41,56,,
statusbar,状态栏,系统界面(SystemUI) · 深色 nxhdpi,【状态栏】系统小图标,com.android.systemui,nightmode/res/drawable-nxhdpi/stat_sys_gps_on_darkmode.png,41,56,,
statusbar,状态栏,系统界面(SystemUI) · 深色 nxhdpi,【状态栏】信号图标,com.android.systemui,nightmode/res/drawable-nxhdpi/stat_sys_signal.png,49,56,,
statusbar,状态栏,系统界面(SystemUI) · 深色 nxhdpi,【状态栏】信号格 0,com.android.systemui,nightmode/res/drawable-nxhdpi/stat_sys_signal_0.png,60,60,,
statusbar,状态栏,系统界面(SystemUI) · 深色 nxhdpi,【状态栏】信号格 （深色）,com.android.systemui,nightmode/res/drawable-nxhdpi/stat_sys_signal_0_darkmode.png,60,60,,
statusbar,状态栏,系统界面(SystemUI) · 深色 nxhdpi,【状态栏】信号格 .5,com.android.systemui,nightmode/res/drawable-nxhdpi/stat_sys_signal_0_half.png,55,16,,
statusbar,状态栏,系统界面(SystemUI) · 深色 nxhdpi,【状态栏】信号格 .5（深色）,com.android.systemui,nightmode/res/drawable-nxhdpi/stat_sys_signal_0_half_darkmode.png,55,16,,
statusbar,状态栏,系统界面(SystemUI) · 深色 nxhdpi,【状态栏】信号格 1,com.android.systemui,nightmode/res/drawable-nxhdpi/stat_sys_signal_1.png,60,60,,
statusbar,状态栏,系统界面(SystemUI) · 深色 nxhdpi,【状态栏】信号格 （深色）,com.android.systemui,nightmode/res/drawable-nxhdpi/stat_sys_signal_1_darkmode.png,60,60,,
statusbar,状态栏,系统界面(SystemUI) · 深色 nxhdpi,【状态栏】信号格 .5,com.android.systemui,nightmode/res/drawable-nxhdpi/stat_sys_signal_1_half.png,55,16,,
statusbar,状态栏,系统界面(SystemUI) · 深色 nxhdpi,【状态栏】信号格 .5,com.android.systemui,nightmode/res/drawable-nxhdpi/stat_sys_signal_1_half_darkmod.png,55,16,,
statusbar,状态栏,系统界面(SystemUI) · 深色 nxhdpi,【状态栏】信号格 .5（深色）,com.android.systemui,nightmode/res/drawable-nxhdpi/stat_sys_signal_1_half_darkmode.png,55,16,,
statusbar,状态栏,系统界面(SystemUI) · 深色 nxhdpi,【状态栏】信号格 2,com.android.systemui,nightmode/res/drawable-nxhdpi/stat_sys_signal_2.png,60,60,,
statusbar,状态栏,系统界面(SystemUI) · 深色 nxhdpi,【状态栏】信号格 （深色）,com.android.systemui,nightmode/res/drawable-nxhdpi/stat_sys_signal_2_darkmode.png,60,60,,
statusbar,状态栏,系统界面(SystemUI) · 深色 nxhdpi,【状态栏】信号格 .5,com.android.systemui,nightmode/res/drawable-nxhdpi/stat_sys_signal_2_half.png,55,16,,
statusbar,状态栏,系统界面(SystemUI) · 深色 nxhdpi,【状态栏】信号格 .5（深色）,com.android.systemui,nightmode/res/drawable-nxhdpi/stat_sys_signal_2_half_darkmode.png,55,16,,
statusbar,状态栏,系统界面(SystemUI) · 深色 nxhdpi,【状态栏】信号格 3,com.android.systemui,nightmode/res/drawable-nxhdpi/stat_sys_signal_3.png,60,60,,
statusbar,状态栏,系统界面(SystemUI) · 深色 nxhdpi,【状态栏】信号格 （深色）,com.android.systemui,nightmode/res/drawable-nxhdpi/stat_sys_signal_3_darkmode.png,60,60,,
statusbar,状态栏,系统界面(SystemUI) · 深色 nxhdpi,【状态栏】信号格 .5,com.android.systemui,nightmode/res/drawable-nxhdpi/stat_sys_signal_3_half.png,55,16,,
statusbar,状态栏,系统界面(SystemUI) · 深色 nxhdpi,【状态栏】信号格 .5（深色）,com.android.systemui,nightmode/res/drawable-nxhdpi/stat_sys_signal_3_half_darkmode.png,55,16,,
statusbar,状态栏,系统界面(SystemUI) · 深色 nxhdpi,【状态栏】信号格 4,com.android.systemui,nightmode/res/drawable-nxhdpi/stat_sys_signal_4.png,60,60,,
statusbar,状态栏,系统界面(SystemUI) · 深色 nxhdpi,【状态栏】信号格 （深色）,com.android.systemui,nightmode/res/drawable-nxhdpi/stat_sys_signal_4_darkmode.png,60,60,,
statusbar,状态栏,系统界面(SystemUI) · 深色 nxhdpi,【状态栏】信号格 .5,com.android.systemui,nightmode/res/drawable-nxhdpi/stat_sys_signal_4_half.png,55,16,,
statusbar,状态栏,系统界面(SystemUI) · 深色 nxhdpi,【状态栏】信号格 .5（深色）,com.android.systemui,nightmode/res/drawable-nxhdpi/stat_sys_signal_4_half_darkmode.png,55,16,,
statusbar,状态栏,系统界面(SystemUI) · 深色 nxhdpi,【状态栏】信号格 5,com.android.systemui,nightmode/res/drawable-nxhdpi/stat_sys_signal_5.png,60,60,,
statusbar,状态栏,系统界面(SystemUI) · 深色 nxhdpi,【状态栏】信号格 （深色）,com.android.systemui,nightmode/res/drawable-nxhdpi/stat_sys_signal_5_darkmode.png,60,60,,
statusbar,状态栏,系统界面(SystemUI) · 深色 nxhdpi,【状态栏】信号格 （深色）,com.android.systemui,nightmode/res/drawable-nxhdpi/stat_sys_signal_5_darkmode1.png,60,60,,
statusbar,状态栏,系统界面(SystemUI) · 深色 nxhdpi,【状态栏】信号格 （深色）,com.android.systemui,nightmode/res/drawable-nxhdpi/stat_sys_signal_5_darkmode2.png,60,60,,
statusbar,状态栏,系统界面(SystemUI) · 深色 nxhdpi,【状态栏】信号格 （深色）,com.android.systemui,nightmode/res/drawable-nxhdpi/stat_sys_signal_5_darkmode22.png,60,60,,
statusbar,状态栏,系统界面(SystemUI) · 深色 nxhdpi,【状态栏】信号格 （深色）,com.android.systemui,nightmode/res/drawable-nxhdpi/stat_sys_signal_5_darkmodew.png,65,60,,
statusbar,状态栏,系统界面(SystemUI) · 深色 nxhdpi,【状态栏】信号格 .5,com.android.systemui,nightmode/res/drawable-nxhdpi/stat_sys_signal_5_half.png,55,16,,
statusbar,状态栏,系统界面(SystemUI) · 深色 nxhdpi,【状态栏】信号格 .5（深色）,com.android.systemui,nightmode/res/drawable-nxhdpi/stat_sys_signal_5_half_darkmode.png,55,16,,
statusbar,状态栏,系统界面(SystemUI) · 深色 nxhdpi,【状态栏】数据网络图标,com.android.systemui,nightmode/res/drawable-nxhdpi/stat_sys_signal_data.png,20,60,,
statusbar,状态栏,系统界面(SystemUI) · 深色 nxhdpi,【状态栏】数据网络图标,com.android.systemui,nightmode/res/drawable-nxhdpi/stat_sys_signal_data_darkmode.png,20,60,,
statusbar,状态栏,系统界面(SystemUI) · 深色 nxhdpi,【状态栏】数据网络图标,com.android.systemui,nightmode/res/drawable-nxhdpi/stat_sys_signal_data_left.png,20,60,,
statusbar,状态栏,系统界面(SystemUI) · 深色 nxhdpi,【状态栏】数据网络图标,com.android.systemui,nightmode/res/drawable-nxhdpi/stat_sys_signal_data_left_darkmode.png,20,60,,
statusbar,状态栏,系统界面(SystemUI) · 深色 nxhdpi,【状态栏】数据上下行箭头,com.android.systemui,nightmode/res/drawable-nxhdpi/stat_sys_signal_dual_data.png,16,60,,
statusbar,状态栏,系统界面(SystemUI) · 深色 nxhdpi,【状态栏】数据上下行箭头,com.android.systemui,nightmode/res/drawable-nxhdpi/stat_sys_signal_dual_data_darkmode.png,16,60,,
statusbar,状态栏,系统界面(SystemUI) · 深色 nxhdpi,【状态栏】数据上下行箭头,com.android.systemui,nightmode/res/drawable-nxhdpi/stat_sys_signal_dual_in.png,16,60,,
statusbar,状态栏,系统界面(SystemUI) · 深色 nxhdpi,【状态栏】数据上下行箭头,com.android.systemui,nightmode/res/drawable-nxhdpi/stat_sys_signal_dual_in_darkmode.png,16,60,,
statusbar,状态栏,系统界面(SystemUI) · 深色 nxhdpi,【状态栏】数据上下行箭头,com.android.systemui,nightmode/res/drawable-nxhdpi/stat_sys_signal_dual_inout.png,16,60,,
statusbar,状态栏,系统界面(SystemUI) · 深色 nxhdpi,【状态栏】数据上下行箭头,com.android.systemui,nightmode/res/drawable-nxhdpi/stat_sys_signal_dual_inout_darkmode.png,16,60,,
statusbar,状态栏,系统界面(SystemUI) · 深色 nxhdpi,【状态栏】数据上下行箭头,com.android.systemui,nightmode/res/drawable-nxhdpi/stat_sys_signal_dual_out.png,16,60,,
statusbar,状态栏,系统界面(SystemUI) · 深色 nxhdpi,【状态栏】数据上下行箭头,com.android.systemui,nightmode/res/drawable-nxhdpi/stat_sys_signal_dual_out_darkmode.png,16,60,,
statusbar,状态栏,系统界面(SystemUI) · 深色 nxhdpi,【状态栏】信号状态图标,com.android.systemui,nightmode/res/drawable-nxhdpi/stat_sys_signal_flightmode.png,56,60,,
statusbar,状态栏,系统界面(SystemUI) · 深色 nxhdpi,【状态栏】信号状态图标,com.android.systemui,nightmode/res/drawable-nxhdpi/stat_sys_signal_flightmode_darkmode.png,56,60,,
statusbar,状态栏,系统界面(SystemUI) · 深色 nxhdpi,【状态栏】HD高清通话图标,com.android.systemui,nightmode/res/drawable-nxhdpi/stat_sys_signal_hd_big.png,46,61,,
statusbar,状态栏,系统界面(SystemUI) · 深色 nxhdpi,【状态栏】HD高清通话图标,com.android.systemui,nightmode/res/drawable-nxhdpi/stat_sys_signal_hd_big_darkmode.png,46,61,,
statusbar,状态栏,系统界面(SystemUI) · 深色 nxhdpi,【状态栏】HD高清通话图标,com.android.systemui,nightmode/res/drawable-nxhdpi/stat_sys_signal_hd_notch.png,1,1,,
statusbar,状态栏,系统界面(SystemUI) · 深色 nxhdpi,【状态栏】HD高清通话图标,com.android.systemui,nightmode/res/drawable-nxhdpi/stat_sys_signal_hd_notch_darkmode.png,1,1,,
statusbar,状态栏,系统界面(SystemUI) · 深色 nxhdpi,【状态栏】数据上下行箭头,com.android.systemui,nightmode/res/drawable-nxhdpi/stat_sys_signal_in.png,20,60,,
statusbar,状态栏,系统界面(SystemUI) · 深色 nxhdpi,【状态栏】数据上下行箭头,com.android.systemui,nightmode/res/drawable-nxhdpi/stat_sys_signal_in_darkmode.png,20,60,,
statusbar,状态栏,系统界面(SystemUI) · 深色 nxhdpi,【状态栏】数据上下行箭头,com.android.systemui,nightmode/res/drawable-nxhdpi/stat_sys_signal_in_half.png,62,16,,
statusbar,状态栏,系统界面(SystemUI) · 深色 nxhdpi,【状态栏】数据上下行箭头,com.android.systemui,nightmode/res/drawable-nxhdpi/stat_sys_signal_in_half_darkmode.png,62,16,,
statusbar,状态栏,系统界面(SystemUI) · 深色 nxhdpi,【状态栏】数据上下行箭头,com.android.systemui,nightmode/res/drawable-nxhdpi/stat_sys_signal_in_left.png,20,60,,
statusbar,状态栏,系统界面(SystemUI) · 深色 nxhdpi,【状态栏】数据上下行箭头,com.android.systemui,nightmode/res/drawable-nxhdpi/stat_sys_signal_in_left_darkmode.png,20,60,,
statusbar,状态栏,系统界面(SystemUI) · 深色 nxhdpi,【状态栏】数据上下行箭头,com.android.systemui,nightmode/res/drawable-nxhdpi/stat_sys_signal_inout.png,20,60,,
statusbar,状态栏,系统界面(SystemUI) · 深色 nxhdpi,【状态栏】数据上下行箭头,com.android.systemui,nightmode/res/drawable-nxhdpi/stat_sys_signal_inout_darkmode.png,20,60,,
statusbar,状态栏,系统界面(SystemUI) · 深色 nxhdpi,【状态栏】数据上下行箭头,com.android.systemui,nightmode/res/drawable-nxhdpi/stat_sys_signal_inout_half.png,62,16,,
statusbar,状态栏,系统界面(SystemUI) · 深色 nxhdpi,【状态栏】数据上下行箭头,com.android.systemui,nightmode/res/drawable-nxhdpi/stat_sys_signal_inout_half_darkmode.png,62,16,,
statusbar,状态栏,系统界面(SystemUI) · 深色 nxhdpi,【状态栏】数据上下行箭头,com.android.systemui,nightmode/res/drawable-nxhdpi/stat_sys_signal_inout_left.png,20,60,,
statusbar,状态栏,系统界面(SystemUI) · 深色 nxhdpi,【状态栏】数据上下行箭头,com.android.systemui,nightmode/res/drawable-nxhdpi/stat_sys_signal_inout_left_darkmode.png,20,60,,
statusbar,状态栏,系统界面(SystemUI) · 深色 nxhdpi,【状态栏】信号状态图标,com.android.systemui,nightmode/res/drawable-nxhdpi/stat_sys_signal_null.png,55,60,,
statusbar,状态栏,系统界面(SystemUI) · 深色 nxhdpi,【状态栏】信号状态图标,com.android.systemui,nightmode/res/drawable-nxhdpi/stat_sys_signal_null_darkmode.png,55,60,,
statusbar,状态栏,系统界面(SystemUI) · 深色 nxhdpi,【状态栏】信号状态图标,com.android.systemui,nightmode/res/drawable-nxhdpi/stat_sys_signal_null_half.png,55,16,,
statusbar,状态栏,系统界面(SystemUI) · 深色 nxhdpi,【状态栏】信号状态图标,com.android.systemui,nightmode/res/drawable-nxhdpi/stat_sys_signal_null_half_darkmode.png,55,16,,
statusbar,状态栏,系统界面(SystemUI) · 深色 nxhdpi,【状态栏】数据上下行箭头,com.android.systemui,nightmode/res/drawable-nxhdpi/stat_sys_signal_out.png,20,60,,
statusbar,状态栏,系统界面(SystemUI) · 深色 nxhdpi,【状态栏】数据上下行箭头,com.android.systemui,nightmode/res/drawable-nxhdpi/stat_sys_signal_out_darkmode.png,20,60,,
statusbar,状态栏,系统界面(SystemUI) · 深色 nxhdpi,【状态栏】数据上下行箭头,com.android.systemui,nightmode/res/drawable-nxhdpi/stat_sys_signal_out_half.png,62,16,,
statusbar,状态栏,系统界面(SystemUI) · 深色 nxhdpi,【状态栏】数据上下行箭头,com.android.systemui,nightmode/res/drawable-nxhdpi/stat_sys_signal_out_half_darkmode.png,62,16,,
statusbar,状态栏,系统界面(SystemUI) · 深色 nxhdpi,【状态栏】数据上下行箭头,com.android.systemui,nightmode/res/drawable-nxhdpi/stat_sys_signal_out_left.png,20,60,,
statusbar,状态栏,系统界面(SystemUI) · 深色 nxhdpi,【状态栏】数据上下行箭头,com.android.systemui,nightmode/res/drawable-nxhdpi/stat_sys_signal_out_left_darkmode.png,20,60,,
statusbar,状态栏,系统界面(SystemUI) · 深色 nxhdpi,【状态栏】信号状态图标,com.android.systemui,nightmode/res/drawable-nxhdpi/stat_sys_signal_upgrade.png,18,56,,
statusbar,状态栏,系统界面(SystemUI) · 深色 nxhdpi,【状态栏】信号状态图标,com.android.systemui,nightmode/res/drawable-nxhdpi/stat_sys_signal_upgrade_darkmode.png,18,56,,
statusbar,状态栏,系统界面(SystemUI) · 深色 nxhdpi,【状态栏】VoLTE图标,com.android.systemui,nightmode/res/drawable-nxhdpi/stat_sys_signal_volte.png,48,56,,
statusbar,状态栏,系统界面(SystemUI) · 深色 nxhdpi,【状态栏】VoLTE图标,com.android.systemui,nightmode/res/drawable-nxhdpi/stat_sys_signal_volte_darkmode.png,48,56,,
statusbar,状态栏,系统界面(SystemUI) · 深色 nxhdpi,【状态栏】系统小图标,com.android.systemui,nightmode/res/drawable-nxhdpi/stat_sys_sim_card_1.png,42,42,,
statusbar,状态栏,系统界面(SystemUI) · 深色 nxhdpi,【状态栏】系统小图标,com.android.systemui,nightmode/res/drawable-nxhdpi/stat_sys_sim_card_2.png,42,42,,
statusbar,状态栏,系统界面(SystemUI) · 深色 nxhdpi,【状态栏】副WiFi信号 ,com.android.systemui,nightmode/res/drawable-nxhdpi/stat_sys_slave_wifi_signal_0.png,60,56,,
statusbar,状态栏,系统界面(SystemUI) · 深色 nxhdpi,【状态栏】副WiFi信号 ,com.android.systemui,nightmode/res/drawable-nxhdpi/stat_sys_slave_wifi_signal_0_darkmode.png,60,56,,
statusbar,状态栏,系统界面(SystemUI) · 深色 nxhdpi,【状态栏】副WiFi信号 ,com.android.systemui,nightmode/res/drawable-nxhdpi/stat_sys_slave_wifi_signal_1.png,60,56,,
statusbar,状态栏,系统界面(SystemUI) · 深色 nxhdpi,【状态栏】副WiFi信号 ,com.android.systemui,nightmode/res/drawable-nxhdpi/stat_sys_slave_wifi_signal_1_darkmode.png,60,56,,
statusbar,状态栏,系统界面(SystemUI) · 深色 nxhdpi,【状态栏】副WiFi信号 ,com.android.systemui,nightmode/res/drawable-nxhdpi/stat_sys_slave_wifi_signal_2.png,60,56,,
statusbar,状态栏,系统界面(SystemUI) · 深色 nxhdpi,【状态栏】副WiFi信号 ,com.android.systemui,nightmode/res/drawable-nxhdpi/stat_sys_slave_wifi_signal_2_darkmode.png,60,56,,
statusbar,状态栏,系统界面(SystemUI) · 深色 nxhdpi,【状态栏】副WiFi信号 ,com.android.systemui,nightmode/res/drawable-nxhdpi/stat_sys_slave_wifi_signal_3.png,60,56,,
statusbar,状态栏,系统界面(SystemUI) · 深色 nxhdpi,【状态栏】副WiFi信号 ,com.android.systemui,nightmode/res/drawable-nxhdpi/stat_sys_slave_wifi_signal_3_darkmode.png,60,56,,
statusbar,状态栏,系统界面(SystemUI) · 深色 nxhdpi,【状态栏】副WiFi信号 ,com.android.systemui,nightmode/res/drawable-nxhdpi/stat_sys_slave_wifi_signal_4.png,60,56,,
statusbar,状态栏,系统界面(SystemUI) · 深色 nxhdpi,【状态栏】副WiFi信号 ,com.android.systemui,nightmode/res/drawable-nxhdpi/stat_sys_slave_wifi_signal_4_darkmode.png,62,56,,
statusbar,状态栏,系统界面(SystemUI) · 深色 nxhdpi,【状态栏】系统小图标,com.android.systemui,nightmode/res/drawable-nxhdpi/stat_sys_sos.png,56,56,,
statusbar,状态栏,系统界面(SystemUI) · 深色 nxhdpi,【状态栏】系统小图标,com.android.systemui,nightmode/res/drawable-nxhdpi/stat_sys_sos_darkmode.png,56,56,,
statusbar,状态栏,系统界面(SystemUI) · 深色 nxhdpi,【状态栏】系统小图标,com.android.systemui,nightmode/res/drawable-nxhdpi/stat_sys_speakerphone.png,48,56,,
statusbar,状态栏,系统界面(SystemUI) · 深色 nxhdpi,【状态栏】系统小图标,com.android.systemui,nightmode/res/drawable-nxhdpi/stat_sys_speakerphone_darkmode.png,48,56,,
statusbar,状态栏,系统界面(SystemUI) · 深色 nxhdpi,【状态栏】系统小图标,com.android.systemui,nightmode/res/drawable-nxhdpi/stat_sys_speech_hd.png,50,56,,
statusbar,状态栏,系统界面(SystemUI) · 深色 nxhdpi,【状态栏】系统小图标,com.android.systemui,nightmode/res/drawable-nxhdpi/stat_sys_speech_hd_darkmode.png,50,56,,
statusbar,状态栏,系统界面(SystemUI) · 深色 nxhdpi,【状态栏】系统小图标,com.android.systemui,nightmode/res/drawable-nxhdpi/stat_sys_sync_0.png,49,56,,
statusbar,状态栏,系统界面(SystemUI) · 深色 nxhdpi,【状态栏】系统小图标,com.android.systemui,nightmode/res/drawable-nxhdpi/stat_sys_sync_0_darkmode.png,49,56,,
statusbar,状态栏,系统界面(SystemUI) · 深色 nxhdpi,【状态栏】系统小图标,com.android.systemui,nightmode/res/drawable-nxhdpi/stat_sys_sync_1.png,49,56,,
statusbar,状态栏,系统界面(SystemUI) · 深色 nxhdpi,【状态栏】系统小图标,com.android.systemui,nightmode/res/drawable-nxhdpi/stat_sys_sync_1_darkmode.png,49,56,,
statusbar,状态栏,系统界面(SystemUI) · 深色 nxhdpi,【状态栏】系统小图标,com.android.systemui,nightmode/res/drawable-nxhdpi/stat_sys_sync_2.png,49,56,,
statusbar,状态栏,系统界面(SystemUI) · 深色 nxhdpi,【状态栏】系统小图标,com.android.systemui,nightmode/res/drawable-nxhdpi/stat_sys_sync_2_darkmode.png,49,56,,
statusbar,状态栏,系统界面(SystemUI) · 深色 nxhdpi,【状态栏】系统小图标,com.android.systemui,nightmode/res/drawable-nxhdpi/stat_sys_sync_3.png,49,56,,
statusbar,状态栏,系统界面(SystemUI) · 深色 nxhdpi,【状态栏】系统小图标,com.android.systemui,nightmode/res/drawable-nxhdpi/stat_sys_sync_3_darkmode.png,49,56,,
statusbar,状态栏,系统界面(SystemUI) · 深色 nxhdpi,【状态栏】系统小图标,com.android.systemui,nightmode/res/drawable-nxhdpi/stat_sys_sync_error.png,49,56,,
statusbar,状态栏,系统界面(SystemUI) · 深色 nxhdpi,【状态栏】系统小图标,com.android.systemui,nightmode/res/drawable-nxhdpi/stat_sys_sync_error_darkmode.png,49,56,,
statusbar,状态栏,系统界面(SystemUI) · 深色 nxhdpi,【状态栏】系统小图标,com.android.systemui,nightmode/res/drawable-nxhdpi/stat_sys_usb_share.png,39,56,,
statusbar,状态栏,系统界面(SystemUI) · 深色 nxhdpi,【状态栏】系统小图标,com.android.systemui,nightmode/res/drawable-nxhdpi/stat_sys_usb_share_darkmode.png,39,56,,
statusbar,状态栏,系统界面(SystemUI) · 深色 nxhdpi,【状态栏】系统小图标,com.android.systemui,nightmode/res/drawable-nxhdpi/stat_sys_volte.png,50,60,,
statusbar,状态栏,系统界面(SystemUI) · 深色 nxhdpi,【状态栏】系统小图标,com.android.systemui,nightmode/res/drawable-nxhdpi/stat_sys_volte_darkmode.png,50,60,,
statusbar,状态栏,系统界面(SystemUI) · 深色 nxhdpi,【状态栏】系统小图标,com.android.systemui,nightmode/res/drawable-nxhdpi/stat_sys_volte_no_service.png,44,56,,
statusbar,状态栏,系统界面(SystemUI) · 深色 nxhdpi,【状态栏】系统小图标,com.android.systemui,nightmode/res/drawable-nxhdpi/stat_sys_volte_no_service_darkmode.png,44,56,,
statusbar,状态栏,系统界面(SystemUI) · 深色 nxhdpi,【状态栏】系统小图标,com.android.systemui,nightmode/res/drawable-nxhdpi/stat_sys_vowifi.png,49,56,,
statusbar,状态栏,系统界面(SystemUI) · 深色 nxhdpi,【状态栏】系统小图标,com.android.systemui,nightmode/res/drawable-nxhdpi/stat_sys_vowifi_darkmode.png,49,56,,
statusbar,状态栏,系统界面(SystemUI) · 深色 nxhdpi,【状态栏】系统小图标,com.android.systemui,nightmode/res/drawable-nxhdpi/stat_sys_vpn.png,66,56,,
statusbar,状态栏,系统界面(SystemUI) · 深色 nxhdpi,【状态栏】系统小图标,com.android.systemui,nightmode/res/drawable-nxhdpi/stat_sys_vpn_darkmode.png,66,56,,
statusbar,状态栏,系统界面(SystemUI) · 深色 nxhdpi,【状态栏】WiFi状态图标,com.android.systemui,nightmode/res/drawable-nxhdpi/stat_sys_wifi_ap.png,64,60,,
statusbar,状态栏,系统界面(SystemUI) · 深色 nxhdpi,【状态栏】WiFi状态图标,com.android.systemui,nightmode/res/drawable-nxhdpi/stat_sys_wifi_ap_darkmode.png,64,60,,
statusbar,状态栏,系统界面(SystemUI) · 深色 nxhdpi,【状态栏】WiFi状态图标,com.android.systemui,nightmode/res/drawable-nxhdpi/stat_sys_wifi_ap_on.png,58,58,,
statusbar,状态栏,系统界面(SystemUI) · 深色 nxhdpi,【状态栏】WiFi状态图标,com.android.systemui,nightmode/res/drawable-nxhdpi/stat_sys_wifi_ap_on_darkmode.png,58,58,,
statusbar,状态栏,系统界面(SystemUI) · 深色 nxhdpi,【状态栏】WiFi状态图标,com.android.systemui,nightmode/res/drawable-nxhdpi/stat_sys_wifi_in.png,54,60,,
statusbar,状态栏,系统界面(SystemUI) · 深色 nxhdpi,【状态栏】WiFi状态图标,com.android.systemui,nightmode/res/drawable-nxhdpi/stat_sys_wifi_in_darkmode.png,54,60,,
statusbar,状态栏,系统界面(SystemUI) · 深色 nxhdpi,【状态栏】WiFi状态图标,com.android.systemui,nightmode/res/drawable-nxhdpi/stat_sys_wifi_inout.png,54,60,,
statusbar,状态栏,系统界面(SystemUI) · 深色 nxhdpi,【状态栏】WiFi状态图标,com.android.systemui,nightmode/res/drawable-nxhdpi/stat_sys_wifi_inout_darkmode.png,54,60,,
statusbar,状态栏,系统界面(SystemUI) · 深色 nxhdpi,【状态栏】WiFi状态图标,com.android.systemui,nightmode/res/drawable-nxhdpi/stat_sys_wifi_out.png,54,60,,
statusbar,状态栏,系统界面(SystemUI) · 深色 nxhdpi,【状态栏】WiFi状态图标,com.android.systemui,nightmode/res/drawable-nxhdpi/stat_sys_wifi_out_darkmode.png,54,60,,
statusbar,状态栏,系统界面(SystemUI) · 深色 nxhdpi,【状态栏】WiFi信号,com.android.systemui,nightmode/res/drawable-nxhdpi/stat_sys_wifi_signal_0.png,58,58,,
statusbar,状态栏,系统界面(SystemUI) · 深色 nxhdpi,【状态栏】WiFi信号,com.android.systemui,nightmode/res/drawable-nxhdpi/stat_sys_wifi_signal_0_darkmode.png,58,58,,
statusbar,状态栏,系统界面(SystemUI) · 深色 nxhdpi,【状态栏】WiFi信号,com.android.systemui,nightmode/res/drawable-nxhdpi/stat_sys_wifi_signal_1.png,58,58,,
statusbar,状态栏,系统界面(SystemUI) · 深色 nxhdpi,【状态栏】WiFi信号,com.android.systemui,nightmode/res/drawable-nxhdpi/stat_sys_wifi_signal_1_darkmode.png,58,58,,
statusbar,状态栏,系统界面(SystemUI) · 深色 nxhdpi,【状态栏】WiFi信号,com.android.systemui,nightmode/res/drawable-nxhdpi/stat_sys_wifi_signal_2.png,58,58,,
statusbar,状态栏,系统界面(SystemUI) · 深色 nxhdpi,【状态栏】WiFi信号,com.android.systemui,nightmode/res/drawable-nxhdpi/stat_sys_wifi_signal_2_darkmode.png,58,58,,
statusbar,状态栏,系统界面(SystemUI) · 深色 nxhdpi,【状态栏】WiFi信号,com.android.systemui,nightmode/res/drawable-nxhdpi/stat_sys_wifi_signal_3.png,58,58,,
statusbar,状态栏,系统界面(SystemUI) · 深色 nxhdpi,【状态栏】WiFi信号,com.android.systemui,nightmode/res/drawable-nxhdpi/stat_sys_wifi_signal_3_darkmode.png,58,58,,
statusbar,状态栏,系统界面(SystemUI) · 深色 nxhdpi,【状态栏】WiFi信号,com.android.systemui,nightmode/res/drawable-nxhdpi/stat_sys_wifi_signal_4.png,58,58,,
statusbar,状态栏,系统界面(SystemUI) · 深色 nxhdpi,【状态栏】WiFi信号,com.android.systemui,nightmode/res/drawable-nxhdpi/stat_sys_wifi_signal_4_darkmode.png,58,58,,
statusbar,状态栏,系统界面(SystemUI) · 深色 nxhdpi,【状态栏】WiFi信号,com.android.systemui,nightmode/res/drawable-nxhdpi/stat_sys_wifi_signal_null.png,58,58,,
statusbar,状态栏,系统界面(SystemUI) · 深色 nxhdpi,【状态栏】WiFi信号,com.android.systemui,nightmode/res/drawable-nxhdpi/stat_sys_wifi_signal_null_darkmode.png,58,58,,
statusbar,状态栏,系统界面(SystemUI) · 深色 nxhdpi,【状态栏】快捷开关图标,com.android.systemui,nightmode/res/drawable-nxhdpi/status_bar_toggle_battery_saver_off.png,130,130,,
statusbar,状态栏,系统界面(SystemUI) · 深色 nxhdpi,【状态栏】快捷开关图标,com.android.systemui,nightmode/res/drawable-nxhdpi/status_bar_toggle_battery_saver_on.png,130,130,,
statusbar,状态栏,系统界面(SystemUI) · 深色 nxhdpi,【状态栏】快捷开关图标,com.android.systemui,nightmode/res/drawable-nxhdpi/status_bar_toggle_bluetooth_off.png,130,130,,
statusbar,状态栏,系统界面(SystemUI) · 深色 nxhdpi,【状态栏】快捷开关图标,com.android.systemui,nightmode/res/drawable-nxhdpi/status_bar_toggle_bluetooth_on.png,130,130,,
statusbar,状态栏,系统界面(SystemUI) · 深色 nxhdpi,【状态栏】快捷开关图标,com.android.systemui,nightmode/res/drawable-nxhdpi/status_bar_toggle_brightness_auto.png,130,130,,
statusbar,状态栏,系统界面(SystemUI) · 深色 nxhdpi,【状态栏】快捷开关图标,com.android.systemui,nightmode/res/drawable-nxhdpi/status_bar_toggle_brightness_manual.png,130,130,,
statusbar,状态栏,系统界面(SystemUI) · 深色 nxhdpi,【状态栏】快捷开关图标,com.android.systemui,nightmode/res/drawable-nxhdpi/status_bar_toggle_cast_off.png,130,130,,
statusbar,状态栏,系统界面(SystemUI) · 深色 nxhdpi,【状态栏】快捷开关图标,com.android.systemui,nightmode/res/drawable-nxhdpi/status_bar_toggle_cast_on.png,130,130,,
statusbar,状态栏,系统界面(SystemUI) · 深色 nxhdpi,【状态栏】快捷开关图标,com.android.systemui,nightmode/res/drawable-nxhdpi/status_bar_toggle_edit_off.png,130,130,,
statusbar,状态栏,系统界面(SystemUI) · 深色 nxhdpi,【状态栏】快捷开关图标,com.android.systemui,nightmode/res/drawable-nxhdpi/status_bar_toggle_edit_on.png,130,130,,
statusbar,状态栏,系统界面(SystemUI) · 深色 nxhdpi,【状态栏】快捷开关图标,com.android.systemui,nightmode/res/drawable-nxhdpi/status_bar_toggle_flight_mode_off.png,130,130,,
statusbar,状态栏,系统界面(SystemUI) · 深色 nxhdpi,【状态栏】快捷开关图标,com.android.systemui,nightmode/res/drawable-nxhdpi/status_bar_toggle_flight_mode_on.png,130,130,,
statusbar,状态栏,系统界面(SystemUI) · 深色 nxhdpi,【状态栏】快捷开关图标,com.android.systemui,nightmode/res/drawable-nxhdpi/status_bar_toggle_gps_off.png,130,130,,
statusbar,状态栏,系统界面(SystemUI) · 深色 nxhdpi,【状态栏】快捷开关图标,com.android.systemui,nightmode/res/drawable-nxhdpi/status_bar_toggle_gps_on.png,130,130,,
statusbar,状态栏,系统界面(SystemUI) · 深色 nxhdpi,【状态栏】快捷开关图标,com.android.systemui,nightmode/res/drawable-nxhdpi/status_bar_toggle_lock.png,130,130,,
statusbar,状态栏,系统界面(SystemUI) · 深色 nxhdpi,【状态栏】快捷开关图标,com.android.systemui,nightmode/res/drawable-nxhdpi/status_bar_toggle_lock_on.png,130,130,,
statusbar,状态栏,系统界面(SystemUI) · 深色 nxhdpi,【状态栏】快捷开关图标,com.android.systemui,nightmode/res/drawable-nxhdpi/status_bar_toggle_midrop_off.png,131,131,,
statusbar,状态栏,系统界面(SystemUI) · 深色 nxhdpi,【状态栏】快捷开关图标,com.android.systemui,nightmode/res/drawable-nxhdpi/status_bar_toggle_midrop_on.png,131,131,,
statusbar,状态栏,系统界面(SystemUI) · 深色 nxhdpi,【状态栏】快捷开关图标,com.android.systemui,nightmode/res/drawable-nxhdpi/status_bar_toggle_mute_off.png,130,130,,
statusbar,状态栏,系统界面(SystemUI) · 深色 nxhdpi,【状态栏】快捷开关图标,com.android.systemui,nightmode/res/drawable-nxhdpi/status_bar_toggle_mute_on.png,130,130,,
statusbar,状态栏,系统界面(SystemUI) · 深色 nxhdpi,【状态栏】快捷开关图标,com.android.systemui,nightmode/res/drawable-nxhdpi/status_bar_toggle_off_bg.png,130,130,,
statusbar,状态栏,系统界面(SystemUI) · 深色 nxhdpi,【状态栏】快捷开关图标,com.android.systemui,nightmode/res/drawable-nxhdpi/status_bar_toggle_paper_mode_off.png,130,130,,
statusbar,状态栏,系统界面(SystemUI) · 深色 nxhdpi,【状态栏】快捷开关图标,com.android.systemui,nightmode/res/drawable-nxhdpi/status_bar_toggle_paper_mode_on.png,130,130,,
statusbar,状态栏,系统界面(SystemUI) · 深色 nxhdpi,【状态栏】快捷开关图标,com.android.systemui,nightmode/res/drawable-nxhdpi/status_bar_toggle_power_high_off.png,130,130,,
statusbar,状态栏,系统界面(SystemUI) · 深色 nxhdpi,【状态栏】快捷开关图标,com.android.systemui,nightmode/res/drawable-nxhdpi/status_bar_toggle_power_high_on.png,130,130,,
statusbar,状态栏,系统界面(SystemUI) · 深色 nxhdpi,【状态栏】快捷开关图标,com.android.systemui,nightmode/res/drawable-nxhdpi/status_bar_toggle_quiet_mode_off.png,130,130,,
statusbar,状态栏,系统界面(SystemUI) · 深色 nxhdpi,【状态栏】快捷开关图标,com.android.systemui,nightmode/res/drawable-nxhdpi/status_bar_toggle_quiet_mode_on.png,130,130,,
statusbar,状态栏,系统界面(SystemUI) · 深色 nxhdpi,【状态栏】快捷开关图标,com.android.systemui,nightmode/res/drawable-nxhdpi/status_bar_toggle_rotate_lock_off.png,130,130,,
statusbar,状态栏,系统界面(SystemUI) · 深色 nxhdpi,【状态栏】快捷开关图标,com.android.systemui,nightmode/res/drawable-nxhdpi/status_bar_toggle_rotate_lock_on.png,130,130,,
statusbar,状态栏,系统界面(SystemUI) · 深色 nxhdpi,【状态栏】快捷开关图标,com.android.systemui,nightmode/res/drawable-nxhdpi/status_bar_toggle_screen_button_disabled.png,130,130,,
statusbar,状态栏,系统界面(SystemUI) · 深色 nxhdpi,【状态栏】快捷开关图标,com.android.systemui,nightmode/res/drawable-nxhdpi/status_bar_toggle_screen_button_enabled.png,130,130,,
statusbar,状态栏,系统界面(SystemUI) · 深色 nxhdpi,【状态栏】快捷开关图标,com.android.systemui,nightmode/res/drawable-nxhdpi/status_bar_toggle_screenshot.png,130,130,,
statusbar,状态栏,系统界面(SystemUI) · 深色 nxhdpi,【状态栏】快捷开关图标,com.android.systemui,nightmode/res/drawable-nxhdpi/status_bar_toggle_screenshot_on.png,130,130,,
statusbar,状态栏,系统界面(SystemUI) · 深色 nxhdpi,【状态栏】快捷开关图标,com.android.systemui,nightmode/res/drawable-nxhdpi/status_bar_toggle_sync_off.png,63,63,,
statusbar,状态栏,系统界面(SystemUI) · 深色 nxhdpi,【状态栏】快捷开关图标,com.android.systemui,nightmode/res/drawable-nxhdpi/status_bar_toggle_sync_on.png,63,63,,
statusbar,状态栏,系统界面(SystemUI) · 深色 nxhdpi,【状态栏】快捷开关图标,com.android.systemui,nightmode/res/drawable-nxhdpi/status_bar_toggle_vibrate_off.png,131,131,,
statusbar,状态栏,系统界面(SystemUI) · 深色 nxhdpi,【状态栏】快捷开关图标,com.android.systemui,nightmode/res/drawable-nxhdpi/status_bar_toggle_vibrate_on.png,131,131,,
statusbar,状态栏,系统界面(SystemUI) · 深色 nxhdpi,【状态栏】快捷开关图标,com.android.systemui,nightmode/res/drawable-nxhdpi/status_bar_toggle_wifi_ap_off.png,130,130,,
statusbar,状态栏,系统界面(SystemUI) · 深色 nxhdpi,【状态栏】快捷开关图标,com.android.systemui,nightmode/res/drawable-nxhdpi/status_bar_toggle_wifi_ap_on.png,130,130,,
statusbar,状态栏,系统界面(SystemUI) · 深色 nxhdpi,WiFi详情页信号图标,com.android.systemui,nightmode/res/drawable-nxhdpi/wifi_detail_signal_0.png,58,40,,
statusbar,状态栏,系统界面(SystemUI) · 深色 nxhdpi,WiFi详情页信号图标,com.android.systemui,nightmode/res/drawable-nxhdpi/wifi_detail_signal_1.png,58,40,,
statusbar,状态栏,系统界面(SystemUI) · 深色 nxhdpi,WiFi详情页信号图标,com.android.systemui,nightmode/res/drawable-nxhdpi/wifi_detail_signal_2.png,58,40,,
statusbar,状态栏,系统界面(SystemUI) · 深色 nxhdpi,WiFi详情页信号图标,com.android.systemui,nightmode/res/drawable-nxhdpi/wifi_detail_signal_3.png,58,40,,
statusbar,状态栏,系统界面(SystemUI) · 深色 nxhdpi,WiFi详情页信号图标,com.android.systemui,nightmode/res/drawable-nxhdpi/wifi_detail_signal_4.png,58,40,,
shade,下拉通知栏,系统界面(SystemUI) · 深色 xxhdpi,清除全部按钮（深色）,com.android.systemui,nightmode/res/drawable-xxhdpi/btn_clear_all.png,260,260,,
framework,全局系统控件,系统界面(SystemUI) · 深色 xxhdpi,人脸解锁动画（失败，深色）,com.android.systemui,nightmode/res/drawable-xxhdpi/face_unlock_black_error0.png,78,78,,
framework,全局系统控件,系统界面(SystemUI) · 深色 xxhdpi,人脸解锁动画（失败，深色）,com.android.systemui,nightmode/res/drawable-xxhdpi/face_unlock_black_error1.png,78,78,,
framework,全局系统控件,系统界面(SystemUI) · 深色 xxhdpi,人脸解锁动画（失败，深色）,com.android.systemui,nightmode/res/drawable-xxhdpi/face_unlock_black_error10.png,78,78,,
framework,全局系统控件,系统界面(SystemUI) · 深色 xxhdpi,人脸解锁动画（失败，深色）,com.android.systemui,nightmode/res/drawable-xxhdpi/face_unlock_black_error11.png,78,78,,
framework,全局系统控件,系统界面(SystemUI) · 深色 xxhdpi,人脸解锁动画（失败，深色）,com.android.systemui,nightmode/res/drawable-xxhdpi/face_unlock_black_error12.png,78,78,,
framework,全局系统控件,系统界面(SystemUI) · 深色 xxhdpi,人脸解锁动画（失败，深色）,com.android.systemui,nightmode/res/drawable-xxhdpi/face_unlock_black_error13.png,78,78,,
framework,全局系统控件,系统界面(SystemUI) · 深色 xxhdpi,人脸解锁动画（失败，深色）,com.android.systemui,nightmode/res/drawable-xxhdpi/face_unlock_black_error14.png,78,78,,
framework,全局系统控件,系统界面(SystemUI) · 深色 xxhdpi,人脸解锁动画（失败，深色）,com.android.systemui,nightmode/res/drawable-xxhdpi/face_unlock_black_error15.png,78,78,,
framework,全局系统控件,系统界面(SystemUI) · 深色 xxhdpi,人脸解锁动画（失败，深色）,com.android.systemui,nightmode/res/drawable-xxhdpi/face_unlock_black_error16.png,78,78,,
framework,全局系统控件,系统界面(SystemUI) · 深色 xxhdpi,人脸解锁动画（失败，深色）,com.android.systemui,nightmode/res/drawable-xxhdpi/face_unlock_black_error17.png,78,78,,
framework,全局系统控件,系统界面(SystemUI) · 深色 xxhdpi,人脸解锁动画（失败，深色）,com.android.systemui,nightmode/res/drawable-xxhdpi/face_unlock_black_error18.png,78,78,,
framework,全局系统控件,系统界面(SystemUI) · 深色 xxhdpi,人脸解锁动画（失败，深色）,com.android.systemui,nightmode/res/drawable-xxhdpi/face_unlock_black_error19.png,78,78,,
framework,全局系统控件,系统界面(SystemUI) · 深色 xxhdpi,人脸解锁动画（失败，深色）,com.android.systemui,nightmode/res/drawable-xxhdpi/face_unlock_black_error2.png,78,78,,
framework,全局系统控件,系统界面(SystemUI) · 深色 xxhdpi,人脸解锁动画（失败，深色）,com.android.systemui,nightmode/res/drawable-xxhdpi/face_unlock_black_error20.png,78,78,,
framework,全局系统控件,系统界面(SystemUI) · 深色 xxhdpi,人脸解锁动画（失败，深色）,com.android.systemui,nightmode/res/drawable-xxhdpi/face_unlock_black_error21.png,78,78,,
framework,全局系统控件,系统界面(SystemUI) · 深色 xxhdpi,人脸解锁动画（失败，深色）,com.android.systemui,nightmode/res/drawable-xxhdpi/face_unlock_black_error22.png,78,78,,
framework,全局系统控件,系统界面(SystemUI) · 深色 xxhdpi,人脸解锁动画（失败，深色）,com.android.systemui,nightmode/res/drawable-xxhdpi/face_unlock_black_error23.png,78,78,,
framework,全局系统控件,系统界面(SystemUI) · 深色 xxhdpi,人脸解锁动画（失败，深色）,com.android.systemui,nightmode/res/drawable-xxhdpi/face_unlock_black_error24.png,78,78,,
framework,全局系统控件,系统界面(SystemUI) · 深色 xxhdpi,人脸解锁动画（失败，深色）,com.android.systemui,nightmode/res/drawable-xxhdpi/face_unlock_black_error25.png,78,78,,
framework,全局系统控件,系统界面(SystemUI) · 深色 xxhdpi,人脸解锁动画（失败，深色）,com.android.systemui,nightmode/res/drawable-xxhdpi/face_unlock_black_error26.png,78,78,,
framework,全局系统控件,系统界面(SystemUI) · 深色 xxhdpi,人脸解锁动画（失败，深色）,com.android.systemui,nightmode/res/drawable-xxhdpi/face_unlock_black_error27.png,78,78,,
framework,全局系统控件,系统界面(SystemUI) · 深色 xxhdpi,人脸解锁动画（失败，深色）,com.android.systemui,nightmode/res/drawable-xxhdpi/face_unlock_black_error28.png,78,78,,
framework,全局系统控件,系统界面(SystemUI) · 深色 xxhdpi,人脸解锁动画（失败，深色）,com.android.systemui,nightmode/res/drawable-xxhdpi/face_unlock_black_error29.png,78,78,,
framework,全局系统控件,系统界面(SystemUI) · 深色 xxhdpi,人脸解锁动画（失败，深色）,com.android.systemui,nightmode/res/drawable-xxhdpi/face_unlock_black_error3.png,78,78,,
framework,全局系统控件,系统界面(SystemUI) · 深色 xxhdpi,人脸解锁动画（失败，深色）,com.android.systemui,nightmode/res/drawable-xxhdpi/face_unlock_black_error30.png,78,78,,
framework,全局系统控件,系统界面(SystemUI) · 深色 xxhdpi,人脸解锁动画（失败，深色）,com.android.systemui,nightmode/res/drawable-xxhdpi/face_unlock_black_error4.png,78,78,,
framework,全局系统控件,系统界面(SystemUI) · 深色 xxhdpi,人脸解锁动画（失败，深色）,com.android.systemui,nightmode/res/drawable-xxhdpi/face_unlock_black_error5.png,78,78,,
framework,全局系统控件,系统界面(SystemUI) · 深色 xxhdpi,人脸解锁动画（失败，深色）,com.android.systemui,nightmode/res/drawable-xxhdpi/face_unlock_black_error6.png,78,78,,
framework,全局系统控件,系统界面(SystemUI) · 深色 xxhdpi,人脸解锁动画（失败，深色）,com.android.systemui,nightmode/res/drawable-xxhdpi/face_unlock_black_error7.png,78,78,,
framework,全局系统控件,系统界面(SystemUI) · 深色 xxhdpi,人脸解锁动画（失败，深色）,com.android.systemui,nightmode/res/drawable-xxhdpi/face_unlock_black_error8.png,78,78,,
framework,全局系统控件,系统界面(SystemUI) · 深色 xxhdpi,人脸解锁动画（失败，深色）,com.android.systemui,nightmode/res/drawable-xxhdpi/face_unlock_black_error9.png,78,78,,
framework,全局系统控件,系统界面(SystemUI) · 深色 xxhdpi,人脸解锁动画（成功，深色）,com.android.systemui,nightmode/res/drawable-xxhdpi/face_unlock_black_success0.png,78,78,,
framework,全局系统控件,系统界面(SystemUI) · 深色 xxhdpi,人脸解锁动画（成功，深色）,com.android.systemui,nightmode/res/drawable-xxhdpi/face_unlock_black_success1.png,78,78,,
framework,全局系统控件,系统界面(SystemUI) · 深色 xxhdpi,人脸解锁动画（成功，深色）,com.android.systemui,nightmode/res/drawable-xxhdpi/face_unlock_black_success10.png,78,78,,
framework,全局系统控件,系统界面(SystemUI) · 深色 xxhdpi,人脸解锁动画（成功，深色）,com.android.systemui,nightmode/res/drawable-xxhdpi/face_unlock_black_success11.png,78,78,,
framework,全局系统控件,系统界面(SystemUI) · 深色 xxhdpi,人脸解锁动画（成功，深色）,com.android.systemui,nightmode/res/drawable-xxhdpi/face_unlock_black_success12.png,78,78,,
framework,全局系统控件,系统界面(SystemUI) · 深色 xxhdpi,人脸解锁动画（成功，深色）,com.android.systemui,nightmode/res/drawable-xxhdpi/face_unlock_black_success13.png,78,78,,
framework,全局系统控件,系统界面(SystemUI) · 深色 xxhdpi,人脸解锁动画（成功，深色）,com.android.systemui,nightmode/res/drawable-xxhdpi/face_unlock_black_success14.png,78,78,,
framework,全局系统控件,系统界面(SystemUI) · 深色 xxhdpi,人脸解锁动画（成功，深色）,com.android.systemui,nightmode/res/drawable-xxhdpi/face_unlock_black_success15.png,78,78,,
framework,全局系统控件,系统界面(SystemUI) · 深色 xxhdpi,人脸解锁动画（成功，深色）,com.android.systemui,nightmode/res/drawable-xxhdpi/face_unlock_black_success16.png,78,78,,
framework,全局系统控件,系统界面(SystemUI) · 深色 xxhdpi,人脸解锁动画（成功，深色）,com.android.systemui,nightmode/res/drawable-xxhdpi/face_unlock_black_success17.png,78,78,,
framework,全局系统控件,系统界面(SystemUI) · 深色 xxhdpi,人脸解锁动画（成功，深色）,com.android.systemui,nightmode/res/drawable-xxhdpi/face_unlock_black_success18.png,78,78,,
framework,全局系统控件,系统界面(SystemUI) · 深色 xxhdpi,人脸解锁动画（成功，深色）,com.android.systemui,nightmode/res/drawable-xxhdpi/face_unlock_black_success19.png,78,78,,
framework,全局系统控件,系统界面(SystemUI) · 深色 xxhdpi,人脸解锁动画（成功，深色）,com.android.systemui,nightmode/res/drawable-xxhdpi/face_unlock_black_success2.png,78,78,,
framework,全局系统控件,系统界面(SystemUI) · 深色 xxhdpi,人脸解锁动画（成功，深色）,com.android.systemui,nightmode/res/drawable-xxhdpi/face_unlock_black_success20.png,78,78,,
framework,全局系统控件,系统界面(SystemUI) · 深色 xxhdpi,人脸解锁动画（成功，深色）,com.android.systemui,nightmode/res/drawable-xxhdpi/face_unlock_black_success21.png,78,78,,
framework,全局系统控件,系统界面(SystemUI) · 深色 xxhdpi,人脸解锁动画（成功，深色）,com.android.systemui,nightmode/res/drawable-xxhdpi/face_unlock_black_success22.png,78,78,,
framework,全局系统控件,系统界面(SystemUI) · 深色 xxhdpi,人脸解锁动画（成功，深色）,com.android.systemui,nightmode/res/drawable-xxhdpi/face_unlock_black_success23.png,78,78,,
framework,全局系统控件,系统界面(SystemUI) · 深色 xxhdpi,人脸解锁动画（成功，深色）,com.android.systemui,nightmode/res/drawable-xxhdpi/face_unlock_black_success24.png,78,78,,
framework,全局系统控件,系统界面(SystemUI) · 深色 xxhdpi,人脸解锁动画（成功，深色）,com.android.systemui,nightmode/res/drawable-xxhdpi/face_unlock_black_success3.png,78,78,,
framework,全局系统控件,系统界面(SystemUI) · 深色 xxhdpi,人脸解锁动画（成功，深色）,com.android.systemui,nightmode/res/drawable-xxhdpi/face_unlock_black_success4.png,78,78,,
framework,全局系统控件,系统界面(SystemUI) · 深色 xxhdpi,人脸解锁动画（成功，深色）,com.android.systemui,nightmode/res/drawable-xxhdpi/face_unlock_black_success5.png,78,78,,
framework,全局系统控件,系统界面(SystemUI) · 深色 xxhdpi,人脸解锁动画（成功，深色）,com.android.systemui,nightmode/res/drawable-xxhdpi/face_unlock_black_success6.png,78,78,,
framework,全局系统控件,系统界面(SystemUI) · 深色 xxhdpi,人脸解锁动画（成功，深色）,com.android.systemui,nightmode/res/drawable-xxhdpi/face_unlock_black_success7.png,78,78,,
framework,全局系统控件,系统界面(SystemUI) · 深色 xxhdpi,人脸解锁动画（成功，深色）,com.android.systemui,nightmode/res/drawable-xxhdpi/face_unlock_black_success8.png,78,78,,
framework,全局系统控件,系统界面(SystemUI) · 深色 xxhdpi,人脸解锁动画（成功，深色）,com.android.systemui,nightmode/res/drawable-xxhdpi/face_unlock_black_success9.png,78,78,,
framework,全局系统控件,系统界面(SystemUI) · 深色 xxhdpi,人脸解锁动画（失败，浅色）,com.android.systemui,nightmode/res/drawable-xxhdpi/face_unlock_error0.png,78,78,,
framework,全局系统控件,系统界面(SystemUI) · 深色 xxhdpi,人脸解锁动画（失败，浅色）,com.android.systemui,nightmode/res/drawable-xxhdpi/face_unlock_error1.png,78,78,,
framework,全局系统控件,系统界面(SystemUI) · 深色 xxhdpi,人脸解锁动画（失败，浅色）,com.android.systemui,nightmode/res/drawable-xxhdpi/face_unlock_error10.png,78,78,,
framework,全局系统控件,系统界面(SystemUI) · 深色 xxhdpi,人脸解锁动画（失败，浅色）,com.android.systemui,nightmode/res/drawable-xxhdpi/face_unlock_error11.png,78,78,,
framework,全局系统控件,系统界面(SystemUI) · 深色 xxhdpi,人脸解锁动画（失败，浅色）,com.android.systemui,nightmode/res/drawable-xxhdpi/face_unlock_error12.png,78,78,,
framework,全局系统控件,系统界面(SystemUI) · 深色 xxhdpi,人脸解锁动画（失败，浅色）,com.android.systemui,nightmode/res/drawable-xxhdpi/face_unlock_error13.png,78,78,,
framework,全局系统控件,系统界面(SystemUI) · 深色 xxhdpi,人脸解锁动画（失败，浅色）,com.android.systemui,nightmode/res/drawable-xxhdpi/face_unlock_error14.png,78,78,,
framework,全局系统控件,系统界面(SystemUI) · 深色 xxhdpi,人脸解锁动画（失败，浅色）,com.android.systemui,nightmode/res/drawable-xxhdpi/face_unlock_error15.png,78,78,,
framework,全局系统控件,系统界面(SystemUI) · 深色 xxhdpi,人脸解锁动画（失败，浅色）,com.android.systemui,nightmode/res/drawable-xxhdpi/face_unlock_error16.png,78,78,,
framework,全局系统控件,系统界面(SystemUI) · 深色 xxhdpi,人脸解锁动画（失败，浅色）,com.android.systemui,nightmode/res/drawable-xxhdpi/face_unlock_error17.png,78,78,,
framework,全局系统控件,系统界面(SystemUI) · 深色 xxhdpi,人脸解锁动画（失败，浅色）,com.android.systemui,nightmode/res/drawable-xxhdpi/face_unlock_error18.png,78,78,,
framework,全局系统控件,系统界面(SystemUI) · 深色 xxhdpi,人脸解锁动画（失败，浅色）,com.android.systemui,nightmode/res/drawable-xxhdpi/face_unlock_error19.png,78,78,,
framework,全局系统控件,系统界面(SystemUI) · 深色 xxhdpi,人脸解锁动画（失败，浅色）,com.android.systemui,nightmode/res/drawable-xxhdpi/face_unlock_error2.png,78,78,,
framework,全局系统控件,系统界面(SystemUI) · 深色 xxhdpi,人脸解锁动画（失败，浅色）,com.android.systemui,nightmode/res/drawable-xxhdpi/face_unlock_error20.png,78,78,,
framework,全局系统控件,系统界面(SystemUI) · 深色 xxhdpi,人脸解锁动画（失败，浅色）,com.android.systemui,nightmode/res/drawable-xxhdpi/face_unlock_error21.png,78,78,,
framework,全局系统控件,系统界面(SystemUI) · 深色 xxhdpi,人脸解锁动画（失败，浅色）,com.android.systemui,nightmode/res/drawable-xxhdpi/face_unlock_error22.png,78,78,,
framework,全局系统控件,系统界面(SystemUI) · 深色 xxhdpi,人脸解锁动画（失败，浅色）,com.android.systemui,nightmode/res/drawable-xxhdpi/face_unlock_error23.png,78,78,,
framework,全局系统控件,系统界面(SystemUI) · 深色 xxhdpi,人脸解锁动画（失败，浅色）,com.android.systemui,nightmode/res/drawable-xxhdpi/face_unlock_error24.png,78,78,,
framework,全局系统控件,系统界面(SystemUI) · 深色 xxhdpi,人脸解锁动画（失败，浅色）,com.android.systemui,nightmode/res/drawable-xxhdpi/face_unlock_error25.png,78,78,,
framework,全局系统控件,系统界面(SystemUI) · 深色 xxhdpi,人脸解锁动画（失败，浅色）,com.android.systemui,nightmode/res/drawable-xxhdpi/face_unlock_error26.png,78,78,,
framework,全局系统控件,系统界面(SystemUI) · 深色 xxhdpi,人脸解锁动画（失败，浅色）,com.android.systemui,nightmode/res/drawable-xxhdpi/face_unlock_error27.png,78,78,,
framework,全局系统控件,系统界面(SystemUI) · 深色 xxhdpi,人脸解锁动画（失败，浅色）,com.android.systemui,nightmode/res/drawable-xxhdpi/face_unlock_error28.png,78,78,,
framework,全局系统控件,系统界面(SystemUI) · 深色 xxhdpi,人脸解锁动画（失败，浅色）,com.android.systemui,nightmode/res/drawable-xxhdpi/face_unlock_error29.png,78,78,,
framework,全局系统控件,系统界面(SystemUI) · 深色 xxhdpi,人脸解锁动画（失败，浅色）,com.android.systemui,nightmode/res/drawable-xxhdpi/face_unlock_error3.png,78,78,,
framework,全局系统控件,系统界面(SystemUI) · 深色 xxhdpi,人脸解锁动画（失败，浅色）,com.android.systemui,nightmode/res/drawable-xxhdpi/face_unlock_error30.png,78,78,,
framework,全局系统控件,系统界面(SystemUI) · 深色 xxhdpi,人脸解锁动画（失败，浅色）,com.android.systemui,nightmode/res/drawable-xxhdpi/face_unlock_error4.png,78,78,,
framework,全局系统控件,系统界面(SystemUI) · 深色 xxhdpi,人脸解锁动画（失败，浅色）,com.android.systemui,nightmode/res/drawable-xxhdpi/face_unlock_error5.png,78,78,,
framework,全局系统控件,系统界面(SystemUI) · 深色 xxhdpi,人脸解锁动画（失败，浅色）,com.android.systemui,nightmode/res/drawable-xxhdpi/face_unlock_error6.png,78,78,,
framework,全局系统控件,系统界面(SystemUI) · 深色 xxhdpi,人脸解锁动画（失败，浅色）,com.android.systemui,nightmode/res/drawable-xxhdpi/face_unlock_error7.png,78,78,,
framework,全局系统控件,系统界面(SystemUI) · 深色 xxhdpi,人脸解锁动画（失败，浅色）,com.android.systemui,nightmode/res/drawable-xxhdpi/face_unlock_error8.png,78,78,,
framework,全局系统控件,系统界面(SystemUI) · 深色 xxhdpi,人脸解锁动画（失败，浅色）,com.android.systemui,nightmode/res/drawable-xxhdpi/face_unlock_error9.png,78,78,,
framework,全局系统控件,系统界面(SystemUI) · 深色 xxhdpi,人脸解锁动画（成功，浅色）,com.android.systemui,nightmode/res/drawable-xxhdpi/face_unlock_success0.png,78,78,,
framework,全局系统控件,系统界面(SystemUI) · 深色 xxhdpi,人脸解锁动画（成功，浅色）,com.android.systemui,nightmode/res/drawable-xxhdpi/face_unlock_success1.png,78,78,,
framework,全局系统控件,系统界面(SystemUI) · 深色 xxhdpi,人脸解锁动画（成功，浅色）,com.android.systemui,nightmode/res/drawable-xxhdpi/face_unlock_success10.png,78,78,,
framework,全局系统控件,系统界面(SystemUI) · 深色 xxhdpi,人脸解锁动画（成功，浅色）,com.android.systemui,nightmode/res/drawable-xxhdpi/face_unlock_success11.png,78,78,,
framework,全局系统控件,系统界面(SystemUI) · 深色 xxhdpi,人脸解锁动画（成功，浅色）,com.android.systemui,nightmode/res/drawable-xxhdpi/face_unlock_success12.png,78,78,,
framework,全局系统控件,系统界面(SystemUI) · 深色 xxhdpi,人脸解锁动画（成功，浅色）,com.android.systemui,nightmode/res/drawable-xxhdpi/face_unlock_success13.png,78,78,,
framework,全局系统控件,系统界面(SystemUI) · 深色 xxhdpi,人脸解锁动画（成功，浅色）,com.android.systemui,nightmode/res/drawable-xxhdpi/face_unlock_success14.png,78,78,,
framework,全局系统控件,系统界面(SystemUI) · 深色 xxhdpi,人脸解锁动画（成功，浅色）,com.android.systemui,nightmode/res/drawable-xxhdpi/face_unlock_success15.png,78,78,,
framework,全局系统控件,系统界面(SystemUI) · 深色 xxhdpi,人脸解锁动画（成功，浅色）,com.android.systemui,nightmode/res/drawable-xxhdpi/face_unlock_success16.png,78,78,,
framework,全局系统控件,系统界面(SystemUI) · 深色 xxhdpi,人脸解锁动画（成功，浅色）,com.android.systemui,nightmode/res/drawable-xxhdpi/face_unlock_success17.png,78,78,,
framework,全局系统控件,系统界面(SystemUI) · 深色 xxhdpi,人脸解锁动画（成功，浅色）,com.android.systemui,nightmode/res/drawable-xxhdpi/face_unlock_success18.png,78,78,,
framework,全局系统控件,系统界面(SystemUI) · 深色 xxhdpi,人脸解锁动画（成功，浅色）,com.android.systemui,nightmode/res/drawable-xxhdpi/face_unlock_success19.png,78,78,,
framework,全局系统控件,系统界面(SystemUI) · 深色 xxhdpi,人脸解锁动画（成功，浅色）,com.android.systemui,nightmode/res/drawable-xxhdpi/face_unlock_success2.png,78,78,,
framework,全局系统控件,系统界面(SystemUI) · 深色 xxhdpi,人脸解锁动画（成功，浅色）,com.android.systemui,nightmode/res/drawable-xxhdpi/face_unlock_success20.png,78,78,,
framework,全局系统控件,系统界面(SystemUI) · 深色 xxhdpi,人脸解锁动画（成功，浅色）,com.android.systemui,nightmode/res/drawable-xxhdpi/face_unlock_success21.png,78,78,,
framework,全局系统控件,系统界面(SystemUI) · 深色 xxhdpi,人脸解锁动画（成功，浅色）,com.android.systemui,nightmode/res/drawable-xxhdpi/face_unlock_success22.png,78,78,,
framework,全局系统控件,系统界面(SystemUI) · 深色 xxhdpi,人脸解锁动画（成功，浅色）,com.android.systemui,nightmode/res/drawable-xxhdpi/face_unlock_success23.png,78,78,,
framework,全局系统控件,系统界面(SystemUI) · 深色 xxhdpi,人脸解锁动画（成功，浅色）,com.android.systemui,nightmode/res/drawable-xxhdpi/face_unlock_success24.png,78,78,,
framework,全局系统控件,系统界面(SystemUI) · 深色 xxhdpi,人脸解锁动画（成功，浅色）,com.android.systemui,nightmode/res/drawable-xxhdpi/face_unlock_success3.png,78,78,,
framework,全局系统控件,系统界面(SystemUI) · 深色 xxhdpi,人脸解锁动画（成功，浅色）,com.android.systemui,nightmode/res/drawable-xxhdpi/face_unlock_success4.png,78,78,,
framework,全局系统控件,系统界面(SystemUI) · 深色 xxhdpi,人脸解锁动画（成功，浅色）,com.android.systemui,nightmode/res/drawable-xxhdpi/face_unlock_success5.png,78,78,,
framework,全局系统控件,系统界面(SystemUI) · 深色 xxhdpi,人脸解锁动画（成功，浅色）,com.android.systemui,nightmode/res/drawable-xxhdpi/face_unlock_success6.png,78,78,,
framework,全局系统控件,系统界面(SystemUI) · 深色 xxhdpi,人脸解锁动画（成功，浅色）,com.android.systemui,nightmode/res/drawable-xxhdpi/face_unlock_success7.png,78,78,,
framework,全局系统控件,系统界面(SystemUI) · 深色 xxhdpi,人脸解锁动画（成功，浅色）,com.android.systemui,nightmode/res/drawable-xxhdpi/face_unlock_success8.png,78,78,,
framework,全局系统控件,系统界面(SystemUI) · 深色 xxhdpi,人脸解锁动画（成功，浅色）,com.android.systemui,nightmode/res/drawable-xxhdpi/face_unlock_success9.png,78,78,,
controlcenter,控制中心,系统界面(SystemUI) · 深色 xxhdpi,控制中心自动亮度图标,com.android.systemui,nightmode/res/drawable-xxhdpi/ic_cc_qs_auto_brightness_off.png,130,130,,
controlcenter,控制中心,系统界面(SystemUI) · 深色 xxhdpi,控制中心自动亮度图标,com.android.systemui,nightmode/res/drawable-xxhdpi/ic_cc_qs_auto_brightness_on.png,130,130,,
controlcenter,控制中心,系统界面(SystemUI) · 深色 xxhdpi,【控制中心】开关底图,com.android.systemui,nightmode/res/drawable-xxhdpi/ic_cc_qs_bg_a.png,179,179,,
controlcenter,控制中心,系统界面(SystemUI) · 深色 xxhdpi,【控制中心】自动亮度开关-激活,com.android.systemui,nightmode/res/drawable-xxhdpi/ic_cc_qs_bg_active_auto_brightness.png,178,178,,
controlcenter,控制中心,系统界面(SystemUI) · 深色 xxhdpi,【控制中心】省电类开关-激活,com.android.systemui,nightmode/res/drawable-xxhdpi/ic_cc_qs_bg_active_battery_related.png,178,178,,
controlcenter,控制中心,系统界面(SystemUI) · 深色 xxhdpi,【控制中心】普通开关-激活,com.android.systemui,nightmode/res/drawable-xxhdpi/ic_cc_qs_bg_active_normal.png,178,178,,
controlcenter,控制中心,系统界面(SystemUI) · 深色 xxhdpi,【控制中心】开关-未激活,com.android.systemui,nightmode/res/drawable-xxhdpi/ic_cc_qs_bg_inactive.png,178,178,,
controlcenter,控制中心,系统界面(SystemUI) · 深色 xxhdpi,【控制中心】开关-未激活(备用),com.android.systemui,nightmode/res/drawable-xxhdpi/ic_cc_qs_bg_inacv.png,178,178,,
controlcenter,控制中心,系统界面(SystemUI) · 深色 xxhdpi,【控制中心】开关-不可用,com.android.systemui,nightmode/res/drawable-xxhdpi/ic_cc_qs_bg_unavailable.png,178,178,,
shade,下拉通知栏,系统界面(SystemUI) · 深色 xxhdpi,快捷开关背景-关闭,com.android.systemui,nightmode/res/drawable-xxhdpi/ic_qs_bg_disabled.9.png,178,178,是,
shade,下拉通知栏,系统界面(SystemUI) · 深色 xxhdpi,快捷开关背景-关闭,com.android.systemui,nightmode/res/drawable-xxhdpi/ic_qs_bg_disabled.png,178,178,,
shade,下拉通知栏,系统界面(SystemUI) · 深色 xxhdpi,快捷开关背景-开启,com.android.systemui,nightmode/res/drawable-xxhdpi/ic_qs_bg_enabled.9.png,178,178,是,
shade,下拉通知栏,系统界面(SystemUI) · 深色 xxhdpi,快捷开关背景-开启,com.android.systemui,nightmode/res/drawable-xxhdpi/ic_qs_bg_enabled.png,178,178,,
controlcenter,控制中心,系统界面(SystemUI) · 深色 xxhdpi,【控制中心】大磁贴背景 0,com.android.systemui,nightmode/res/drawable-xxhdpi/ic_qs_big_tile_bg_0.png,3366,1604,,
controlcenter,控制中心,系统界面(SystemUI) · 深色 xxhdpi,【控制中心】大磁贴背景 1,com.android.systemui,nightmode/res/drawable-xxhdpi/ic_qs_big_tile_bg_1.png,3366,1604,,
controlcenter,控制中心,系统界面(SystemUI) · 深色 xxhdpi,【控制中心】大磁贴背景 1_plugin,com.android.systemui,nightmode/res/drawable-xxhdpi/ic_qs_big_tile_bg_1_plugin.png,3366,1604,,
controlcenter,控制中心,系统界面(SystemUI) · 深色 xxhdpi,【控制中心】大磁贴背景 2,com.android.systemui,nightmode/res/drawable-xxhdpi/ic_qs_big_tile_bg_2.png,3366,1604,,
controlcenter,控制中心,系统界面(SystemUI) · 深色 xxhdpi,【控制中心】大磁贴背景 3,com.android.systemui,nightmode/res/drawable-xxhdpi/ic_qs_big_tile_bg_3.png,3366,1604,,
controlcenter,控制中心,系统界面(SystemUI) · 深色 xxhdpi,【控制中心】大磁贴背景 4,com.android.systemui,nightmode/res/drawable-xxhdpi/ic_qs_big_tile_bg_4.png,3366,1604,,
controlcenter,控制中心,系统界面(SystemUI) · 深色 xxhdpi,【控制中心】大磁贴-未激活 0,com.android.systemui,nightmode/res/drawable-xxhdpi/ic_qs_big_tile_bg_inactive_0.png,3366,1604,,
controlcenter,控制中心,系统界面(SystemUI) · 深色 xxhdpi,【控制中心】大磁贴-未激活 1,com.android.systemui,nightmode/res/drawable-xxhdpi/ic_qs_big_tile_bg_inactive_1.png,3366,1604,,
controlcenter,控制中心,系统界面(SystemUI) · 深色 xxhdpi,【控制中心】大磁贴-未激活 2,com.android.systemui,nightmode/res/drawable-xxhdpi/ic_qs_big_tile_bg_inactive_2.png,3366,1604,,
controlcenter,控制中心,系统界面(SystemUI) · 深色 xxhdpi,【控制中心】大磁贴-未激活 3,com.android.systemui,nightmode/res/drawable-xxhdpi/ic_qs_big_tile_bg_inactive_3.png,3366,1604,,
controlcenter,控制中心,系统界面(SystemUI) · 深色 xxhdpi,【控制中心】大磁贴-未激活 4,com.android.systemui,nightmode/res/drawable-xxhdpi/ic_qs_big_tile_bg_inactive_4.png,3366,1604,,
controlcenter,控制中心,系统界面(SystemUI) · 深色 xxhdpi,【控制中心】大磁贴-不可用 0,com.android.systemui,nightmode/res/drawable-xxhdpi/ic_qs_big_tile_bg_unavailable_0.png,3366,1604,,
controlcenter,控制中心,系统界面(SystemUI) · 深色 xxhdpi,【控制中心】大磁贴-不可用 1,com.android.systemui,nightmode/res/drawable-xxhdpi/ic_qs_big_tile_bg_unavailable_1.png,3366,1604,,
controlcenter,控制中心,系统界面(SystemUI) · 深色 xxhdpi,【控制中心】大磁贴-不可用 2,com.android.systemui,nightmode/res/drawable-xxhdpi/ic_qs_big_tile_bg_unavailable_2.png,3366,1604,,
controlcenter,控制中心,系统界面(SystemUI) · 深色 xxhdpi,【控制中心】大磁贴-不可用 3,com.android.systemui,nightmode/res/drawable-xxhdpi/ic_qs_big_tile_bg_unavailable_3.png,3366,1604,,
controlcenter,控制中心,系统界面(SystemUI) · 深色 xxhdpi,【控制中心】大磁贴-不可用 4,com.android.systemui,nightmode/res/drawable-xxhdpi/ic_qs_big_tile_bg_unavailable_4.png,3366,1604,,
shade,下拉通知栏,系统界面(SystemUI) · 深色 xxhdpi,亮度条-自动亮度,com.android.systemui,nightmode/res/drawable-xxhdpi/ic_qs_brightness_auto.png,64,64,,
shade,下拉通知栏,系统界面(SystemUI) · 深色 xxhdpi,亮度条-手动亮度,com.android.systemui,nightmode/res/drawable-xxhdpi/ic_qs_brightness_manual.png,64,64,,
statusbar,状态栏,系统界面(SystemUI) · 深色 xxhdpi,【状态栏】虚拟导航键·返回,com.android.systemui,nightmode/res/drawable-xxhdpi/ic_sysbar_back.png,72,72,,
statusbar,状态栏,系统界面(SystemUI) · 深色 xxhdpi,【状态栏】虚拟导航键·返回,com.android.systemui,nightmode/res/drawable-xxhdpi/ic_sysbar_back_darkmode.png,72,72,,
statusbar,状态栏,系统界面(SystemUI) · 深色 xxhdpi,【状态栏】虚拟导航键·返回（输入法收起）,com.android.systemui,nightmode/res/drawable-xxhdpi/ic_sysbar_back_ime.png,120,120,,
statusbar,状态栏,系统界面(SystemUI) · 深色 xxhdpi,【状态栏】虚拟导航键·返回（输入法收起）,com.android.systemui,nightmode/res/drawable-xxhdpi/ic_sysbar_back_ime_darkmode.png,120,120,,
statusbar,状态栏,系统界面(SystemUI) · 深色 xxhdpi,【状态栏】虚拟导航键·主页,com.android.systemui,nightmode/res/drawable-xxhdpi/ic_sysbar_home.png,100,72,,
statusbar,状态栏,系统界面(SystemUI) · 深色 xxhdpi,【状态栏】虚拟导航键·主页,com.android.systemui,nightmode/res/drawable-xxhdpi/ic_sysbar_home_darkmode.png,100,72,,
statusbar,状态栏,系统界面(SystemUI) · 深色 xxhdpi,【状态栏】虚拟导航键·多任务,com.android.systemui,nightmode/res/drawable-xxhdpi/ic_sysbar_recent.png,72,72,,
statusbar,状态栏,系统界面(SystemUI) · 深色 xxhdpi,【状态栏】虚拟导航键·多任务,com.android.systemui,nightmode/res/drawable-xxhdpi/ic_sysbar_recent_darkmode.png,72,72,,
statusbar,状态栏,系统界面(SystemUI) · 深色 xxhdpi,刘海屏设置图标,com.android.systemui,nightmode/res/drawable-xxhdpi/notch_settings_n.png,28,28,,
statusbar,状态栏,系统界面(SystemUI) · 深色 xxhdpi,刘海屏设置图标,com.android.systemui,nightmode/res/drawable-xxhdpi/notch_settings_p.png,28,28,,
shade,下拉通知栏,系统界面(SystemUI) · 深色 xxhdpi,悬浮通知背景,com.android.systemui,nightmode/res/drawable-xxhdpi/notification_heads_up_bg.9.png,307,244,是,
shade,下拉通知栏,系统界面(SystemUI) · 深色 xxhdpi,单条通知卡片背景,com.android.systemui,nightmode/res/drawable-xxhdpi/notification_item_bg.9.png,307,244,是,
shade,下拉通知栏,系统界面(SystemUI) · 深色 xxhdpi,通知面板管理图标,com.android.systemui,nightmode/res/drawable-xxhdpi/notification_panel_manage_icon.png,62,60,,
shade,下拉通知栏,系统界面(SystemUI) · 深色 xxhdpi,通知栏下拉面板背景,com.android.systemui,nightmode/res/drawable-xxhdpi/notification_panel_window_bg.9.png,1080,2400,是,
shade,下拉通知栏,系统界面(SystemUI) · 深色 xxhdpi,通知栏“清除全部”按钮,com.android.systemui,nightmode/res/drawable-xxhdpi/notifications_clear_all.png,250,250,,
shade,下拉通知栏,系统界面(SystemUI) · 深色 xxhdpi,notifications_panel_manage_icon.png,com.android.systemui,nightmode/res/drawable-xxhdpi/notifications_panel_manage_icon.png,68,68,,
shade,下拉通知栏,系统界面(SystemUI) · 深色 xxhdpi,快捷开关弹窗背景,com.android.systemui,nightmode/res/drawable-xxhdpi/panel_round_corner_bg.9.png,307,244,是,
shade,下拉通知栏,系统界面(SystemUI) · 深色 xxhdpi,大磁贴展开指示,com.android.systemui,nightmode/res/drawable-xxhdpi/qs_big_tile_expand_indicator.png,24,24,,
shade,下拉通知栏,系统界面(SystemUI) · 深色 xxhdpi,大磁贴展开指示,com.android.systemui,nightmode/res/drawable-xxhdpi/qs_big_tile_expand_indicator_dark.png,24,24,,
controlcenter,控制中心,系统界面(SystemUI) · 深色 xxhdpi,控制中心面板背景,com.android.systemui,nightmode/res/drawable-xxhdpi/qs_control_bg.9.png,1080,2400,是,
controlcenter,控制中心,系统界面(SystemUI) · 深色 xxhdpi,控制中心面板背景,com.android.systemui,nightmode/res/drawable-xxhdpi/qs_control_bg.93.png,1080,2400,,
controlcenter,控制中心,系统界面(SystemUI) · 深色 xxhdpi,控制中心面板背景,com.android.systemui,nightmode/res/drawable-xxhdpi/qs_control_bg.png,1080,2400,,
controlcenter,控制中心,系统界面(SystemUI) · 深色 xxhdpi,亮度条背景,com.android.systemui,nightmode/res/drawable-xxhdpi/qs_control_brightness_toggle_bg.9.png,714,192,是,
controlcenter,控制中心,系统界面(SystemUI) · 深色 xxhdpi,亮度条进度背景,com.android.systemui,nightmode/res/drawable-xxhdpi/qs_control_brightness_toggle_progress_bg.9.png,714,192,是,
controlcenter,控制中心,系统界面(SystemUI) · 深色 xxhdpi,低亮度护眼图案,com.android.systemui,nightmode/res/drawable-xxhdpi/qs_control_low_brightness.png,85,85,,
controlcenter,控制中心,系统界面(SystemUI) · 深色 xxhdpi,低亮度护眼图案,com.android.systemui,nightmode/res/drawable-xxhdpi/qs_control_low_brightness1.png,84,84,,
controlcenter,控制中心,系统界面(SystemUI) · 深色 xxhdpi,控制中心设置按钮,com.android.systemui,nightmode/res/drawable-xxhdpi/qs_control_settings.png,86,86,,
controlcenter,控制中心,系统界面(SystemUI) · 深色 xxhdpi,控制中心编辑按钮,com.android.systemui,nightmode/res/drawable-xxhdpi/qs_control_tiles_edit.png,86,86,,
shade,下拉通知栏,系统界面(SystemUI) · 深色 xxhdpi,快捷开关展开指示,com.android.systemui,nightmode/res/drawable-xxhdpi/qs_tile_expand_indicator.png,15,15,,
shade,下拉通知栏,系统界面(SystemUI) · 深色 xxhdpi,快捷开关展开指示,com.android.systemui,nightmode/res/drawable-xxhdpi/qs_tile_expand_indicator_dark.png,15,15,,
shade,下拉通知栏,系统界面(SystemUI) · 深色 xxhdpi,最近任务卡片背景,com.android.systemui,nightmode/res/drawable-xxhdpi/recent_task_bg.9.png,1080,2342,是,
statusbar,状态栏,系统界面(SystemUI) · 深色 xxhdpi,【状态栏】系统小图标,com.android.systemui,nightmode/res/drawable-xxhdpi/stat_sys_bluetooth_handsfree_battery_1.png,69,55,,
statusbar,状态栏,系统界面(SystemUI) · 深色 xxhdpi,【状态栏】系统小图标,com.android.systemui,nightmode/res/drawable-xxhdpi/stat_sys_bluetooth_handsfree_battery_1_darkmode.png,69,55,,
statusbar,状态栏,系统界面(SystemUI) · 深色 xxhdpi,【状态栏】系统小图标,com.android.systemui,nightmode/res/drawable-xxhdpi/stat_sys_bluetooth_handsfree_battery_2.png,69,55,,
statusbar,状态栏,系统界面(SystemUI) · 深色 xxhdpi,【状态栏】系统小图标,com.android.systemui,nightmode/res/drawable-xxhdpi/stat_sys_bluetooth_handsfree_battery_2_darkmode.png,69,55,,
statusbar,状态栏,系统界面(SystemUI) · 深色 xxhdpi,【状态栏】系统小图标,com.android.systemui,nightmode/res/drawable-xxhdpi/stat_sys_bluetooth_handsfree_battery_3.png,69,55,,
statusbar,状态栏,系统界面(SystemUI) · 深色 xxhdpi,【状态栏】系统小图标,com.android.systemui,nightmode/res/drawable-xxhdpi/stat_sys_bluetooth_handsfree_battery_3_darkmode.png,69,55,,
statusbar,状态栏,系统界面(SystemUI) · 深色 xxhdpi,【状态栏】系统小图标,com.android.systemui,nightmode/res/drawable-xxhdpi/stat_sys_bluetooth_handsfree_battery_4.png,69,55,,
statusbar,状态栏,系统界面(SystemUI) · 深色 xxhdpi,【状态栏】系统小图标,com.android.systemui,nightmode/res/drawable-xxhdpi/stat_sys_bluetooth_handsfree_battery_4_darkmode.png,69,55,,
statusbar,状态栏,系统界面(SystemUI) · 深色 xxhdpi,【状态栏】系统小图标,com.android.systemui,nightmode/res/drawable-xxhdpi/stat_sys_bluetooth_handsfree_battery_5.png,69,55,,
statusbar,状态栏,系统界面(SystemUI) · 深色 xxhdpi,【状态栏】系统小图标,com.android.systemui,nightmode/res/drawable-xxhdpi/stat_sys_bluetooth_handsfree_battery_5_darkmode.png,69,55,,
statusbar,状态栏,系统界面(SystemUI) · 深色 xxhdpi,【状态栏】系统小图标,com.android.systemui,nightmode/res/drawable-xxhdpi/stat_sys_dual_gps_acquiring.png,41,56,,
statusbar,状态栏,系统界面(SystemUI) · 深色 xxhdpi,【状态栏】系统小图标,com.android.systemui,nightmode/res/drawable-xxhdpi/stat_sys_dual_gps_acquiring_darkmode.png,41,56,,
statusbar,状态栏,系统界面(SystemUI) · 深色 xxhdpi,【状态栏】系统小图标,com.android.systemui,nightmode/res/drawable-xxhdpi/stat_sys_dual_gps_on.png,41,56,,
statusbar,状态栏,系统界面(SystemUI) · 深色 xxhdpi,【状态栏】系统小图标,com.android.systemui,nightmode/res/drawable-xxhdpi/stat_sys_dual_gps_on_darkmode.png,41,56,,
statusbar,状态栏,系统界面(SystemUI) · 深色 xxhdpi,【状态栏】系统小图标,com.android.systemui,nightmode/res/drawable-xxhdpi/stat_sys_gps_acquiring.png,41,56,,
statusbar,状态栏,系统界面(SystemUI) · 深色 xxhdpi,【状态栏】系统小图标,com.android.systemui,nightmode/res/drawable-xxhdpi/stat_sys_gps_acquiring_darkmode.png,41,56,,
statusbar,状态栏,系统界面(SystemUI) · 深色 xxhdpi,【状态栏】系统小图标,com.android.systemui,nightmode/res/drawable-xxhdpi/stat_sys_gps_on.png,41,56,,
statusbar,状态栏,系统界面(SystemUI) · 深色 xxhdpi,【状态栏】系统小图标,com.android.systemui,nightmode/res/drawable-xxhdpi/stat_sys_gps_on_darkmode.png,41,56,,
statusbar,状态栏,系统界面(SystemUI) · 深色 xxhdpi,【状态栏】信号图标,com.android.systemui,nightmode/res/drawable-xxhdpi/stat_sys_signal.png,49,56,,
statusbar,状态栏,系统界面(SystemUI) · 深色 xxhdpi,【状态栏】信号格 0,com.android.systemui,nightmode/res/drawable-xxhdpi/stat_sys_signal_0.png,60,60,,
statusbar,状态栏,系统界面(SystemUI) · 深色 xxhdpi,【状态栏】信号格 （深色）,com.android.systemui,nightmode/res/drawable-xxhdpi/stat_sys_signal_0_darkmode.png,60,60,,
statusbar,状态栏,系统界面(SystemUI) · 深色 xxhdpi,【状态栏】信号格 .5,com.android.systemui,nightmode/res/drawable-xxhdpi/stat_sys_signal_0_half.png,55,16,,
statusbar,状态栏,系统界面(SystemUI) · 深色 xxhdpi,【状态栏】信号格 .5（深色）,com.android.systemui,nightmode/res/drawable-xxhdpi/stat_sys_signal_0_half_darkmode.png,55,16,,
statusbar,状态栏,系统界面(SystemUI) · 深色 xxhdpi,【状态栏】信号格 1,com.android.systemui,nightmode/res/drawable-xxhdpi/stat_sys_signal_1.png,60,60,,
statusbar,状态栏,系统界面(SystemUI) · 深色 xxhdpi,【状态栏】信号格 （深色）,com.android.systemui,nightmode/res/drawable-xxhdpi/stat_sys_signal_1_darkmode.png,60,60,,
statusbar,状态栏,系统界面(SystemUI) · 深色 xxhdpi,【状态栏】信号格 .5,com.android.systemui,nightmode/res/drawable-xxhdpi/stat_sys_signal_1_half.png,55,16,,
statusbar,状态栏,系统界面(SystemUI) · 深色 xxhdpi,【状态栏】信号格 .5,com.android.systemui,nightmode/res/drawable-xxhdpi/stat_sys_signal_1_half_darkmod.png,55,16,,
statusbar,状态栏,系统界面(SystemUI) · 深色 xxhdpi,【状态栏】信号格 .5（深色）,com.android.systemui,nightmode/res/drawable-xxhdpi/stat_sys_signal_1_half_darkmode.png,55,16,,
statusbar,状态栏,系统界面(SystemUI) · 深色 xxhdpi,【状态栏】信号格 2,com.android.systemui,nightmode/res/drawable-xxhdpi/stat_sys_signal_2.png,60,60,,
statusbar,状态栏,系统界面(SystemUI) · 深色 xxhdpi,【状态栏】信号格 （深色）,com.android.systemui,nightmode/res/drawable-xxhdpi/stat_sys_signal_2_darkmode.png,60,60,,
statusbar,状态栏,系统界面(SystemUI) · 深色 xxhdpi,【状态栏】信号格 .5,com.android.systemui,nightmode/res/drawable-xxhdpi/stat_sys_signal_2_half.png,55,16,,
statusbar,状态栏,系统界面(SystemUI) · 深色 xxhdpi,【状态栏】信号格 .5（深色）,com.android.systemui,nightmode/res/drawable-xxhdpi/stat_sys_signal_2_half_darkmode.png,55,16,,
statusbar,状态栏,系统界面(SystemUI) · 深色 xxhdpi,【状态栏】信号格 3,com.android.systemui,nightmode/res/drawable-xxhdpi/stat_sys_signal_3.png,60,60,,
statusbar,状态栏,系统界面(SystemUI) · 深色 xxhdpi,【状态栏】信号格 （深色）,com.android.systemui,nightmode/res/drawable-xxhdpi/stat_sys_signal_3_darkmode.png,60,60,,
statusbar,状态栏,系统界面(SystemUI) · 深色 xxhdpi,【状态栏】信号格 .5,com.android.systemui,nightmode/res/drawable-xxhdpi/stat_sys_signal_3_half.png,55,16,,
statusbar,状态栏,系统界面(SystemUI) · 深色 xxhdpi,【状态栏】信号格 .5（深色）,com.android.systemui,nightmode/res/drawable-xxhdpi/stat_sys_signal_3_half_darkmode.png,55,16,,
statusbar,状态栏,系统界面(SystemUI) · 深色 xxhdpi,【状态栏】信号格 4,com.android.systemui,nightmode/res/drawable-xxhdpi/stat_sys_signal_4.png,60,60,,
statusbar,状态栏,系统界面(SystemUI) · 深色 xxhdpi,【状态栏】信号格 （深色）,com.android.systemui,nightmode/res/drawable-xxhdpi/stat_sys_signal_4_darkmode.png,60,60,,
statusbar,状态栏,系统界面(SystemUI) · 深色 xxhdpi,【状态栏】信号格 .5,com.android.systemui,nightmode/res/drawable-xxhdpi/stat_sys_signal_4_half.png,55,16,,
statusbar,状态栏,系统界面(SystemUI) · 深色 xxhdpi,【状态栏】信号格 .5（深色）,com.android.systemui,nightmode/res/drawable-xxhdpi/stat_sys_signal_4_half_darkmode.png,55,16,,
statusbar,状态栏,系统界面(SystemUI) · 深色 xxhdpi,【状态栏】信号格 5,com.android.systemui,nightmode/res/drawable-xxhdpi/stat_sys_signal_5.png,60,60,,
statusbar,状态栏,系统界面(SystemUI) · 深色 xxhdpi,【状态栏】信号格 （深色）,com.android.systemui,nightmode/res/drawable-xxhdpi/stat_sys_signal_5_darkmode.png,60,60,,
statusbar,状态栏,系统界面(SystemUI) · 深色 xxhdpi,【状态栏】信号格 （深色）,com.android.systemui,nightmode/res/drawable-xxhdpi/stat_sys_signal_5_darkmode1.png,60,60,,
statusbar,状态栏,系统界面(SystemUI) · 深色 xxhdpi,【状态栏】信号格 （深色）,com.android.systemui,nightmode/res/drawable-xxhdpi/stat_sys_signal_5_darkmode2.png,60,60,,
statusbar,状态栏,系统界面(SystemUI) · 深色 xxhdpi,【状态栏】信号格 （深色）,com.android.systemui,nightmode/res/drawable-xxhdpi/stat_sys_signal_5_darkmode22.png,60,60,,
statusbar,状态栏,系统界面(SystemUI) · 深色 xxhdpi,【状态栏】信号格 （深色）,com.android.systemui,nightmode/res/drawable-xxhdpi/stat_sys_signal_5_darkmodew.png,65,60,,
statusbar,状态栏,系统界面(SystemUI) · 深色 xxhdpi,【状态栏】信号格 .5,com.android.systemui,nightmode/res/drawable-xxhdpi/stat_sys_signal_5_half.png,55,16,,
statusbar,状态栏,系统界面(SystemUI) · 深色 xxhdpi,【状态栏】信号格 .5（深色）,com.android.systemui,nightmode/res/drawable-xxhdpi/stat_sys_signal_5_half_darkmode.png,55,16,,
statusbar,状态栏,系统界面(SystemUI) · 深色 xxhdpi,【状态栏】数据网络图标,com.android.systemui,nightmode/res/drawable-xxhdpi/stat_sys_signal_data.png,20,60,,
statusbar,状态栏,系统界面(SystemUI) · 深色 xxhdpi,【状态栏】数据网络图标,com.android.systemui,nightmode/res/drawable-xxhdpi/stat_sys_signal_data_darkmode.png,20,60,,
statusbar,状态栏,系统界面(SystemUI) · 深色 xxhdpi,【状态栏】数据网络图标,com.android.systemui,nightmode/res/drawable-xxhdpi/stat_sys_signal_data_left.png,20,60,,
statusbar,状态栏,系统界面(SystemUI) · 深色 xxhdpi,【状态栏】数据网络图标,com.android.systemui,nightmode/res/drawable-xxhdpi/stat_sys_signal_data_left_darkmode.png,20,60,,
statusbar,状态栏,系统界面(SystemUI) · 深色 xxhdpi,【状态栏】数据上下行箭头,com.android.systemui,nightmode/res/drawable-xxhdpi/stat_sys_signal_dual_data.png,16,60,,
statusbar,状态栏,系统界面(SystemUI) · 深色 xxhdpi,【状态栏】数据上下行箭头,com.android.systemui,nightmode/res/drawable-xxhdpi/stat_sys_signal_dual_data_darkmode.png,16,60,,
statusbar,状态栏,系统界面(SystemUI) · 深色 xxhdpi,【状态栏】数据上下行箭头,com.android.systemui,nightmode/res/drawable-xxhdpi/stat_sys_signal_dual_in.png,16,60,,
statusbar,状态栏,系统界面(SystemUI) · 深色 xxhdpi,【状态栏】数据上下行箭头,com.android.systemui,nightmode/res/drawable-xxhdpi/stat_sys_signal_dual_in_darkmode.png,16,60,,
statusbar,状态栏,系统界面(SystemUI) · 深色 xxhdpi,【状态栏】数据上下行箭头,com.android.systemui,nightmode/res/drawable-xxhdpi/stat_sys_signal_dual_inout.png,16,60,,
statusbar,状态栏,系统界面(SystemUI) · 深色 xxhdpi,【状态栏】数据上下行箭头,com.android.systemui,nightmode/res/drawable-xxhdpi/stat_sys_signal_dual_inout_darkmode.png,16,60,,
statusbar,状态栏,系统界面(SystemUI) · 深色 xxhdpi,【状态栏】数据上下行箭头,com.android.systemui,nightmode/res/drawable-xxhdpi/stat_sys_signal_dual_out.png,16,60,,
statusbar,状态栏,系统界面(SystemUI) · 深色 xxhdpi,【状态栏】数据上下行箭头,com.android.systemui,nightmode/res/drawable-xxhdpi/stat_sys_signal_dual_out_darkmode.png,16,60,,
statusbar,状态栏,系统界面(SystemUI) · 深色 xxhdpi,【状态栏】信号状态图标,com.android.systemui,nightmode/res/drawable-xxhdpi/stat_sys_signal_flightmode.png,56,60,,
statusbar,状态栏,系统界面(SystemUI) · 深色 xxhdpi,【状态栏】信号状态图标,com.android.systemui,nightmode/res/drawable-xxhdpi/stat_sys_signal_flightmode_darkmode.png,56,60,,
statusbar,状态栏,系统界面(SystemUI) · 深色 xxhdpi,【状态栏】HD高清通话图标,com.android.systemui,nightmode/res/drawable-xxhdpi/stat_sys_signal_hd_big.png,46,61,,
statusbar,状态栏,系统界面(SystemUI) · 深色 xxhdpi,【状态栏】HD高清通话图标,com.android.systemui,nightmode/res/drawable-xxhdpi/stat_sys_signal_hd_big_darkmode.png,46,61,,
statusbar,状态栏,系统界面(SystemUI) · 深色 xxhdpi,【状态栏】HD高清通话图标,com.android.systemui,nightmode/res/drawable-xxhdpi/stat_sys_signal_hd_notch.png,1,1,,
statusbar,状态栏,系统界面(SystemUI) · 深色 xxhdpi,【状态栏】HD高清通话图标,com.android.systemui,nightmode/res/drawable-xxhdpi/stat_sys_signal_hd_notch_darkmode.png,1,1,,
statusbar,状态栏,系统界面(SystemUI) · 深色 xxhdpi,【状态栏】数据上下行箭头,com.android.systemui,nightmode/res/drawable-xxhdpi/stat_sys_signal_in.png,20,60,,
statusbar,状态栏,系统界面(SystemUI) · 深色 xxhdpi,【状态栏】数据上下行箭头,com.android.systemui,nightmode/res/drawable-xxhdpi/stat_sys_signal_in_darkmode.png,20,60,,
statusbar,状态栏,系统界面(SystemUI) · 深色 xxhdpi,【状态栏】数据上下行箭头,com.android.systemui,nightmode/res/drawable-xxhdpi/stat_sys_signal_in_half.png,62,16,,
statusbar,状态栏,系统界面(SystemUI) · 深色 xxhdpi,【状态栏】数据上下行箭头,com.android.systemui,nightmode/res/drawable-xxhdpi/stat_sys_signal_in_half_darkmode.png,62,16,,
statusbar,状态栏,系统界面(SystemUI) · 深色 xxhdpi,【状态栏】数据上下行箭头,com.android.systemui,nightmode/res/drawable-xxhdpi/stat_sys_signal_in_left.png,20,60,,
statusbar,状态栏,系统界面(SystemUI) · 深色 xxhdpi,【状态栏】数据上下行箭头,com.android.systemui,nightmode/res/drawable-xxhdpi/stat_sys_signal_in_left_darkmode.png,20,60,,
statusbar,状态栏,系统界面(SystemUI) · 深色 xxhdpi,【状态栏】数据上下行箭头,com.android.systemui,nightmode/res/drawable-xxhdpi/stat_sys_signal_inout.png,20,60,,
statusbar,状态栏,系统界面(SystemUI) · 深色 xxhdpi,【状态栏】数据上下行箭头,com.android.systemui,nightmode/res/drawable-xxhdpi/stat_sys_signal_inout_darkmode.png,20,60,,
statusbar,状态栏,系统界面(SystemUI) · 深色 xxhdpi,【状态栏】数据上下行箭头,com.android.systemui,nightmode/res/drawable-xxhdpi/stat_sys_signal_inout_half.png,62,16,,
statusbar,状态栏,系统界面(SystemUI) · 深色 xxhdpi,【状态栏】数据上下行箭头,com.android.systemui,nightmode/res/drawable-xxhdpi/stat_sys_signal_inout_half_darkmode.png,62,16,,
statusbar,状态栏,系统界面(SystemUI) · 深色 xxhdpi,【状态栏】数据上下行箭头,com.android.systemui,nightmode/res/drawable-xxhdpi/stat_sys_signal_inout_left.png,20,60,,
statusbar,状态栏,系统界面(SystemUI) · 深色 xxhdpi,【状态栏】数据上下行箭头,com.android.systemui,nightmode/res/drawable-xxhdpi/stat_sys_signal_inout_left_darkmode.png,20,60,,
statusbar,状态栏,系统界面(SystemUI) · 深色 xxhdpi,【状态栏】信号状态图标,com.android.systemui,nightmode/res/drawable-xxhdpi/stat_sys_signal_null.png,55,60,,
statusbar,状态栏,系统界面(SystemUI) · 深色 xxhdpi,【状态栏】信号状态图标,com.android.systemui,nightmode/res/drawable-xxhdpi/stat_sys_signal_null_darkmode.png,55,60,,
statusbar,状态栏,系统界面(SystemUI) · 深色 xxhdpi,【状态栏】信号状态图标,com.android.systemui,nightmode/res/drawable-xxhdpi/stat_sys_signal_null_half.png,55,16,,
statusbar,状态栏,系统界面(SystemUI) · 深色 xxhdpi,【状态栏】信号状态图标,com.android.systemui,nightmode/res/drawable-xxhdpi/stat_sys_signal_null_half_darkmode.png,55,16,,
statusbar,状态栏,系统界面(SystemUI) · 深色 xxhdpi,【状态栏】数据上下行箭头,com.android.systemui,nightmode/res/drawable-xxhdpi/stat_sys_signal_out.png,20,60,,
statusbar,状态栏,系统界面(SystemUI) · 深色 xxhdpi,【状态栏】数据上下行箭头,com.android.systemui,nightmode/res/drawable-xxhdpi/stat_sys_signal_out_darkmode.png,20,60,,
statusbar,状态栏,系统界面(SystemUI) · 深色 xxhdpi,【状态栏】数据上下行箭头,com.android.systemui,nightmode/res/drawable-xxhdpi/stat_sys_signal_out_half.png,62,16,,
statusbar,状态栏,系统界面(SystemUI) · 深色 xxhdpi,【状态栏】数据上下行箭头,com.android.systemui,nightmode/res/drawable-xxhdpi/stat_sys_signal_out_half_darkmode.png,62,16,,
statusbar,状态栏,系统界面(SystemUI) · 深色 xxhdpi,【状态栏】数据上下行箭头,com.android.systemui,nightmode/res/drawable-xxhdpi/stat_sys_signal_out_left.png,20,60,,
statusbar,状态栏,系统界面(SystemUI) · 深色 xxhdpi,【状态栏】数据上下行箭头,com.android.systemui,nightmode/res/drawable-xxhdpi/stat_sys_signal_out_left_darkmode.png,20,60,,
statusbar,状态栏,系统界面(SystemUI) · 深色 xxhdpi,【状态栏】信号状态图标,com.android.systemui,nightmode/res/drawable-xxhdpi/stat_sys_signal_upgrade.png,18,56,,
statusbar,状态栏,系统界面(SystemUI) · 深色 xxhdpi,【状态栏】信号状态图标,com.android.systemui,nightmode/res/drawable-xxhdpi/stat_sys_signal_upgrade_darkmode.png,18,56,,
statusbar,状态栏,系统界面(SystemUI) · 深色 xxhdpi,【状态栏】VoLTE图标,com.android.systemui,nightmode/res/drawable-xxhdpi/stat_sys_signal_volte.png,48,56,,
statusbar,状态栏,系统界面(SystemUI) · 深色 xxhdpi,【状态栏】VoLTE图标,com.android.systemui,nightmode/res/drawable-xxhdpi/stat_sys_signal_volte_darkmode.png,48,56,,
statusbar,状态栏,系统界面(SystemUI) · 深色 xxhdpi,【状态栏】系统小图标,com.android.systemui,nightmode/res/drawable-xxhdpi/stat_sys_sim_card_1.png,42,42,,
statusbar,状态栏,系统界面(SystemUI) · 深色 xxhdpi,【状态栏】系统小图标,com.android.systemui,nightmode/res/drawable-xxhdpi/stat_sys_sim_card_2.png,42,42,,
statusbar,状态栏,系统界面(SystemUI) · 深色 xxhdpi,【状态栏】副WiFi信号 ,com.android.systemui,nightmode/res/drawable-xxhdpi/stat_sys_slave_wifi_signal_0.png,60,56,,
statusbar,状态栏,系统界面(SystemUI) · 深色 xxhdpi,【状态栏】副WiFi信号 ,com.android.systemui,nightmode/res/drawable-xxhdpi/stat_sys_slave_wifi_signal_0_darkmode.png,60,56,,
statusbar,状态栏,系统界面(SystemUI) · 深色 xxhdpi,【状态栏】副WiFi信号 ,com.android.systemui,nightmode/res/drawable-xxhdpi/stat_sys_slave_wifi_signal_1.png,60,56,,
statusbar,状态栏,系统界面(SystemUI) · 深色 xxhdpi,【状态栏】副WiFi信号 ,com.android.systemui,nightmode/res/drawable-xxhdpi/stat_sys_slave_wifi_signal_1_darkmode.png,60,56,,
statusbar,状态栏,系统界面(SystemUI) · 深色 xxhdpi,【状态栏】副WiFi信号 ,com.android.systemui,nightmode/res/drawable-xxhdpi/stat_sys_slave_wifi_signal_2.png,60,56,,
statusbar,状态栏,系统界面(SystemUI) · 深色 xxhdpi,【状态栏】副WiFi信号 ,com.android.systemui,nightmode/res/drawable-xxhdpi/stat_sys_slave_wifi_signal_2_darkmode.png,60,56,,
statusbar,状态栏,系统界面(SystemUI) · 深色 xxhdpi,【状态栏】副WiFi信号 ,com.android.systemui,nightmode/res/drawable-xxhdpi/stat_sys_slave_wifi_signal_3.png,60,56,,
statusbar,状态栏,系统界面(SystemUI) · 深色 xxhdpi,【状态栏】副WiFi信号 ,com.android.systemui,nightmode/res/drawable-xxhdpi/stat_sys_slave_wifi_signal_3_darkmode.png,60,56,,
statusbar,状态栏,系统界面(SystemUI) · 深色 xxhdpi,【状态栏】副WiFi信号 ,com.android.systemui,nightmode/res/drawable-xxhdpi/stat_sys_slave_wifi_signal_4.png,60,56,,
statusbar,状态栏,系统界面(SystemUI) · 深色 xxhdpi,【状态栏】副WiFi信号 ,com.android.systemui,nightmode/res/drawable-xxhdpi/stat_sys_slave_wifi_signal_4_darkmode.png,62,56,,
statusbar,状态栏,系统界面(SystemUI) · 深色 xxhdpi,【状态栏】系统小图标,com.android.systemui,nightmode/res/drawable-xxhdpi/stat_sys_sos.png,56,56,,
statusbar,状态栏,系统界面(SystemUI) · 深色 xxhdpi,【状态栏】系统小图标,com.android.systemui,nightmode/res/drawable-xxhdpi/stat_sys_sos_darkmode.png,56,56,,
statusbar,状态栏,系统界面(SystemUI) · 深色 xxhdpi,【状态栏】系统小图标,com.android.systemui,nightmode/res/drawable-xxhdpi/stat_sys_speakerphone.png,48,56,,
statusbar,状态栏,系统界面(SystemUI) · 深色 xxhdpi,【状态栏】系统小图标,com.android.systemui,nightmode/res/drawable-xxhdpi/stat_sys_speakerphone_darkmode.png,48,56,,
statusbar,状态栏,系统界面(SystemUI) · 深色 xxhdpi,【状态栏】系统小图标,com.android.systemui,nightmode/res/drawable-xxhdpi/stat_sys_speech_hd.png,50,56,,
statusbar,状态栏,系统界面(SystemUI) · 深色 xxhdpi,【状态栏】系统小图标,com.android.systemui,nightmode/res/drawable-xxhdpi/stat_sys_speech_hd_darkmode.png,50,56,,
statusbar,状态栏,系统界面(SystemUI) · 深色 xxhdpi,【状态栏】系统小图标,com.android.systemui,nightmode/res/drawable-xxhdpi/stat_sys_sync_0.png,49,56,,
statusbar,状态栏,系统界面(SystemUI) · 深色 xxhdpi,【状态栏】系统小图标,com.android.systemui,nightmode/res/drawable-xxhdpi/stat_sys_sync_0_darkmode.png,49,56,,
statusbar,状态栏,系统界面(SystemUI) · 深色 xxhdpi,【状态栏】系统小图标,com.android.systemui,nightmode/res/drawable-xxhdpi/stat_sys_sync_1.png,49,56,,
statusbar,状态栏,系统界面(SystemUI) · 深色 xxhdpi,【状态栏】系统小图标,com.android.systemui,nightmode/res/drawable-xxhdpi/stat_sys_sync_1_darkmode.png,49,56,,
statusbar,状态栏,系统界面(SystemUI) · 深色 xxhdpi,【状态栏】系统小图标,com.android.systemui,nightmode/res/drawable-xxhdpi/stat_sys_sync_2.png,49,56,,
statusbar,状态栏,系统界面(SystemUI) · 深色 xxhdpi,【状态栏】系统小图标,com.android.systemui,nightmode/res/drawable-xxhdpi/stat_sys_sync_2_darkmode.png,49,56,,
statusbar,状态栏,系统界面(SystemUI) · 深色 xxhdpi,【状态栏】系统小图标,com.android.systemui,nightmode/res/drawable-xxhdpi/stat_sys_sync_3.png,49,56,,
statusbar,状态栏,系统界面(SystemUI) · 深色 xxhdpi,【状态栏】系统小图标,com.android.systemui,nightmode/res/drawable-xxhdpi/stat_sys_sync_3_darkmode.png,49,56,,
statusbar,状态栏,系统界面(SystemUI) · 深色 xxhdpi,【状态栏】系统小图标,com.android.systemui,nightmode/res/drawable-xxhdpi/stat_sys_sync_error.png,49,56,,
statusbar,状态栏,系统界面(SystemUI) · 深色 xxhdpi,【状态栏】系统小图标,com.android.systemui,nightmode/res/drawable-xxhdpi/stat_sys_sync_error_darkmode.png,49,56,,
statusbar,状态栏,系统界面(SystemUI) · 深色 xxhdpi,【状态栏】系统小图标,com.android.systemui,nightmode/res/drawable-xxhdpi/stat_sys_usb_share.png,39,56,,
statusbar,状态栏,系统界面(SystemUI) · 深色 xxhdpi,【状态栏】系统小图标,com.android.systemui,nightmode/res/drawable-xxhdpi/stat_sys_usb_share_darkmode.png,39,56,,
statusbar,状态栏,系统界面(SystemUI) · 深色 xxhdpi,【状态栏】系统小图标,com.android.systemui,nightmode/res/drawable-xxhdpi/stat_sys_volte.png,50,60,,
statusbar,状态栏,系统界面(SystemUI) · 深色 xxhdpi,【状态栏】系统小图标,com.android.systemui,nightmode/res/drawable-xxhdpi/stat_sys_volte_darkmode.png,50,60,,
statusbar,状态栏,系统界面(SystemUI) · 深色 xxhdpi,【状态栏】系统小图标,com.android.systemui,nightmode/res/drawable-xxhdpi/stat_sys_volte_no_service.png,44,56,,
statusbar,状态栏,系统界面(SystemUI) · 深色 xxhdpi,【状态栏】系统小图标,com.android.systemui,nightmode/res/drawable-xxhdpi/stat_sys_volte_no_service_darkmode.png,44,56,,
statusbar,状态栏,系统界面(SystemUI) · 深色 xxhdpi,【状态栏】系统小图标,com.android.systemui,nightmode/res/drawable-xxhdpi/stat_sys_vowifi.png,49,56,,
statusbar,状态栏,系统界面(SystemUI) · 深色 xxhdpi,【状态栏】系统小图标,com.android.systemui,nightmode/res/drawable-xxhdpi/stat_sys_vowifi_darkmode.png,49,56,,
statusbar,状态栏,系统界面(SystemUI) · 深色 xxhdpi,【状态栏】系统小图标,com.android.systemui,nightmode/res/drawable-xxhdpi/stat_sys_vpn.png,66,56,,
statusbar,状态栏,系统界面(SystemUI) · 深色 xxhdpi,【状态栏】系统小图标,com.android.systemui,nightmode/res/drawable-xxhdpi/stat_sys_vpn_darkmode.png,66,56,,
statusbar,状态栏,系统界面(SystemUI) · 深色 xxhdpi,【状态栏】WiFi状态图标,com.android.systemui,nightmode/res/drawable-xxhdpi/stat_sys_wifi_ap.png,64,60,,
statusbar,状态栏,系统界面(SystemUI) · 深色 xxhdpi,【状态栏】WiFi状态图标,com.android.systemui,nightmode/res/drawable-xxhdpi/stat_sys_wifi_ap_darkmode.png,64,60,,
statusbar,状态栏,系统界面(SystemUI) · 深色 xxhdpi,【状态栏】WiFi状态图标,com.android.systemui,nightmode/res/drawable-xxhdpi/stat_sys_wifi_ap_on.png,58,58,,
statusbar,状态栏,系统界面(SystemUI) · 深色 xxhdpi,【状态栏】WiFi状态图标,com.android.systemui,nightmode/res/drawable-xxhdpi/stat_sys_wifi_ap_on_darkmode.png,58,58,,
statusbar,状态栏,系统界面(SystemUI) · 深色 xxhdpi,【状态栏】WiFi状态图标,com.android.systemui,nightmode/res/drawable-xxhdpi/stat_sys_wifi_in.png,54,60,,
statusbar,状态栏,系统界面(SystemUI) · 深色 xxhdpi,【状态栏】WiFi状态图标,com.android.systemui,nightmode/res/drawable-xxhdpi/stat_sys_wifi_in_darkmode.png,54,60,,
statusbar,状态栏,系统界面(SystemUI) · 深色 xxhdpi,【状态栏】WiFi状态图标,com.android.systemui,nightmode/res/drawable-xxhdpi/stat_sys_wifi_inout.png,54,60,,
statusbar,状态栏,系统界面(SystemUI) · 深色 xxhdpi,【状态栏】WiFi状态图标,com.android.systemui,nightmode/res/drawable-xxhdpi/stat_sys_wifi_inout_darkmode.png,54,60,,
statusbar,状态栏,系统界面(SystemUI) · 深色 xxhdpi,【状态栏】WiFi状态图标,com.android.systemui,nightmode/res/drawable-xxhdpi/stat_sys_wifi_out.png,54,60,,
statusbar,状态栏,系统界面(SystemUI) · 深色 xxhdpi,【状态栏】WiFi状态图标,com.android.systemui,nightmode/res/drawable-xxhdpi/stat_sys_wifi_out_darkmode.png,54,60,,
statusbar,状态栏,系统界面(SystemUI) · 深色 xxhdpi,【状态栏】WiFi信号,com.android.systemui,nightmode/res/drawable-xxhdpi/stat_sys_wifi_signal_0.png,58,58,,
statusbar,状态栏,系统界面(SystemUI) · 深色 xxhdpi,【状态栏】WiFi信号,com.android.systemui,nightmode/res/drawable-xxhdpi/stat_sys_wifi_signal_0_darkmode.png,58,58,,
statusbar,状态栏,系统界面(SystemUI) · 深色 xxhdpi,【状态栏】WiFi信号,com.android.systemui,nightmode/res/drawable-xxhdpi/stat_sys_wifi_signal_1.png,58,58,,
statusbar,状态栏,系统界面(SystemUI) · 深色 xxhdpi,【状态栏】WiFi信号,com.android.systemui,nightmode/res/drawable-xxhdpi/stat_sys_wifi_signal_1_darkmode.png,58,58,,
statusbar,状态栏,系统界面(SystemUI) · 深色 xxhdpi,【状态栏】WiFi信号,com.android.systemui,nightmode/res/drawable-xxhdpi/stat_sys_wifi_signal_2.png,58,58,,
statusbar,状态栏,系统界面(SystemUI) · 深色 xxhdpi,【状态栏】WiFi信号,com.android.systemui,nightmode/res/drawable-xxhdpi/stat_sys_wifi_signal_2_darkmode.png,58,58,,
statusbar,状态栏,系统界面(SystemUI) · 深色 xxhdpi,【状态栏】WiFi信号,com.android.systemui,nightmode/res/drawable-xxhdpi/stat_sys_wifi_signal_3.png,58,58,,
statusbar,状态栏,系统界面(SystemUI) · 深色 xxhdpi,【状态栏】WiFi信号,com.android.systemui,nightmode/res/drawable-xxhdpi/stat_sys_wifi_signal_3_darkmode.png,58,58,,
statusbar,状态栏,系统界面(SystemUI) · 深色 xxhdpi,【状态栏】WiFi信号,com.android.systemui,nightmode/res/drawable-xxhdpi/stat_sys_wifi_signal_4.png,58,58,,
statusbar,状态栏,系统界面(SystemUI) · 深色 xxhdpi,【状态栏】WiFi信号,com.android.systemui,nightmode/res/drawable-xxhdpi/stat_sys_wifi_signal_4_darkmode.png,58,58,,
statusbar,状态栏,系统界面(SystemUI) · 深色 xxhdpi,【状态栏】WiFi信号,com.android.systemui,nightmode/res/drawable-xxhdpi/stat_sys_wifi_signal_null.png,58,58,,
statusbar,状态栏,系统界面(SystemUI) · 深色 xxhdpi,【状态栏】WiFi信号,com.android.systemui,nightmode/res/drawable-xxhdpi/stat_sys_wifi_signal_null_darkmode.png,58,58,,
statusbar,状态栏,系统界面(SystemUI) · 深色 xxhdpi,【状态栏】快捷开关图标,com.android.systemui,nightmode/res/drawable-xxhdpi/status_bar_toggle_battery_saver_off.png,130,130,,
statusbar,状态栏,系统界面(SystemUI) · 深色 xxhdpi,【状态栏】快捷开关图标,com.android.systemui,nightmode/res/drawable-xxhdpi/status_bar_toggle_battery_saver_on.png,130,130,,
statusbar,状态栏,系统界面(SystemUI) · 深色 xxhdpi,【状态栏】快捷开关图标,com.android.systemui,nightmode/res/drawable-xxhdpi/status_bar_toggle_bluetooth_off.png,130,130,,
statusbar,状态栏,系统界面(SystemUI) · 深色 xxhdpi,【状态栏】快捷开关图标,com.android.systemui,nightmode/res/drawable-xxhdpi/status_bar_toggle_bluetooth_on.png,130,130,,
statusbar,状态栏,系统界面(SystemUI) · 深色 xxhdpi,【状态栏】快捷开关图标,com.android.systemui,nightmode/res/drawable-xxhdpi/status_bar_toggle_brightness_auto.png,130,130,,
statusbar,状态栏,系统界面(SystemUI) · 深色 xxhdpi,【状态栏】快捷开关图标,com.android.systemui,nightmode/res/drawable-xxhdpi/status_bar_toggle_brightness_manual.png,130,130,,
statusbar,状态栏,系统界面(SystemUI) · 深色 xxhdpi,【状态栏】快捷开关图标,com.android.systemui,nightmode/res/drawable-xxhdpi/status_bar_toggle_cast_off.png,130,130,,
statusbar,状态栏,系统界面(SystemUI) · 深色 xxhdpi,【状态栏】快捷开关图标,com.android.systemui,nightmode/res/drawable-xxhdpi/status_bar_toggle_cast_on.png,130,130,,
statusbar,状态栏,系统界面(SystemUI) · 深色 xxhdpi,【状态栏】快捷开关图标,com.android.systemui,nightmode/res/drawable-xxhdpi/status_bar_toggle_edit_off.png,130,130,,
statusbar,状态栏,系统界面(SystemUI) · 深色 xxhdpi,【状态栏】快捷开关图标,com.android.systemui,nightmode/res/drawable-xxhdpi/status_bar_toggle_edit_on.png,130,130,,
statusbar,状态栏,系统界面(SystemUI) · 深色 xxhdpi,【状态栏】快捷开关图标,com.android.systemui,nightmode/res/drawable-xxhdpi/status_bar_toggle_flight_mode_off.png,130,130,,
statusbar,状态栏,系统界面(SystemUI) · 深色 xxhdpi,【状态栏】快捷开关图标,com.android.systemui,nightmode/res/drawable-xxhdpi/status_bar_toggle_flight_mode_on.png,130,130,,
statusbar,状态栏,系统界面(SystemUI) · 深色 xxhdpi,【状态栏】快捷开关图标,com.android.systemui,nightmode/res/drawable-xxhdpi/status_bar_toggle_gps_off.png,130,130,,
statusbar,状态栏,系统界面(SystemUI) · 深色 xxhdpi,【状态栏】快捷开关图标,com.android.systemui,nightmode/res/drawable-xxhdpi/status_bar_toggle_gps_on.png,130,130,,
statusbar,状态栏,系统界面(SystemUI) · 深色 xxhdpi,【状态栏】快捷开关图标,com.android.systemui,nightmode/res/drawable-xxhdpi/status_bar_toggle_lock.png,130,130,,
statusbar,状态栏,系统界面(SystemUI) · 深色 xxhdpi,【状态栏】快捷开关图标,com.android.systemui,nightmode/res/drawable-xxhdpi/status_bar_toggle_lock_on.png,130,130,,
statusbar,状态栏,系统界面(SystemUI) · 深色 xxhdpi,【状态栏】快捷开关图标,com.android.systemui,nightmode/res/drawable-xxhdpi/status_bar_toggle_midrop_off.png,131,131,,
statusbar,状态栏,系统界面(SystemUI) · 深色 xxhdpi,【状态栏】快捷开关图标,com.android.systemui,nightmode/res/drawable-xxhdpi/status_bar_toggle_midrop_on.png,131,131,,
statusbar,状态栏,系统界面(SystemUI) · 深色 xxhdpi,【状态栏】快捷开关图标,com.android.systemui,nightmode/res/drawable-xxhdpi/status_bar_toggle_mute_off.png,130,130,,
statusbar,状态栏,系统界面(SystemUI) · 深色 xxhdpi,【状态栏】快捷开关图标,com.android.systemui,nightmode/res/drawable-xxhdpi/status_bar_toggle_mute_on.png,130,130,,
statusbar,状态栏,系统界面(SystemUI) · 深色 xxhdpi,【状态栏】快捷开关图标,com.android.systemui,nightmode/res/drawable-xxhdpi/status_bar_toggle_off_bg.png,130,130,,
statusbar,状态栏,系统界面(SystemUI) · 深色 xxhdpi,【状态栏】快捷开关图标,com.android.systemui,nightmode/res/drawable-xxhdpi/status_bar_toggle_paper_mode_off.png,130,130,,
statusbar,状态栏,系统界面(SystemUI) · 深色 xxhdpi,【状态栏】快捷开关图标,com.android.systemui,nightmode/res/drawable-xxhdpi/status_bar_toggle_paper_mode_on.png,130,130,,
statusbar,状态栏,系统界面(SystemUI) · 深色 xxhdpi,【状态栏】快捷开关图标,com.android.systemui,nightmode/res/drawable-xxhdpi/status_bar_toggle_power_high_off.png,130,130,,
statusbar,状态栏,系统界面(SystemUI) · 深色 xxhdpi,【状态栏】快捷开关图标,com.android.systemui,nightmode/res/drawable-xxhdpi/status_bar_toggle_power_high_on.png,130,130,,
statusbar,状态栏,系统界面(SystemUI) · 深色 xxhdpi,【状态栏】快捷开关图标,com.android.systemui,nightmode/res/drawable-xxhdpi/status_bar_toggle_quiet_mode_off.png,130,130,,
statusbar,状态栏,系统界面(SystemUI) · 深色 xxhdpi,【状态栏】快捷开关图标,com.android.systemui,nightmode/res/drawable-xxhdpi/status_bar_toggle_quiet_mode_on.png,130,130,,
statusbar,状态栏,系统界面(SystemUI) · 深色 xxhdpi,【状态栏】快捷开关图标,com.android.systemui,nightmode/res/drawable-xxhdpi/status_bar_toggle_rotate_lock_off.png,130,130,,
statusbar,状态栏,系统界面(SystemUI) · 深色 xxhdpi,【状态栏】快捷开关图标,com.android.systemui,nightmode/res/drawable-xxhdpi/status_bar_toggle_rotate_lock_on.png,130,130,,
statusbar,状态栏,系统界面(SystemUI) · 深色 xxhdpi,【状态栏】快捷开关图标,com.android.systemui,nightmode/res/drawable-xxhdpi/status_bar_toggle_screen_button_disabled.png,130,130,,
statusbar,状态栏,系统界面(SystemUI) · 深色 xxhdpi,【状态栏】快捷开关图标,com.android.systemui,nightmode/res/drawable-xxhdpi/status_bar_toggle_screen_button_enabled.png,130,130,,
statusbar,状态栏,系统界面(SystemUI) · 深色 xxhdpi,【状态栏】快捷开关图标,com.android.systemui,nightmode/res/drawable-xxhdpi/status_bar_toggle_screenshot.png,130,130,,
statusbar,状态栏,系统界面(SystemUI) · 深色 xxhdpi,【状态栏】快捷开关图标,com.android.systemui,nightmode/res/drawable-xxhdpi/status_bar_toggle_screenshot_on.png,130,130,,
statusbar,状态栏,系统界面(SystemUI) · 深色 xxhdpi,【状态栏】快捷开关图标,com.android.systemui,nightmode/res/drawable-xxhdpi/status_bar_toggle_sync_off.png,63,63,,
statusbar,状态栏,系统界面(SystemUI) · 深色 xxhdpi,【状态栏】快捷开关图标,com.android.systemui,nightmode/res/drawable-xxhdpi/status_bar_toggle_sync_on.png,63,63,,
statusbar,状态栏,系统界面(SystemUI) · 深色 xxhdpi,【状态栏】快捷开关图标,com.android.systemui,nightmode/res/drawable-xxhdpi/status_bar_toggle_vibrate_off.png,131,131,,
statusbar,状态栏,系统界面(SystemUI) · 深色 xxhdpi,【状态栏】快捷开关图标,com.android.systemui,nightmode/res/drawable-xxhdpi/status_bar_toggle_vibrate_on.png,131,131,,
statusbar,状态栏,系统界面(SystemUI) · 深色 xxhdpi,【状态栏】快捷开关图标,com.android.systemui,nightmode/res/drawable-xxhdpi/status_bar_toggle_wifi_ap_off.png,130,130,,
statusbar,状态栏,系统界面(SystemUI) · 深色 xxhdpi,【状态栏】快捷开关图标,com.android.systemui,nightmode/res/drawable-xxhdpi/status_bar_toggle_wifi_ap_on.png,130,130,,
statusbar,状态栏,系统界面(SystemUI) · 深色 xxhdpi,WiFi详情页信号图标,com.android.systemui,nightmode/res/drawable-xxhdpi/wifi_detail_signal_0.png,58,40,,
statusbar,状态栏,系统界面(SystemUI) · 深色 xxhdpi,WiFi详情页信号图标,com.android.systemui,nightmode/res/drawable-xxhdpi/wifi_detail_signal_1.png,58,40,,
statusbar,状态栏,系统界面(SystemUI) · 深色 xxhdpi,WiFi详情页信号图标,com.android.systemui,nightmode/res/drawable-xxhdpi/wifi_detail_signal_2.png,58,40,,
statusbar,状态栏,系统界面(SystemUI) · 深色 xxhdpi,WiFi详情页信号图标,com.android.systemui,nightmode/res/drawable-xxhdpi/wifi_detail_signal_3.png,58,40,,
statusbar,状态栏,系统界面(SystemUI) · 深色 xxhdpi,WiFi详情页信号图标,com.android.systemui,nightmode/res/drawable-xxhdpi/wifi_detail_signal_4.png,58,40,,
statusbar,状态栏,系统界面(SystemUI) · raw-xxhdpi,【状态栏】电池,com.android.systemui,nightmode/res/raw-xxhdpi/stat_sys_battery.png,80,6000,,
statusbar,状态栏,系统界面(SystemUI) · raw-xxhdpi,【状态栏】充电电池,com.android.systemui,nightmode/res/raw-xxhdpi/stat_sys_battery_charge.png,80,6000,,
statusbar,状态栏,系统界面(SystemUI) · raw-xxhdpi,【状态栏】充电电池（深色）,com.android.systemui,nightmode/res/raw-xxhdpi/stat_sys_battery_charge_darkmode.png,80,6000,,
statusbar,状态栏,系统界面(SystemUI) · raw-xxhdpi,【状态栏】数字充电,com.android.systemui,nightmode/res/raw-xxhdpi/stat_sys_battery_charge_digit.png,80,6000,,
statusbar,状态栏,系统界面(SystemUI) · raw-xxhdpi,【状态栏】数字充电（深色）,com.android.systemui,nightmode/res/raw-xxhdpi/stat_sys_battery_charge_digit_darkmode.png,80,6000,,
statusbar,状态栏,系统界面(SystemUI) · raw-xxhdpi,【状态栏】电池（深色）,com.android.systemui,nightmode/res/raw-xxhdpi/stat_sys_battery_darkmode.png,80,6000,,
statusbar,状态栏,系统界面(SystemUI) · raw-xxhdpi,【状态栏】数字电量,com.android.systemui,nightmode/res/raw-xxhdpi/stat_sys_battery_digital.png,80,6000,,
statusbar,状态栏,系统界面(SystemUI) · raw-xxhdpi,【状态栏】数字电量（深色）,com.android.systemui,nightmode/res/raw-xxhdpi/stat_sys_battery_digital_darkmode.png,80,6000,,
statusbar,状态栏,系统界面(SystemUI) · raw-xxhdpi,【状态栏】省电电池,com.android.systemui,nightmode/res/raw-xxhdpi/stat_sys_battery_power_save.png,80,6000,,
statusbar,状态栏,系统界面(SystemUI) · raw-xxhdpi,【状态栏】省电充电电池,com.android.systemui,nightmode/res/raw-xxhdpi/stat_sys_battery_power_save_charge.png,80,6000,,
statusbar,状态栏,系统界面(SystemUI) · raw-xxhdpi,【状态栏】省电充电电池（深色）,com.android.systemui,nightmode/res/raw-xxhdpi/stat_sys_battery_power_save_charge_darkmode.png,80,6000,,
statusbar,状态栏,系统界面(SystemUI) · raw-xxhdpi,【状态栏】省电电池,com.android.systemui,nightmode/res/raw-xxhdpi/stat_sys_battery_power_save_darkmode.png,80,6000,,
statusbar,状态栏,系统界面(SystemUI) · raw-xxhdpi,【状态栏】省电数字电量,com.android.systemui,nightmode/res/raw-xxhdpi/stat_sys_battery_power_save_digit.png,80,6000,,
statusbar,状态栏,系统界面(SystemUI) · raw-xxhdpi,【状态栏】省电数字充电,com.android.systemui,nightmode/res/raw-xxhdpi/stat_sys_battery_power_save_digit_charge.png,80,6000,,
statusbar,状态栏,系统界面(SystemUI) · raw-xxhdpi,【状态栏】省电数字充电,com.android.systemui,nightmode/res/raw-xxhdpi/stat_sys_battery_power_save_digit_charge_darkmode.png,80,6000,,
statusbar,状态栏,系统界面(SystemUI) · raw-xxhdpi,【状态栏】省电数字电量,com.android.systemui,nightmode/res/raw-xxhdpi/stat_sys_battery_power_save_digit_darkmode .png,80,6000,,
shade,下拉通知栏,系统界面(SystemUI) · nxhdpi,清除全部按钮（深色）,com.android.systemui,res/drawable-nxhdpi/btn_clear_all.png,260,260,,
controlcenter,控制中心,系统界面(SystemUI) · nxhdpi,控制中心自动亮度图标,com.android.systemui,res/drawable-nxhdpi/ic_cc_qs_auto_brightness_off.png,130,130,,
controlcenter,控制中心,系统界面(SystemUI) · nxhdpi,控制中心自动亮度图标,com.android.systemui,res/drawable-nxhdpi/ic_cc_qs_auto_brightness_on.png,130,130,,
controlcenter,控制中心,系统界面(SystemUI) · nxhdpi,【控制中心】开关底图,com.android.systemui,res/drawable-nxhdpi/ic_cc_qs_bg_a.png,179,179,,
controlcenter,控制中心,系统界面(SystemUI) · nxhdpi,【控制中心】自动亮度开关-激活,com.android.systemui,res/drawable-nxhdpi/ic_cc_qs_bg_active_auto_brightness.png,178,178,,
controlcenter,控制中心,系统界面(SystemUI) · nxhdpi,【控制中心】省电类开关-激活,com.android.systemui,res/drawable-nxhdpi/ic_cc_qs_bg_active_battery_related.png,178,178,,
controlcenter,控制中心,系统界面(SystemUI) · nxhdpi,【控制中心】普通开关-激活,com.android.systemui,res/drawable-nxhdpi/ic_cc_qs_bg_active_normal.png,178,178,,★
controlcenter,控制中心,系统界面(SystemUI) · nxhdpi,【控制中心】开关-未激活,com.android.systemui,res/drawable-nxhdpi/ic_cc_qs_bg_inactive.png,178,178,,★
controlcenter,控制中心,系统界面(SystemUI) · nxhdpi,【控制中心】开关-未激活(备用),com.android.systemui,res/drawable-nxhdpi/ic_cc_qs_bg_inacv.png,178,178,,
controlcenter,控制中心,系统界面(SystemUI) · nxhdpi,【控制中心】开关-不可用,com.android.systemui,res/drawable-nxhdpi/ic_cc_qs_bg_unavailable.png,178,178,,
shade,下拉通知栏,系统界面(SystemUI) · nxhdpi,快捷开关背景-关闭,com.android.systemui,res/drawable-nxhdpi/ic_qs_bg_disabled.9.png,178,178,是,
shade,下拉通知栏,系统界面(SystemUI) · nxhdpi,快捷开关背景-关闭,com.android.systemui,res/drawable-nxhdpi/ic_qs_bg_disabled.png,178,178,,
shade,下拉通知栏,系统界面(SystemUI) · nxhdpi,快捷开关背景-开启,com.android.systemui,res/drawable-nxhdpi/ic_qs_bg_enabled.9.png,178,178,是,★
shade,下拉通知栏,系统界面(SystemUI) · nxhdpi,快捷开关背景-开启,com.android.systemui,res/drawable-nxhdpi/ic_qs_bg_enabled.png,178,178,,★
controlcenter,控制中心,系统界面(SystemUI) · nxhdpi,【控制中心】大磁贴背景 0,com.android.systemui,res/drawable-nxhdpi/ic_qs_big_tile_bg_0.png,3366,1604,,
controlcenter,控制中心,系统界面(SystemUI) · nxhdpi,【控制中心】大磁贴背景 1,com.android.systemui,res/drawable-nxhdpi/ic_qs_big_tile_bg_1.png,3366,1604,,★
controlcenter,控制中心,系统界面(SystemUI) · nxhdpi,【控制中心】大磁贴背景 1_plugin,com.android.systemui,res/drawable-nxhdpi/ic_qs_big_tile_bg_1_plugin.png,3366,1604,,
controlcenter,控制中心,系统界面(SystemUI) · nxhdpi,【控制中心】大磁贴背景 2,com.android.systemui,res/drawable-nxhdpi/ic_qs_big_tile_bg_2.png,3366,1604,,
controlcenter,控制中心,系统界面(SystemUI) · nxhdpi,【控制中心】大磁贴背景 3,com.android.systemui,res/drawable-nxhdpi/ic_qs_big_tile_bg_3.png,3366,1604,,
controlcenter,控制中心,系统界面(SystemUI) · nxhdpi,【控制中心】大磁贴背景 4,com.android.systemui,res/drawable-nxhdpi/ic_qs_big_tile_bg_4.png,3366,1604,,
controlcenter,控制中心,系统界面(SystemUI) · nxhdpi,【控制中心】大磁贴背景 42,com.android.systemui,res/drawable-nxhdpi/ic_qs_big_tile_bg_42.png,426,220,,
controlcenter,控制中心,系统界面(SystemUI) · nxhdpi,【控制中心】大磁贴-未激活 0,com.android.systemui,res/drawable-nxhdpi/ic_qs_big_tile_bg_inactive_0.png,3366,1604,,
controlcenter,控制中心,系统界面(SystemUI) · nxhdpi,【控制中心】大磁贴-未激活 1,com.android.systemui,res/drawable-nxhdpi/ic_qs_big_tile_bg_inactive_1.png,3366,1604,,
controlcenter,控制中心,系统界面(SystemUI) · nxhdpi,【控制中心】大磁贴-未激活 2,com.android.systemui,res/drawable-nxhdpi/ic_qs_big_tile_bg_inactive_2.png,3366,1604,,
controlcenter,控制中心,系统界面(SystemUI) · nxhdpi,【控制中心】大磁贴-未激活 3,com.android.systemui,res/drawable-nxhdpi/ic_qs_big_tile_bg_inactive_3.png,3366,1604,,
controlcenter,控制中心,系统界面(SystemUI) · nxhdpi,【控制中心】大磁贴-未激活 4,com.android.systemui,res/drawable-nxhdpi/ic_qs_big_tile_bg_inactive_4.png,3366,1604,,
controlcenter,控制中心,系统界面(SystemUI) · nxhdpi,【控制中心】大磁贴-不可用 0,com.android.systemui,res/drawable-nxhdpi/ic_qs_big_tile_bg_unavailable_0.png,3366,1604,,
controlcenter,控制中心,系统界面(SystemUI) · nxhdpi,【控制中心】大磁贴-不可用 1,com.android.systemui,res/drawable-nxhdpi/ic_qs_big_tile_bg_unavailable_1.png,3366,1604,,
controlcenter,控制中心,系统界面(SystemUI) · nxhdpi,【控制中心】大磁贴-不可用 2,com.android.systemui,res/drawable-nxhdpi/ic_qs_big_tile_bg_unavailable_2.png,3366,1604,,
controlcenter,控制中心,系统界面(SystemUI) · nxhdpi,【控制中心】大磁贴-不可用 3,com.android.systemui,res/drawable-nxhdpi/ic_qs_big_tile_bg_unavailable_3.png,3366,1604,,
controlcenter,控制中心,系统界面(SystemUI) · nxhdpi,【控制中心】大磁贴-不可用 4,com.android.systemui,res/drawable-nxhdpi/ic_qs_big_tile_bg_unavailable_4.png,3366,1604,,
shade,下拉通知栏,系统界面(SystemUI) · nxhdpi,亮度条-自动亮度,com.android.systemui,res/drawable-nxhdpi/ic_qs_brightness_auto.png,64,64,,
shade,下拉通知栏,系统界面(SystemUI) · nxhdpi,亮度条-手动亮度,com.android.systemui,res/drawable-nxhdpi/ic_qs_brightness_manual.png,64,64,,
statusbar,状态栏,系统界面(SystemUI) · nxhdpi,【状态栏】虚拟导航键·返回,com.android.systemui,res/drawable-nxhdpi/ic_sysbar_back.png,72,72,,★
statusbar,状态栏,系统界面(SystemUI) · nxhdpi,【状态栏】虚拟导航键·返回,com.android.systemui,res/drawable-nxhdpi/ic_sysbar_back_darkmode.png,72,72,,
statusbar,状态栏,系统界面(SystemUI) · nxhdpi,【状态栏】虚拟导航键·返回（输入法收起）,com.android.systemui,res/drawable-nxhdpi/ic_sysbar_back_ime.png,120,120,,★
statusbar,状态栏,系统界面(SystemUI) · nxhdpi,【状态栏】虚拟导航键·返回（输入法收起）,com.android.systemui,res/drawable-nxhdpi/ic_sysbar_back_ime_darkmode.png,120,120,,
statusbar,状态栏,系统界面(SystemUI) · nxhdpi,【状态栏】虚拟导航键·主页,com.android.systemui,res/drawable-nxhdpi/ic_sysbar_home.png,100,72,,
statusbar,状态栏,系统界面(SystemUI) · nxhdpi,【状态栏】虚拟导航键·主页,com.android.systemui,res/drawable-nxhdpi/ic_sysbar_home_darkmode.png,100,72,,
statusbar,状态栏,系统界面(SystemUI) · nxhdpi,【状态栏】虚拟导航键·多任务,com.android.systemui,res/drawable-nxhdpi/ic_sysbar_recent.png,72,72,,
statusbar,状态栏,系统界面(SystemUI) · nxhdpi,【状态栏】虚拟导航键·多任务,com.android.systemui,res/drawable-nxhdpi/ic_sysbar_recent_darkmode.png,72,72,,
statusbar,状态栏,系统界面(SystemUI) · nxhdpi,刘海屏设置图标,com.android.systemui,res/drawable-nxhdpi/notch_settings_n.png,28,28,,
statusbar,状态栏,系统界面(SystemUI) · nxhdpi,刘海屏设置图标,com.android.systemui,res/drawable-nxhdpi/notch_settings_p.png,28,28,,
shade,下拉通知栏,系统界面(SystemUI) · nxhdpi,悬浮通知背景,com.android.systemui,res/drawable-nxhdpi/notification_heads_up_bg.9.png,307,244,是,★
shade,下拉通知栏,系统界面(SystemUI) · nxhdpi,单条通知卡片背景,com.android.systemui,res/drawable-nxhdpi/notification_item_bg.9.png,307,244,是,★
shade,下拉通知栏,系统界面(SystemUI) · nxhdpi,通知面板管理图标,com.android.systemui,res/drawable-nxhdpi/notification_panel_manage_icon.png,62,60,,
shade,下拉通知栏,系统界面(SystemUI) · nxhdpi,通知栏下拉面板背景,com.android.systemui,res/drawable-nxhdpi/notification_panel_window_bg.9.png,1080,2400,是,★
shade,下拉通知栏,系统界面(SystemUI) · nxhdpi,通知栏“清除全部”按钮,com.android.systemui,res/drawable-nxhdpi/notifications_clear_all.png,250,250,,★
shade,下拉通知栏,系统界面(SystemUI) · nxhdpi,notifications_panel_manage_icon.png,com.android.systemui,res/drawable-nxhdpi/notifications_panel_manage_icon.png,68,68,,
shade,下拉通知栏,系统界面(SystemUI) · nxhdpi,快捷开关弹窗背景,com.android.systemui,res/drawable-nxhdpi/panel_round_corner_bg.9.png,307,244,是,★
shade,下拉通知栏,系统界面(SystemUI) · nxhdpi,大磁贴展开指示,com.android.systemui,res/drawable-nxhdpi/qs_big_tile_expand_indicator.png,24,24,,
shade,下拉通知栏,系统界面(SystemUI) · nxhdpi,大磁贴展开指示,com.android.systemui,res/drawable-nxhdpi/qs_big_tile_expand_indicator_dark.png,24,24,,
controlcenter,控制中心,系统界面(SystemUI) · nxhdpi,控制中心面板背景,com.android.systemui,res/drawable-nxhdpi/qs_control_bg.9.png,1080,2400,是,★
controlcenter,控制中心,系统界面(SystemUI) · nxhdpi,亮度条背景,com.android.systemui,res/drawable-nxhdpi/qs_control_brightness_toggle_bg.9.png,714,192,是,★
controlcenter,控制中心,系统界面(SystemUI) · nxhdpi,亮度条进度背景,com.android.systemui,res/drawable-nxhdpi/qs_control_brightness_toggle_progress_bg.9.png,714,192,是,
controlcenter,控制中心,系统界面(SystemUI) · nxhdpi,低亮度护眼图案,com.android.systemui,res/drawable-nxhdpi/qs_control_low_brightness.png,85,85,,
controlcenter,控制中心,系统界面(SystemUI) · nxhdpi,控制中心设置按钮,com.android.systemui,res/drawable-nxhdpi/qs_control_settings.png,86,86,,
controlcenter,控制中心,系统界面(SystemUI) · nxhdpi,控制中心编辑按钮,com.android.systemui,res/drawable-nxhdpi/qs_control_tiles_edit.png,86,86,,
shade,下拉通知栏,系统界面(SystemUI) · nxhdpi,快捷开关展开指示,com.android.systemui,res/drawable-nxhdpi/qs_tile_expand_indicator.png,15,15,,
shade,下拉通知栏,系统界面(SystemUI) · nxhdpi,快捷开关展开指示,com.android.systemui,res/drawable-nxhdpi/qs_tile_expand_indicator_dark.png,15,15,,
shade,下拉通知栏,系统界面(SystemUI) · nxhdpi,最近任务卡片背景,com.android.systemui,res/drawable-nxhdpi/recent_task_bg.9.png,1080,2342,是,
statusbar,状态栏,系统界面(SystemUI) · nxhdpi,【状态栏】系统小图标,com.android.systemui,res/drawable-nxhdpi/stat_sys_alarm.png,49,60,,
statusbar,状态栏,系统界面(SystemUI) · nxhdpi,【状态栏】系统小图标,com.android.systemui,res/drawable-nxhdpi/stat_sys_bluetooth_handsfree_battery_1.png,69,55,,
statusbar,状态栏,系统界面(SystemUI) · nxhdpi,【状态栏】系统小图标,com.android.systemui,res/drawable-nxhdpi/stat_sys_bluetooth_handsfree_battery_1_darkmode.png,69,55,,
statusbar,状态栏,系统界面(SystemUI) · nxhdpi,【状态栏】系统小图标,com.android.systemui,res/drawable-nxhdpi/stat_sys_bluetooth_handsfree_battery_2.png,69,55,,
statusbar,状态栏,系统界面(SystemUI) · nxhdpi,【状态栏】系统小图标,com.android.systemui,res/drawable-nxhdpi/stat_sys_bluetooth_handsfree_battery_2_darkmode.png,69,55,,
statusbar,状态栏,系统界面(SystemUI) · nxhdpi,【状态栏】系统小图标,com.android.systemui,res/drawable-nxhdpi/stat_sys_bluetooth_handsfree_battery_3.png,69,55,,
statusbar,状态栏,系统界面(SystemUI) · nxhdpi,【状态栏】系统小图标,com.android.systemui,res/drawable-nxhdpi/stat_sys_bluetooth_handsfree_battery_3_darkmode.png,69,55,,
statusbar,状态栏,系统界面(SystemUI) · nxhdpi,【状态栏】系统小图标,com.android.systemui,res/drawable-nxhdpi/stat_sys_bluetooth_handsfree_battery_4.png,69,55,,
statusbar,状态栏,系统界面(SystemUI) · nxhdpi,【状态栏】系统小图标,com.android.systemui,res/drawable-nxhdpi/stat_sys_bluetooth_handsfree_battery_4_darkmode.png,69,55,,
statusbar,状态栏,系统界面(SystemUI) · nxhdpi,【状态栏】系统小图标,com.android.systemui,res/drawable-nxhdpi/stat_sys_bluetooth_handsfree_battery_5.png,69,55,,
statusbar,状态栏,系统界面(SystemUI) · nxhdpi,【状态栏】系统小图标,com.android.systemui,res/drawable-nxhdpi/stat_sys_bluetooth_handsfree_battery_5_darkmode.png,69,55,,
statusbar,状态栏,系统界面(SystemUI) · nxhdpi,【状态栏】系统小图标,com.android.systemui,res/drawable-nxhdpi/stat_sys_dual_gps_acquiring.png,41,56,,
statusbar,状态栏,系统界面(SystemUI) · nxhdpi,【状态栏】系统小图标,com.android.systemui,res/drawable-nxhdpi/stat_sys_dual_gps_acquiring_darkmode.png,41,56,,
statusbar,状态栏,系统界面(SystemUI) · nxhdpi,【状态栏】系统小图标,com.android.systemui,res/drawable-nxhdpi/stat_sys_dual_gps_on.png,41,56,,
statusbar,状态栏,系统界面(SystemUI) · nxhdpi,【状态栏】系统小图标,com.android.systemui,res/drawable-nxhdpi/stat_sys_dual_gps_on_darkmode.png,41,56,,
statusbar,状态栏,系统界面(SystemUI) · nxhdpi,【状态栏】系统小图标,com.android.systemui,res/drawable-nxhdpi/stat_sys_gps_acquiring.png,41,56,,
statusbar,状态栏,系统界面(SystemUI) · nxhdpi,【状态栏】系统小图标,com.android.systemui,res/drawable-nxhdpi/stat_sys_gps_acquiring_darkmode.png,41,56,,
statusbar,状态栏,系统界面(SystemUI) · nxhdpi,【状态栏】系统小图标,com.android.systemui,res/drawable-nxhdpi/stat_sys_gps_on.png,41,56,,
statusbar,状态栏,系统界面(SystemUI) · nxhdpi,【状态栏】系统小图标,com.android.systemui,res/drawable-nxhdpi/stat_sys_gps_on_darkmode.png,41,56,,
statusbar,状态栏,系统界面(SystemUI) · nxhdpi,【状态栏】信号图标,com.android.systemui,res/drawable-nxhdpi/stat_sys_signal.png,49,56,,
statusbar,状态栏,系统界面(SystemUI) · nxhdpi,【状态栏】信号格 0,com.android.systemui,res/drawable-nxhdpi/stat_sys_signal_0.png,60,60,,
statusbar,状态栏,系统界面(SystemUI) · nxhdpi,【状态栏】信号格 （深色）,com.android.systemui,res/drawable-nxhdpi/stat_sys_signal_0_darkmode.png,60,60,,
statusbar,状态栏,系统界面(SystemUI) · nxhdpi,【状态栏】信号格 .5,com.android.systemui,res/drawable-nxhdpi/stat_sys_signal_0_half.png,55,16,,
statusbar,状态栏,系统界面(SystemUI) · nxhdpi,【状态栏】信号格 .5（深色）,com.android.systemui,res/drawable-nxhdpi/stat_sys_signal_0_half_darkmode.png,55,16,,
statusbar,状态栏,系统界面(SystemUI) · nxhdpi,【状态栏】信号格 1,com.android.systemui,res/drawable-nxhdpi/stat_sys_signal_1.png,60,60,,
statusbar,状态栏,系统界面(SystemUI) · nxhdpi,【状态栏】信号格 （深色）,com.android.systemui,res/drawable-nxhdpi/stat_sys_signal_1_darkmode.png,60,60,,
statusbar,状态栏,系统界面(SystemUI) · nxhdpi,【状态栏】信号格 .5,com.android.systemui,res/drawable-nxhdpi/stat_sys_signal_1_half.png,55,16,,
statusbar,状态栏,系统界面(SystemUI) · nxhdpi,【状态栏】信号格 .5,com.android.systemui,res/drawable-nxhdpi/stat_sys_signal_1_half_darkmod.png,55,16,,
statusbar,状态栏,系统界面(SystemUI) · nxhdpi,【状态栏】信号格 .5（深色）,com.android.systemui,res/drawable-nxhdpi/stat_sys_signal_1_half_darkmode.png,55,16,,
statusbar,状态栏,系统界面(SystemUI) · nxhdpi,【状态栏】信号格 2,com.android.systemui,res/drawable-nxhdpi/stat_sys_signal_2.png,60,60,,
statusbar,状态栏,系统界面(SystemUI) · nxhdpi,【状态栏】信号格 （深色）,com.android.systemui,res/drawable-nxhdpi/stat_sys_signal_2_darkmode.png,60,60,,
statusbar,状态栏,系统界面(SystemUI) · nxhdpi,【状态栏】信号格 .5,com.android.systemui,res/drawable-nxhdpi/stat_sys_signal_2_half.png,55,16,,
statusbar,状态栏,系统界面(SystemUI) · nxhdpi,【状态栏】信号格 .5（深色）,com.android.systemui,res/drawable-nxhdpi/stat_sys_signal_2_half_darkmode.png,55,16,,
statusbar,状态栏,系统界面(SystemUI) · nxhdpi,【状态栏】信号格 3,com.android.systemui,res/drawable-nxhdpi/stat_sys_signal_3.png,60,60,,
statusbar,状态栏,系统界面(SystemUI) · nxhdpi,【状态栏】信号格 （深色）,com.android.systemui,res/drawable-nxhdpi/stat_sys_signal_3_darkmode.png,60,60,,
statusbar,状态栏,系统界面(SystemUI) · nxhdpi,【状态栏】信号格 .5,com.android.systemui,res/drawable-nxhdpi/stat_sys_signal_3_half.png,55,16,,
statusbar,状态栏,系统界面(SystemUI) · nxhdpi,【状态栏】信号格 .5（深色）,com.android.systemui,res/drawable-nxhdpi/stat_sys_signal_3_half_darkmode.png,55,16,,
statusbar,状态栏,系统界面(SystemUI) · nxhdpi,【状态栏】信号格 4,com.android.systemui,res/drawable-nxhdpi/stat_sys_signal_4.png,60,60,,★
statusbar,状态栏,系统界面(SystemUI) · nxhdpi,【状态栏】信号格 （深色）,com.android.systemui,res/drawable-nxhdpi/stat_sys_signal_4_darkmode.png,60,60,,
statusbar,状态栏,系统界面(SystemUI) · nxhdpi,【状态栏】信号格 .5,com.android.systemui,res/drawable-nxhdpi/stat_sys_signal_4_half.png,55,16,,
statusbar,状态栏,系统界面(SystemUI) · nxhdpi,【状态栏】信号格 .5（深色）,com.android.systemui,res/drawable-nxhdpi/stat_sys_signal_4_half_darkmode.png,55,16,,
statusbar,状态栏,系统界面(SystemUI) · nxhdpi,【状态栏】信号格 5,com.android.systemui,res/drawable-nxhdpi/stat_sys_signal_5.png,60,60,,
statusbar,状态栏,系统界面(SystemUI) · nxhdpi,【状态栏】信号格 （深色）,com.android.systemui,res/drawable-nxhdpi/stat_sys_signal_5_darkmode.png,60,60,,
statusbar,状态栏,系统界面(SystemUI) · nxhdpi,【状态栏】信号格 （深色）,com.android.systemui,res/drawable-nxhdpi/stat_sys_signal_5_darkmode1.png,60,60,,
statusbar,状态栏,系统界面(SystemUI) · nxhdpi,【状态栏】信号格 （深色）,com.android.systemui,res/drawable-nxhdpi/stat_sys_signal_5_darkmode2.png,60,60,,
statusbar,状态栏,系统界面(SystemUI) · nxhdpi,【状态栏】信号格 （深色）,com.android.systemui,res/drawable-nxhdpi/stat_sys_signal_5_darkmode22.png,60,60,,
statusbar,状态栏,系统界面(SystemUI) · nxhdpi,【状态栏】信号格 （深色）,com.android.systemui,res/drawable-nxhdpi/stat_sys_signal_5_darkmodew.png,65,60,,
statusbar,状态栏,系统界面(SystemUI) · nxhdpi,【状态栏】信号格 .5,com.android.systemui,res/drawable-nxhdpi/stat_sys_signal_5_half.png,55,16,,
statusbar,状态栏,系统界面(SystemUI) · nxhdpi,【状态栏】信号格 .5（深色）,com.android.systemui,res/drawable-nxhdpi/stat_sys_signal_5_half_darkmode.png,55,16,,
statusbar,状态栏,系统界面(SystemUI) · nxhdpi,【状态栏】数据网络图标,com.android.systemui,res/drawable-nxhdpi/stat_sys_signal_data.png,20,60,,
statusbar,状态栏,系统界面(SystemUI) · nxhdpi,【状态栏】数据网络图标,com.android.systemui,res/drawable-nxhdpi/stat_sys_signal_data_darkmode.png,20,60,,
statusbar,状态栏,系统界面(SystemUI) · nxhdpi,【状态栏】数据网络图标,com.android.systemui,res/drawable-nxhdpi/stat_sys_signal_data_left.png,20,60,,
statusbar,状态栏,系统界面(SystemUI) · nxhdpi,【状态栏】数据网络图标,com.android.systemui,res/drawable-nxhdpi/stat_sys_signal_data_left_darkmode.png,20,60,,
statusbar,状态栏,系统界面(SystemUI) · nxhdpi,【状态栏】数据上下行箭头,com.android.systemui,res/drawable-nxhdpi/stat_sys_signal_dual_data.png,16,60,,
statusbar,状态栏,系统界面(SystemUI) · nxhdpi,【状态栏】数据上下行箭头,com.android.systemui,res/drawable-nxhdpi/stat_sys_signal_dual_data_darkmode.png,16,60,,
statusbar,状态栏,系统界面(SystemUI) · nxhdpi,【状态栏】数据上下行箭头,com.android.systemui,res/drawable-nxhdpi/stat_sys_signal_dual_in.png,16,60,,
statusbar,状态栏,系统界面(SystemUI) · nxhdpi,【状态栏】数据上下行箭头,com.android.systemui,res/drawable-nxhdpi/stat_sys_signal_dual_in_darkmode.png,16,60,,
statusbar,状态栏,系统界面(SystemUI) · nxhdpi,【状态栏】数据上下行箭头,com.android.systemui,res/drawable-nxhdpi/stat_sys_signal_dual_inout.png,16,60,,
statusbar,状态栏,系统界面(SystemUI) · nxhdpi,【状态栏】数据上下行箭头,com.android.systemui,res/drawable-nxhdpi/stat_sys_signal_dual_inout_darkmode.png,16,60,,
statusbar,状态栏,系统界面(SystemUI) · nxhdpi,【状态栏】数据上下行箭头,com.android.systemui,res/drawable-nxhdpi/stat_sys_signal_dual_out.png,16,60,,
statusbar,状态栏,系统界面(SystemUI) · nxhdpi,【状态栏】数据上下行箭头,com.android.systemui,res/drawable-nxhdpi/stat_sys_signal_dual_out_darkmode.png,16,60,,
statusbar,状态栏,系统界面(SystemUI) · nxhdpi,【状态栏】信号状态图标,com.android.systemui,res/drawable-nxhdpi/stat_sys_signal_flightmode.png,56,60,,
statusbar,状态栏,系统界面(SystemUI) · nxhdpi,【状态栏】信号状态图标,com.android.systemui,res/drawable-nxhdpi/stat_sys_signal_flightmode_darkmode.png,56,60,,
statusbar,状态栏,系统界面(SystemUI) · nxhdpi,【状态栏】HD高清通话图标,com.android.systemui,res/drawable-nxhdpi/stat_sys_signal_hd_big.png,46,61,,
statusbar,状态栏,系统界面(SystemUI) · nxhdpi,【状态栏】HD高清通话图标,com.android.systemui,res/drawable-nxhdpi/stat_sys_signal_hd_big_darkmode.png,46,61,,
statusbar,状态栏,系统界面(SystemUI) · nxhdpi,【状态栏】HD高清通话图标,com.android.systemui,res/drawable-nxhdpi/stat_sys_signal_hd_notch.png,1,1,,
statusbar,状态栏,系统界面(SystemUI) · nxhdpi,【状态栏】HD高清通话图标,com.android.systemui,res/drawable-nxhdpi/stat_sys_signal_hd_notch_darkmode.png,1,1,,
statusbar,状态栏,系统界面(SystemUI) · nxhdpi,【状态栏】数据上下行箭头,com.android.systemui,res/drawable-nxhdpi/stat_sys_signal_in.png,20,60,,
statusbar,状态栏,系统界面(SystemUI) · nxhdpi,【状态栏】数据上下行箭头,com.android.systemui,res/drawable-nxhdpi/stat_sys_signal_in_darkmode.png,20,60,,
statusbar,状态栏,系统界面(SystemUI) · nxhdpi,【状态栏】数据上下行箭头,com.android.systemui,res/drawable-nxhdpi/stat_sys_signal_in_half.png,62,16,,
statusbar,状态栏,系统界面(SystemUI) · nxhdpi,【状态栏】数据上下行箭头,com.android.systemui,res/drawable-nxhdpi/stat_sys_signal_in_half_darkmode.png,62,16,,
statusbar,状态栏,系统界面(SystemUI) · nxhdpi,【状态栏】数据上下行箭头,com.android.systemui,res/drawable-nxhdpi/stat_sys_signal_in_left.png,20,60,,
statusbar,状态栏,系统界面(SystemUI) · nxhdpi,【状态栏】数据上下行箭头,com.android.systemui,res/drawable-nxhdpi/stat_sys_signal_in_left_darkmode.png,20,60,,
statusbar,状态栏,系统界面(SystemUI) · nxhdpi,【状态栏】数据上下行箭头,com.android.systemui,res/drawable-nxhdpi/stat_sys_signal_inout.png,20,60,,
statusbar,状态栏,系统界面(SystemUI) · nxhdpi,【状态栏】数据上下行箭头,com.android.systemui,res/drawable-nxhdpi/stat_sys_signal_inout_darkmode.png,20,60,,
statusbar,状态栏,系统界面(SystemUI) · nxhdpi,【状态栏】数据上下行箭头,com.android.systemui,res/drawable-nxhdpi/stat_sys_signal_inout_half.png,62,16,,
statusbar,状态栏,系统界面(SystemUI) · nxhdpi,【状态栏】数据上下行箭头,com.android.systemui,res/drawable-nxhdpi/stat_sys_signal_inout_half_darkmode.png,62,16,,
statusbar,状态栏,系统界面(SystemUI) · nxhdpi,【状态栏】数据上下行箭头,com.android.systemui,res/drawable-nxhdpi/stat_sys_signal_inout_left.png,20,60,,
statusbar,状态栏,系统界面(SystemUI) · nxhdpi,【状态栏】数据上下行箭头,com.android.systemui,res/drawable-nxhdpi/stat_sys_signal_inout_left_darkmode.png,20,60,,
statusbar,状态栏,系统界面(SystemUI) · nxhdpi,【状态栏】信号状态图标,com.android.systemui,res/drawable-nxhdpi/stat_sys_signal_null.png,55,60,,
statusbar,状态栏,系统界面(SystemUI) · nxhdpi,【状态栏】信号状态图标,com.android.systemui,res/drawable-nxhdpi/stat_sys_signal_null_darkmode.png,55,60,,
statusbar,状态栏,系统界面(SystemUI) · nxhdpi,【状态栏】信号状态图标,com.android.systemui,res/drawable-nxhdpi/stat_sys_signal_null_half.png,55,16,,
statusbar,状态栏,系统界面(SystemUI) · nxhdpi,【状态栏】信号状态图标,com.android.systemui,res/drawable-nxhdpi/stat_sys_signal_null_half_darkmode.png,55,16,,
statusbar,状态栏,系统界面(SystemUI) · nxhdpi,【状态栏】数据上下行箭头,com.android.systemui,res/drawable-nxhdpi/stat_sys_signal_out.png,20,60,,
statusbar,状态栏,系统界面(SystemUI) · nxhdpi,【状态栏】数据上下行箭头,com.android.systemui,res/drawable-nxhdpi/stat_sys_signal_out_darkmode.png,20,60,,
statusbar,状态栏,系统界面(SystemUI) · nxhdpi,【状态栏】数据上下行箭头,com.android.systemui,res/drawable-nxhdpi/stat_sys_signal_out_half.png,62,16,,
statusbar,状态栏,系统界面(SystemUI) · nxhdpi,【状态栏】数据上下行箭头,com.android.systemui,res/drawable-nxhdpi/stat_sys_signal_out_half_darkmode.png,62,16,,
statusbar,状态栏,系统界面(SystemUI) · nxhdpi,【状态栏】数据上下行箭头,com.android.systemui,res/drawable-nxhdpi/stat_sys_signal_out_left.png,20,60,,
statusbar,状态栏,系统界面(SystemUI) · nxhdpi,【状态栏】数据上下行箭头,com.android.systemui,res/drawable-nxhdpi/stat_sys_signal_out_left_darkmode.png,20,60,,
statusbar,状态栏,系统界面(SystemUI) · nxhdpi,【状态栏】信号状态图标,com.android.systemui,res/drawable-nxhdpi/stat_sys_signal_upgrade.png,18,56,,
statusbar,状态栏,系统界面(SystemUI) · nxhdpi,【状态栏】信号状态图标,com.android.systemui,res/drawable-nxhdpi/stat_sys_signal_upgrade_darkmode.png,18,56,,
statusbar,状态栏,系统界面(SystemUI) · nxhdpi,【状态栏】VoLTE图标,com.android.systemui,res/drawable-nxhdpi/stat_sys_signal_volte.png,48,56,,
statusbar,状态栏,系统界面(SystemUI) · nxhdpi,【状态栏】VoLTE图标,com.android.systemui,res/drawable-nxhdpi/stat_sys_signal_volte_darkmode.png,48,56,,
statusbar,状态栏,系统界面(SystemUI) · nxhdpi,【状态栏】系统小图标,com.android.systemui,res/drawable-nxhdpi/stat_sys_sim_card_1.png,42,42,,
statusbar,状态栏,系统界面(SystemUI) · nxhdpi,【状态栏】系统小图标,com.android.systemui,res/drawable-nxhdpi/stat_sys_sim_card_2.png,42,42,,
statusbar,状态栏,系统界面(SystemUI) · nxhdpi,【状态栏】副WiFi信号 ,com.android.systemui,res/drawable-nxhdpi/stat_sys_slave_wifi_signal_0.png,60,56,,
statusbar,状态栏,系统界面(SystemUI) · nxhdpi,【状态栏】副WiFi信号 ,com.android.systemui,res/drawable-nxhdpi/stat_sys_slave_wifi_signal_0_darkmode.png,60,56,,
statusbar,状态栏,系统界面(SystemUI) · nxhdpi,【状态栏】副WiFi信号 ,com.android.systemui,res/drawable-nxhdpi/stat_sys_slave_wifi_signal_1.png,60,56,,
statusbar,状态栏,系统界面(SystemUI) · nxhdpi,【状态栏】副WiFi信号 ,com.android.systemui,res/drawable-nxhdpi/stat_sys_slave_wifi_signal_1_darkmode.png,60,56,,
statusbar,状态栏,系统界面(SystemUI) · nxhdpi,【状态栏】副WiFi信号 ,com.android.systemui,res/drawable-nxhdpi/stat_sys_slave_wifi_signal_2.png,60,56,,
statusbar,状态栏,系统界面(SystemUI) · nxhdpi,【状态栏】副WiFi信号 ,com.android.systemui,res/drawable-nxhdpi/stat_sys_slave_wifi_signal_2_darkmode.png,60,56,,
statusbar,状态栏,系统界面(SystemUI) · nxhdpi,【状态栏】副WiFi信号 ,com.android.systemui,res/drawable-nxhdpi/stat_sys_slave_wifi_signal_3.png,60,56,,
statusbar,状态栏,系统界面(SystemUI) · nxhdpi,【状态栏】副WiFi信号 ,com.android.systemui,res/drawable-nxhdpi/stat_sys_slave_wifi_signal_3_darkmode.png,60,56,,
statusbar,状态栏,系统界面(SystemUI) · nxhdpi,【状态栏】副WiFi信号 ,com.android.systemui,res/drawable-nxhdpi/stat_sys_slave_wifi_signal_4.png,60,56,,
statusbar,状态栏,系统界面(SystemUI) · nxhdpi,【状态栏】副WiFi信号 ,com.android.systemui,res/drawable-nxhdpi/stat_sys_slave_wifi_signal_4_darkmode.png,62,56,,
statusbar,状态栏,系统界面(SystemUI) · nxhdpi,【状态栏】系统小图标,com.android.systemui,res/drawable-nxhdpi/stat_sys_sos.png,56,56,,
statusbar,状态栏,系统界面(SystemUI) · nxhdpi,【状态栏】系统小图标,com.android.systemui,res/drawable-nxhdpi/stat_sys_sos_darkmode.png,56,56,,
statusbar,状态栏,系统界面(SystemUI) · nxhdpi,【状态栏】系统小图标,com.android.systemui,res/drawable-nxhdpi/stat_sys_speakerphone.png,48,56,,
statusbar,状态栏,系统界面(SystemUI) · nxhdpi,【状态栏】系统小图标,com.android.systemui,res/drawable-nxhdpi/stat_sys_speakerphone_darkmode.png,48,56,,
statusbar,状态栏,系统界面(SystemUI) · nxhdpi,【状态栏】系统小图标,com.android.systemui,res/drawable-nxhdpi/stat_sys_speech_hd.png,50,56,,
statusbar,状态栏,系统界面(SystemUI) · nxhdpi,【状态栏】系统小图标,com.android.systemui,res/drawable-nxhdpi/stat_sys_speech_hd_darkmode.png,50,56,,
statusbar,状态栏,系统界面(SystemUI) · nxhdpi,【状态栏】系统小图标,com.android.systemui,res/drawable-nxhdpi/stat_sys_sync_0.png,49,56,,
statusbar,状态栏,系统界面(SystemUI) · nxhdpi,【状态栏】系统小图标,com.android.systemui,res/drawable-nxhdpi/stat_sys_sync_0_darkmode.png,49,56,,
statusbar,状态栏,系统界面(SystemUI) · nxhdpi,【状态栏】系统小图标,com.android.systemui,res/drawable-nxhdpi/stat_sys_sync_1.png,49,56,,
statusbar,状态栏,系统界面(SystemUI) · nxhdpi,【状态栏】系统小图标,com.android.systemui,res/drawable-nxhdpi/stat_sys_sync_1_darkmode.png,49,56,,
statusbar,状态栏,系统界面(SystemUI) · nxhdpi,【状态栏】系统小图标,com.android.systemui,res/drawable-nxhdpi/stat_sys_sync_2.png,49,56,,
statusbar,状态栏,系统界面(SystemUI) · nxhdpi,【状态栏】系统小图标,com.android.systemui,res/drawable-nxhdpi/stat_sys_sync_2_darkmode.png,49,56,,
statusbar,状态栏,系统界面(SystemUI) · nxhdpi,【状态栏】系统小图标,com.android.systemui,res/drawable-nxhdpi/stat_sys_sync_3.png,49,56,,
statusbar,状态栏,系统界面(SystemUI) · nxhdpi,【状态栏】系统小图标,com.android.systemui,res/drawable-nxhdpi/stat_sys_sync_3_darkmode.png,49,56,,
statusbar,状态栏,系统界面(SystemUI) · nxhdpi,【状态栏】系统小图标,com.android.systemui,res/drawable-nxhdpi/stat_sys_sync_error.png,49,56,,
statusbar,状态栏,系统界面(SystemUI) · nxhdpi,【状态栏】系统小图标,com.android.systemui,res/drawable-nxhdpi/stat_sys_sync_error_darkmode.png,49,56,,
statusbar,状态栏,系统界面(SystemUI) · nxhdpi,【状态栏】系统小图标,com.android.systemui,res/drawable-nxhdpi/stat_sys_usb_share.png,39,56,,
statusbar,状态栏,系统界面(SystemUI) · nxhdpi,【状态栏】系统小图标,com.android.systemui,res/drawable-nxhdpi/stat_sys_usb_share_darkmode.png,39,56,,
statusbar,状态栏,系统界面(SystemUI) · nxhdpi,【状态栏】系统小图标,com.android.systemui,res/drawable-nxhdpi/stat_sys_volte.png,50,60,,
statusbar,状态栏,系统界面(SystemUI) · nxhdpi,【状态栏】系统小图标,com.android.systemui,res/drawable-nxhdpi/stat_sys_volte_darkmode.png,50,60,,
statusbar,状态栏,系统界面(SystemUI) · nxhdpi,【状态栏】系统小图标,com.android.systemui,res/drawable-nxhdpi/stat_sys_volte_no_service.png,44,56,,
statusbar,状态栏,系统界面(SystemUI) · nxhdpi,【状态栏】系统小图标,com.android.systemui,res/drawable-nxhdpi/stat_sys_volte_no_service_darkmode.png,44,56,,
statusbar,状态栏,系统界面(SystemUI) · nxhdpi,【状态栏】系统小图标,com.android.systemui,res/drawable-nxhdpi/stat_sys_vowifi.png,49,56,,
statusbar,状态栏,系统界面(SystemUI) · nxhdpi,【状态栏】系统小图标,com.android.systemui,res/drawable-nxhdpi/stat_sys_vowifi_darkmode.png,49,56,,
statusbar,状态栏,系统界面(SystemUI) · nxhdpi,【状态栏】系统小图标,com.android.systemui,res/drawable-nxhdpi/stat_sys_vpn.png,66,56,,
statusbar,状态栏,系统界面(SystemUI) · nxhdpi,【状态栏】系统小图标,com.android.systemui,res/drawable-nxhdpi/stat_sys_vpn_darkmode.png,66,56,,
statusbar,状态栏,系统界面(SystemUI) · nxhdpi,【状态栏】WiFi状态图标,com.android.systemui,res/drawable-nxhdpi/stat_sys_wifi_ap.png,64,60,,
statusbar,状态栏,系统界面(SystemUI) · nxhdpi,【状态栏】WiFi状态图标,com.android.systemui,res/drawable-nxhdpi/stat_sys_wifi_ap_darkmode.png,64,60,,
statusbar,状态栏,系统界面(SystemUI) · nxhdpi,【状态栏】WiFi状态图标,com.android.systemui,res/drawable-nxhdpi/stat_sys_wifi_ap_on.png,58,58,,
statusbar,状态栏,系统界面(SystemUI) · nxhdpi,【状态栏】WiFi状态图标,com.android.systemui,res/drawable-nxhdpi/stat_sys_wifi_ap_on_darkmode.png,58,58,,
statusbar,状态栏,系统界面(SystemUI) · nxhdpi,【状态栏】WiFi状态图标,com.android.systemui,res/drawable-nxhdpi/stat_sys_wifi_in.png,54,60,,
statusbar,状态栏,系统界面(SystemUI) · nxhdpi,【状态栏】WiFi状态图标,com.android.systemui,res/drawable-nxhdpi/stat_sys_wifi_in_darkmode.png,54,60,,
statusbar,状态栏,系统界面(SystemUI) · nxhdpi,【状态栏】WiFi状态图标,com.android.systemui,res/drawable-nxhdpi/stat_sys_wifi_inout.png,54,60,,
statusbar,状态栏,系统界面(SystemUI) · nxhdpi,【状态栏】WiFi状态图标,com.android.systemui,res/drawable-nxhdpi/stat_sys_wifi_inout_darkmode.png,54,60,,
statusbar,状态栏,系统界面(SystemUI) · nxhdpi,【状态栏】WiFi状态图标,com.android.systemui,res/drawable-nxhdpi/stat_sys_wifi_out.png,54,60,,
statusbar,状态栏,系统界面(SystemUI) · nxhdpi,【状态栏】WiFi状态图标,com.android.systemui,res/drawable-nxhdpi/stat_sys_wifi_out_darkmode.png,54,60,,
statusbar,状态栏,系统界面(SystemUI) · nxhdpi,【状态栏】WiFi信号,com.android.systemui,res/drawable-nxhdpi/stat_sys_wifi_signal_0.png,58,58,,
statusbar,状态栏,系统界面(SystemUI) · nxhdpi,【状态栏】WiFi信号,com.android.systemui,res/drawable-nxhdpi/stat_sys_wifi_signal_0_darkmode.png,58,58,,
statusbar,状态栏,系统界面(SystemUI) · nxhdpi,【状态栏】WiFi信号,com.android.systemui,res/drawable-nxhdpi/stat_sys_wifi_signal_1.png,58,58,,
statusbar,状态栏,系统界面(SystemUI) · nxhdpi,【状态栏】WiFi信号,com.android.systemui,res/drawable-nxhdpi/stat_sys_wifi_signal_1_darkmode.png,58,58,,
statusbar,状态栏,系统界面(SystemUI) · nxhdpi,【状态栏】WiFi信号,com.android.systemui,res/drawable-nxhdpi/stat_sys_wifi_signal_2.png,58,58,,
statusbar,状态栏,系统界面(SystemUI) · nxhdpi,【状态栏】WiFi信号,com.android.systemui,res/drawable-nxhdpi/stat_sys_wifi_signal_2_darkmode.png,58,58,,
statusbar,状态栏,系统界面(SystemUI) · nxhdpi,【状态栏】WiFi信号,com.android.systemui,res/drawable-nxhdpi/stat_sys_wifi_signal_3.png,58,58,,
statusbar,状态栏,系统界面(SystemUI) · nxhdpi,【状态栏】WiFi信号,com.android.systemui,res/drawable-nxhdpi/stat_sys_wifi_signal_3_darkmode.png,58,58,,
statusbar,状态栏,系统界面(SystemUI) · nxhdpi,【状态栏】WiFi信号,com.android.systemui,res/drawable-nxhdpi/stat_sys_wifi_signal_4.png,58,58,,★
statusbar,状态栏,系统界面(SystemUI) · nxhdpi,【状态栏】WiFi信号,com.android.systemui,res/drawable-nxhdpi/stat_sys_wifi_signal_4_darkmode.png,58,58,,
statusbar,状态栏,系统界面(SystemUI) · nxhdpi,【状态栏】WiFi信号,com.android.systemui,res/drawable-nxhdpi/stat_sys_wifi_signal_null.png,58,58,,
statusbar,状态栏,系统界面(SystemUI) · nxhdpi,【状态栏】WiFi信号,com.android.systemui,res/drawable-nxhdpi/stat_sys_wifi_signal_null_darkmode.png,58,58,,
statusbar,状态栏,系统界面(SystemUI) · nxhdpi,【状态栏】快捷开关图标,com.android.systemui,res/drawable-nxhdpi/status_bar_toggle_battery_saver_off.png,130,130,,
statusbar,状态栏,系统界面(SystemUI) · nxhdpi,【状态栏】快捷开关图标,com.android.systemui,res/drawable-nxhdpi/status_bar_toggle_battery_saver_on.png,130,130,,
statusbar,状态栏,系统界面(SystemUI) · nxhdpi,【状态栏】快捷开关图标,com.android.systemui,res/drawable-nxhdpi/status_bar_toggle_bluetooth_off.png,130,130,,
statusbar,状态栏,系统界面(SystemUI) · nxhdpi,【状态栏】快捷开关图标,com.android.systemui,res/drawable-nxhdpi/status_bar_toggle_bluetooth_on.png,130,130,,
statusbar,状态栏,系统界面(SystemUI) · nxhdpi,【状态栏】快捷开关图标,com.android.systemui,res/drawable-nxhdpi/status_bar_toggle_brightness_auto.png,130,130,,
statusbar,状态栏,系统界面(SystemUI) · nxhdpi,【状态栏】快捷开关图标,com.android.systemui,res/drawable-nxhdpi/status_bar_toggle_brightness_manual.png,130,130,,
statusbar,状态栏,系统界面(SystemUI) · nxhdpi,【状态栏】快捷开关图标,com.android.systemui,res/drawable-nxhdpi/status_bar_toggle_cast_off.png,130,130,,
statusbar,状态栏,系统界面(SystemUI) · nxhdpi,【状态栏】快捷开关图标,com.android.systemui,res/drawable-nxhdpi/status_bar_toggle_cast_on.png,130,130,,
statusbar,状态栏,系统界面(SystemUI) · nxhdpi,【状态栏】快捷开关图标,com.android.systemui,res/drawable-nxhdpi/status_bar_toggle_edit_off.png,130,130,,
statusbar,状态栏,系统界面(SystemUI) · nxhdpi,【状态栏】快捷开关图标,com.android.systemui,res/drawable-nxhdpi/status_bar_toggle_edit_on.png,130,130,,
statusbar,状态栏,系统界面(SystemUI) · nxhdpi,【状态栏】快捷开关图标,com.android.systemui,res/drawable-nxhdpi/status_bar_toggle_flight_mode_off.png,130,130,,
statusbar,状态栏,系统界面(SystemUI) · nxhdpi,【状态栏】快捷开关图标,com.android.systemui,res/drawable-nxhdpi/status_bar_toggle_flight_mode_on.png,130,130,,
statusbar,状态栏,系统界面(SystemUI) · nxhdpi,【状态栏】快捷开关图标,com.android.systemui,res/drawable-nxhdpi/status_bar_toggle_gps_off.png,130,130,,
statusbar,状态栏,系统界面(SystemUI) · nxhdpi,【状态栏】快捷开关图标,com.android.systemui,res/drawable-nxhdpi/status_bar_toggle_gps_on.png,130,130,,
statusbar,状态栏,系统界面(SystemUI) · nxhdpi,【状态栏】快捷开关图标,com.android.systemui,res/drawable-nxhdpi/status_bar_toggle_lock.png,130,130,,
statusbar,状态栏,系统界面(SystemUI) · nxhdpi,【状态栏】快捷开关图标,com.android.systemui,res/drawable-nxhdpi/status_bar_toggle_lock_on.png,130,130,,
statusbar,状态栏,系统界面(SystemUI) · nxhdpi,【状态栏】快捷开关图标,com.android.systemui,res/drawable-nxhdpi/status_bar_toggle_midrop_off.png,131,131,,
statusbar,状态栏,系统界面(SystemUI) · nxhdpi,【状态栏】快捷开关图标,com.android.systemui,res/drawable-nxhdpi/status_bar_toggle_midrop_on.png,131,131,,
statusbar,状态栏,系统界面(SystemUI) · nxhdpi,【状态栏】快捷开关图标,com.android.systemui,res/drawable-nxhdpi/status_bar_toggle_mute_off.png,130,130,,
statusbar,状态栏,系统界面(SystemUI) · nxhdpi,【状态栏】快捷开关图标,com.android.systemui,res/drawable-nxhdpi/status_bar_toggle_mute_on.png,130,130,,
statusbar,状态栏,系统界面(SystemUI) · nxhdpi,【状态栏】快捷开关图标,com.android.systemui,res/drawable-nxhdpi/status_bar_toggle_off_bg.png,130,130,,
statusbar,状态栏,系统界面(SystemUI) · nxhdpi,【状态栏】快捷开关图标,com.android.systemui,res/drawable-nxhdpi/status_bar_toggle_paper_mode_off.png,130,130,,
statusbar,状态栏,系统界面(SystemUI) · nxhdpi,【状态栏】快捷开关图标,com.android.systemui,res/drawable-nxhdpi/status_bar_toggle_paper_mode_on.png,130,130,,
statusbar,状态栏,系统界面(SystemUI) · nxhdpi,【状态栏】快捷开关图标,com.android.systemui,res/drawable-nxhdpi/status_bar_toggle_power_high_off.png,130,130,,
statusbar,状态栏,系统界面(SystemUI) · nxhdpi,【状态栏】快捷开关图标,com.android.systemui,res/drawable-nxhdpi/status_bar_toggle_power_high_on.png,130,130,,
statusbar,状态栏,系统界面(SystemUI) · nxhdpi,【状态栏】快捷开关图标,com.android.systemui,res/drawable-nxhdpi/status_bar_toggle_quiet_mode_off.png,130,130,,
statusbar,状态栏,系统界面(SystemUI) · nxhdpi,【状态栏】快捷开关图标,com.android.systemui,res/drawable-nxhdpi/status_bar_toggle_quiet_mode_on.png,130,130,,
statusbar,状态栏,系统界面(SystemUI) · nxhdpi,【状态栏】快捷开关图标,com.android.systemui,res/drawable-nxhdpi/status_bar_toggle_rotate_lock_off.png,130,130,,
statusbar,状态栏,系统界面(SystemUI) · nxhdpi,【状态栏】快捷开关图标,com.android.systemui,res/drawable-nxhdpi/status_bar_toggle_rotate_lock_on.png,130,130,,
statusbar,状态栏,系统界面(SystemUI) · nxhdpi,【状态栏】快捷开关图标,com.android.systemui,res/drawable-nxhdpi/status_bar_toggle_screen_button_disabled.png,130,130,,
statusbar,状态栏,系统界面(SystemUI) · nxhdpi,【状态栏】快捷开关图标,com.android.systemui,res/drawable-nxhdpi/status_bar_toggle_screen_button_enabled.png,130,130,,
statusbar,状态栏,系统界面(SystemUI) · nxhdpi,【状态栏】快捷开关图标,com.android.systemui,res/drawable-nxhdpi/status_bar_toggle_screenshot.png,130,130,,
statusbar,状态栏,系统界面(SystemUI) · nxhdpi,【状态栏】快捷开关图标,com.android.systemui,res/drawable-nxhdpi/status_bar_toggle_screenshot_on.png,130,130,,
statusbar,状态栏,系统界面(SystemUI) · nxhdpi,【状态栏】快捷开关图标,com.android.systemui,res/drawable-nxhdpi/status_bar_toggle_sync_off.png,63,63,,
statusbar,状态栏,系统界面(SystemUI) · nxhdpi,【状态栏】快捷开关图标,com.android.systemui,res/drawable-nxhdpi/status_bar_toggle_sync_on.png,63,63,,
statusbar,状态栏,系统界面(SystemUI) · nxhdpi,【状态栏】快捷开关图标,com.android.systemui,res/drawable-nxhdpi/status_bar_toggle_vibrate_off.png,131,131,,
statusbar,状态栏,系统界面(SystemUI) · nxhdpi,【状态栏】快捷开关图标,com.android.systemui,res/drawable-nxhdpi/status_bar_toggle_vibrate_on.png,131,131,,
statusbar,状态栏,系统界面(SystemUI) · nxhdpi,【状态栏】快捷开关图标,com.android.systemui,res/drawable-nxhdpi/status_bar_toggle_wifi_ap_off.png,130,130,,
statusbar,状态栏,系统界面(SystemUI) · nxhdpi,【状态栏】快捷开关图标,com.android.systemui,res/drawable-nxhdpi/status_bar_toggle_wifi_ap_on.png,130,130,,
statusbar,状态栏,系统界面(SystemUI) · nxhdpi,WiFi详情页信号图标,com.android.systemui,res/drawable-nxhdpi/wifi_detail_signal_0.png,58,40,,
statusbar,状态栏,系统界面(SystemUI) · nxhdpi,WiFi详情页信号图标,com.android.systemui,res/drawable-nxhdpi/wifi_detail_signal_1.png,58,40,,
statusbar,状态栏,系统界面(SystemUI) · nxhdpi,WiFi详情页信号图标,com.android.systemui,res/drawable-nxhdpi/wifi_detail_signal_2.png,58,40,,
statusbar,状态栏,系统界面(SystemUI) · nxhdpi,WiFi详情页信号图标,com.android.systemui,res/drawable-nxhdpi/wifi_detail_signal_3.png,58,40,,
statusbar,状态栏,系统界面(SystemUI) · nxhdpi,WiFi详情页信号图标,com.android.systemui,res/drawable-nxhdpi/wifi_detail_signal_4.png,58,40,,
shade,下拉通知栏,系统界面(SystemUI) · xxhdpi,清除全部按钮（深色）,com.android.systemui,res/drawable-xxhdpi/btn_clear_all.png,260,260,,
framework,全局系统控件,系统界面(SystemUI) · xxhdpi,人脸解锁动画（成功，深色）,com.android.systemui,res/drawable-xxhdpi/face_unlock_black_success0.png,78,78,,
framework,全局系统控件,系统界面(SystemUI) · xxhdpi,人脸解锁动画（成功，深色）,com.android.systemui,res/drawable-xxhdpi/face_unlock_black_success1.png,78,78,,
framework,全局系统控件,系统界面(SystemUI) · xxhdpi,人脸解锁动画（成功，深色）,com.android.systemui,res/drawable-xxhdpi/face_unlock_black_success10.png,78,78,,
framework,全局系统控件,系统界面(SystemUI) · xxhdpi,人脸解锁动画（成功，深色）,com.android.systemui,res/drawable-xxhdpi/face_unlock_black_success11.png,78,78,,
framework,全局系统控件,系统界面(SystemUI) · xxhdpi,人脸解锁动画（成功，深色）,com.android.systemui,res/drawable-xxhdpi/face_unlock_black_success12.png,78,78,,
framework,全局系统控件,系统界面(SystemUI) · xxhdpi,人脸解锁动画（成功，深色）,com.android.systemui,res/drawable-xxhdpi/face_unlock_black_success13.png,78,78,,
framework,全局系统控件,系统界面(SystemUI) · xxhdpi,人脸解锁动画（成功，深色）,com.android.systemui,res/drawable-xxhdpi/face_unlock_black_success14.png,78,78,,
framework,全局系统控件,系统界面(SystemUI) · xxhdpi,人脸解锁动画（成功，深色）,com.android.systemui,res/drawable-xxhdpi/face_unlock_black_success15.png,78,78,,
framework,全局系统控件,系统界面(SystemUI) · xxhdpi,人脸解锁动画（成功，深色）,com.android.systemui,res/drawable-xxhdpi/face_unlock_black_success16.png,78,78,,
framework,全局系统控件,系统界面(SystemUI) · xxhdpi,人脸解锁动画（成功，深色）,com.android.systemui,res/drawable-xxhdpi/face_unlock_black_success17.png,78,78,,
framework,全局系统控件,系统界面(SystemUI) · xxhdpi,人脸解锁动画（成功，深色）,com.android.systemui,res/drawable-xxhdpi/face_unlock_black_success18.png,78,78,,
framework,全局系统控件,系统界面(SystemUI) · xxhdpi,人脸解锁动画（成功，深色）,com.android.systemui,res/drawable-xxhdpi/face_unlock_black_success19.png,78,78,,
framework,全局系统控件,系统界面(SystemUI) · xxhdpi,人脸解锁动画（成功，深色）,com.android.systemui,res/drawable-xxhdpi/face_unlock_black_success2.png,78,78,,
framework,全局系统控件,系统界面(SystemUI) · xxhdpi,人脸解锁动画（成功，深色）,com.android.systemui,res/drawable-xxhdpi/face_unlock_black_success20.png,78,78,,
framework,全局系统控件,系统界面(SystemUI) · xxhdpi,人脸解锁动画（成功，深色）,com.android.systemui,res/drawable-xxhdpi/face_unlock_black_success21.png,78,78,,
framework,全局系统控件,系统界面(SystemUI) · xxhdpi,人脸解锁动画（成功，深色）,com.android.systemui,res/drawable-xxhdpi/face_unlock_black_success22.png,78,78,,
framework,全局系统控件,系统界面(SystemUI) · xxhdpi,人脸解锁动画（成功，深色）,com.android.systemui,res/drawable-xxhdpi/face_unlock_black_success23.png,78,78,,
framework,全局系统控件,系统界面(SystemUI) · xxhdpi,人脸解锁动画（成功，深色）,com.android.systemui,res/drawable-xxhdpi/face_unlock_black_success24.png,78,78,,
framework,全局系统控件,系统界面(SystemUI) · xxhdpi,人脸解锁动画（成功，深色）,com.android.systemui,res/drawable-xxhdpi/face_unlock_black_success3.png,78,78,,
framework,全局系统控件,系统界面(SystemUI) · xxhdpi,人脸解锁动画（成功，深色）,com.android.systemui,res/drawable-xxhdpi/face_unlock_black_success4.png,78,78,,
framework,全局系统控件,系统界面(SystemUI) · xxhdpi,人脸解锁动画（成功，深色）,com.android.systemui,res/drawable-xxhdpi/face_unlock_black_success5.png,78,78,,
framework,全局系统控件,系统界面(SystemUI) · xxhdpi,人脸解锁动画（成功，深色）,com.android.systemui,res/drawable-xxhdpi/face_unlock_black_success6.png,78,78,,
framework,全局系统控件,系统界面(SystemUI) · xxhdpi,人脸解锁动画（成功，深色）,com.android.systemui,res/drawable-xxhdpi/face_unlock_black_success7.png,78,78,,
framework,全局系统控件,系统界面(SystemUI) · xxhdpi,人脸解锁动画（成功，深色）,com.android.systemui,res/drawable-xxhdpi/face_unlock_black_success8.png,78,78,,
framework,全局系统控件,系统界面(SystemUI) · xxhdpi,人脸解锁动画（成功，深色）,com.android.systemui,res/drawable-xxhdpi/face_unlock_black_success9.png,78,78,,
framework,全局系统控件,系统界面(SystemUI) · xxhdpi,人脸解锁动画（成功，浅色）,com.android.systemui,res/drawable-xxhdpi/face_unlock_success0.png,78,78,,
framework,全局系统控件,系统界面(SystemUI) · xxhdpi,人脸解锁动画（成功，浅色）,com.android.systemui,res/drawable-xxhdpi/face_unlock_success1.png,78,78,,
framework,全局系统控件,系统界面(SystemUI) · xxhdpi,人脸解锁动画（成功，浅色）,com.android.systemui,res/drawable-xxhdpi/face_unlock_success10.png,78,78,,
framework,全局系统控件,系统界面(SystemUI) · xxhdpi,人脸解锁动画（成功，浅色）,com.android.systemui,res/drawable-xxhdpi/face_unlock_success11.png,78,78,,
framework,全局系统控件,系统界面(SystemUI) · xxhdpi,人脸解锁动画（成功，浅色）,com.android.systemui,res/drawable-xxhdpi/face_unlock_success12.png,78,78,,
framework,全局系统控件,系统界面(SystemUI) · xxhdpi,人脸解锁动画（成功，浅色）,com.android.systemui,res/drawable-xxhdpi/face_unlock_success13.png,78,78,,
framework,全局系统控件,系统界面(SystemUI) · xxhdpi,人脸解锁动画（成功，浅色）,com.android.systemui,res/drawable-xxhdpi/face_unlock_success14.png,78,78,,
framework,全局系统控件,系统界面(SystemUI) · xxhdpi,人脸解锁动画（成功，浅色）,com.android.systemui,res/drawable-xxhdpi/face_unlock_success15.png,78,78,,
framework,全局系统控件,系统界面(SystemUI) · xxhdpi,人脸解锁动画（成功，浅色）,com.android.systemui,res/drawable-xxhdpi/face_unlock_success16.png,78,78,,
framework,全局系统控件,系统界面(SystemUI) · xxhdpi,人脸解锁动画（成功，浅色）,com.android.systemui,res/drawable-xxhdpi/face_unlock_success17.png,78,78,,
framework,全局系统控件,系统界面(SystemUI) · xxhdpi,人脸解锁动画（成功，浅色）,com.android.systemui,res/drawable-xxhdpi/face_unlock_success18.png,78,78,,
framework,全局系统控件,系统界面(SystemUI) · xxhdpi,人脸解锁动画（成功，浅色）,com.android.systemui,res/drawable-xxhdpi/face_unlock_success19.png,78,78,,
framework,全局系统控件,系统界面(SystemUI) · xxhdpi,人脸解锁动画（成功，浅色）,com.android.systemui,res/drawable-xxhdpi/face_unlock_success2.png,78,78,,
framework,全局系统控件,系统界面(SystemUI) · xxhdpi,人脸解锁动画（成功，浅色）,com.android.systemui,res/drawable-xxhdpi/face_unlock_success20.png,78,78,,
framework,全局系统控件,系统界面(SystemUI) · xxhdpi,人脸解锁动画（成功，浅色）,com.android.systemui,res/drawable-xxhdpi/face_unlock_success21.png,78,78,,
framework,全局系统控件,系统界面(SystemUI) · xxhdpi,人脸解锁动画（成功，浅色）,com.android.systemui,res/drawable-xxhdpi/face_unlock_success22.png,78,78,,
framework,全局系统控件,系统界面(SystemUI) · xxhdpi,人脸解锁动画（成功，浅色）,com.android.systemui,res/drawable-xxhdpi/face_unlock_success23.png,78,78,,
framework,全局系统控件,系统界面(SystemUI) · xxhdpi,人脸解锁动画（成功，浅色）,com.android.systemui,res/drawable-xxhdpi/face_unlock_success24.png,78,78,,
framework,全局系统控件,系统界面(SystemUI) · xxhdpi,人脸解锁动画（成功，浅色）,com.android.systemui,res/drawable-xxhdpi/face_unlock_success3.png,78,78,,
framework,全局系统控件,系统界面(SystemUI) · xxhdpi,人脸解锁动画（成功，浅色）,com.android.systemui,res/drawable-xxhdpi/face_unlock_success4.png,78,78,,
framework,全局系统控件,系统界面(SystemUI) · xxhdpi,人脸解锁动画（成功，浅色）,com.android.systemui,res/drawable-xxhdpi/face_unlock_success5.png,78,78,,
framework,全局系统控件,系统界面(SystemUI) · xxhdpi,人脸解锁动画（成功，浅色）,com.android.systemui,res/drawable-xxhdpi/face_unlock_success6.png,78,78,,
framework,全局系统控件,系统界面(SystemUI) · xxhdpi,人脸解锁动画（成功，浅色）,com.android.systemui,res/drawable-xxhdpi/face_unlock_success7.png,78,78,,
framework,全局系统控件,系统界面(SystemUI) · xxhdpi,人脸解锁动画（成功，浅色）,com.android.systemui,res/drawable-xxhdpi/face_unlock_success8.png,78,78,,
framework,全局系统控件,系统界面(SystemUI) · xxhdpi,人脸解锁动画（成功，浅色）,com.android.systemui,res/drawable-xxhdpi/face_unlock_success9.png,78,78,,
controlcenter,控制中心,系统界面(SystemUI) · xxhdpi,控制中心自动亮度图标,com.android.systemui,res/drawable-xxhdpi/ic_cc_qs_auto_brightness_off.png,130,130,,
controlcenter,控制中心,系统界面(SystemUI) · xxhdpi,控制中心自动亮度图标,com.android.systemui,res/drawable-xxhdpi/ic_cc_qs_auto_brightness_on.png,130,130,,
controlcenter,控制中心,系统界面(SystemUI) · xxhdpi,【控制中心】开关底图,com.android.systemui,res/drawable-xxhdpi/ic_cc_qs_bg_a.png,179,179,,
controlcenter,控制中心,系统界面(SystemUI) · xxhdpi,【控制中心】自动亮度开关-激活,com.android.systemui,res/drawable-xxhdpi/ic_cc_qs_bg_active_auto_brightness.png,178,178,,
controlcenter,控制中心,系统界面(SystemUI) · xxhdpi,【控制中心】省电类开关-激活,com.android.systemui,res/drawable-xxhdpi/ic_cc_qs_bg_active_battery_related.png,178,178,,
controlcenter,控制中心,系统界面(SystemUI) · xxhdpi,【控制中心】普通开关-激活,com.android.systemui,res/drawable-xxhdpi/ic_cc_qs_bg_active_normal.png,178,178,,★
controlcenter,控制中心,系统界面(SystemUI) · xxhdpi,【控制中心】开关-未激活,com.android.systemui,res/drawable-xxhdpi/ic_cc_qs_bg_inactive.png,178,178,,★
controlcenter,控制中心,系统界面(SystemUI) · xxhdpi,【控制中心】开关-未激活(备用),com.android.systemui,res/drawable-xxhdpi/ic_cc_qs_bg_inacv.png,178,178,,
controlcenter,控制中心,系统界面(SystemUI) · xxhdpi,【控制中心】开关-不可用,com.android.systemui,res/drawable-xxhdpi/ic_cc_qs_bg_unavailable.png,178,178,,
shade,下拉通知栏,系统界面(SystemUI) · xxhdpi,快捷开关背景-关闭,com.android.systemui,res/drawable-xxhdpi/ic_qs_bg_disabled.9.png,178,178,是,
shade,下拉通知栏,系统界面(SystemUI) · xxhdpi,快捷开关背景-关闭,com.android.systemui,res/drawable-xxhdpi/ic_qs_bg_disabled.png,178,178,,
shade,下拉通知栏,系统界面(SystemUI) · xxhdpi,快捷开关背景-开启,com.android.systemui,res/drawable-xxhdpi/ic_qs_bg_enabled.9.png,178,178,是,★
shade,下拉通知栏,系统界面(SystemUI) · xxhdpi,快捷开关背景-开启,com.android.systemui,res/drawable-xxhdpi/ic_qs_bg_enabled.png,178,178,,★
controlcenter,控制中心,系统界面(SystemUI) · xxhdpi,【控制中心】大磁贴背景 0,com.android.systemui,res/drawable-xxhdpi/ic_qs_big_tile_bg_0.png,3366,1604,,
controlcenter,控制中心,系统界面(SystemUI) · xxhdpi,【控制中心】大磁贴背景 1,com.android.systemui,res/drawable-xxhdpi/ic_qs_big_tile_bg_1.png,3366,1604,,★
controlcenter,控制中心,系统界面(SystemUI) · xxhdpi,【控制中心】大磁贴背景 1_plugin,com.android.systemui,res/drawable-xxhdpi/ic_qs_big_tile_bg_1_plugin.png,3366,1604,,
controlcenter,控制中心,系统界面(SystemUI) · xxhdpi,【控制中心】大磁贴背景 2,com.android.systemui,res/drawable-xxhdpi/ic_qs_big_tile_bg_2.png,3366,1604,,
controlcenter,控制中心,系统界面(SystemUI) · xxhdpi,【控制中心】大磁贴背景 3,com.android.systemui,res/drawable-xxhdpi/ic_qs_big_tile_bg_3.png,3366,1604,,
controlcenter,控制中心,系统界面(SystemUI) · xxhdpi,【控制中心】大磁贴背景 4,com.android.systemui,res/drawable-xxhdpi/ic_qs_big_tile_bg_4.png,3366,1604,,
controlcenter,控制中心,系统界面(SystemUI) · xxhdpi,【控制中心】大磁贴-未激活 0,com.android.systemui,res/drawable-xxhdpi/ic_qs_big_tile_bg_inactive_0.png,3366,1604,,
controlcenter,控制中心,系统界面(SystemUI) · xxhdpi,【控制中心】大磁贴-未激活 1,com.android.systemui,res/drawable-xxhdpi/ic_qs_big_tile_bg_inactive_1.png,3366,1604,,
controlcenter,控制中心,系统界面(SystemUI) · xxhdpi,【控制中心】大磁贴-未激活 2,com.android.systemui,res/drawable-xxhdpi/ic_qs_big_tile_bg_inactive_2.png,3366,1604,,
controlcenter,控制中心,系统界面(SystemUI) · xxhdpi,【控制中心】大磁贴-未激活 3,com.android.systemui,res/drawable-xxhdpi/ic_qs_big_tile_bg_inactive_3.png,3366,1604,,
controlcenter,控制中心,系统界面(SystemUI) · xxhdpi,【控制中心】大磁贴-未激活 4,com.android.systemui,res/drawable-xxhdpi/ic_qs_big_tile_bg_inactive_4.png,3366,1604,,
controlcenter,控制中心,系统界面(SystemUI) · xxhdpi,【控制中心】大磁贴-不可用 0,com.android.systemui,res/drawable-xxhdpi/ic_qs_big_tile_bg_unavailable_0.png,3366,1604,,
controlcenter,控制中心,系统界面(SystemUI) · xxhdpi,【控制中心】大磁贴-不可用 1,com.android.systemui,res/drawable-xxhdpi/ic_qs_big_tile_bg_unavailable_1.png,3366,1604,,
controlcenter,控制中心,系统界面(SystemUI) · xxhdpi,【控制中心】大磁贴-不可用 2,com.android.systemui,res/drawable-xxhdpi/ic_qs_big_tile_bg_unavailable_2.png,3366,1604,,
controlcenter,控制中心,系统界面(SystemUI) · xxhdpi,【控制中心】大磁贴-不可用 3,com.android.systemui,res/drawable-xxhdpi/ic_qs_big_tile_bg_unavailable_3.png,3366,1604,,
controlcenter,控制中心,系统界面(SystemUI) · xxhdpi,【控制中心】大磁贴-不可用 4,com.android.systemui,res/drawable-xxhdpi/ic_qs_big_tile_bg_unavailable_4.png,3366,1604,,
shade,下拉通知栏,系统界面(SystemUI) · xxhdpi,亮度条-自动亮度,com.android.systemui,res/drawable-xxhdpi/ic_qs_brightness_auto.png,64,64,,
shade,下拉通知栏,系统界面(SystemUI) · xxhdpi,亮度条-手动亮度,com.android.systemui,res/drawable-xxhdpi/ic_qs_brightness_manual.png,64,64,,
statusbar,状态栏,系统界面(SystemUI) · xxhdpi,【状态栏】虚拟导航键·返回,com.android.systemui,res/drawable-xxhdpi/ic_sysbar_back.png,72,72,,★
statusbar,状态栏,系统界面(SystemUI) · xxhdpi,【状态栏】虚拟导航键·返回,com.android.systemui,res/drawable-xxhdpi/ic_sysbar_back_darkmode.png,72,72,,
statusbar,状态栏,系统界面(SystemUI) · xxhdpi,【状态栏】虚拟导航键·返回（输入法收起）,com.android.systemui,res/drawable-xxhdpi/ic_sysbar_back_ime.png,120,120,,★
statusbar,状态栏,系统界面(SystemUI) · xxhdpi,【状态栏】虚拟导航键·返回（输入法收起）,com.android.systemui,res/drawable-xxhdpi/ic_sysbar_back_ime_darkmode.png,120,120,,
statusbar,状态栏,系统界面(SystemUI) · xxhdpi,【状态栏】虚拟导航键·主页,com.android.systemui,res/drawable-xxhdpi/ic_sysbar_home.png,100,72,,
statusbar,状态栏,系统界面(SystemUI) · xxhdpi,【状态栏】虚拟导航键·主页,com.android.systemui,res/drawable-xxhdpi/ic_sysbar_home_darkmode.png,100,72,,
statusbar,状态栏,系统界面(SystemUI) · xxhdpi,【状态栏】虚拟导航键·多任务,com.android.systemui,res/drawable-xxhdpi/ic_sysbar_recent.png,72,72,,
statusbar,状态栏,系统界面(SystemUI) · xxhdpi,【状态栏】虚拟导航键·多任务,com.android.systemui,res/drawable-xxhdpi/ic_sysbar_recent_darkmode.png,72,72,,
statusbar,状态栏,系统界面(SystemUI) · xxhdpi,刘海屏设置图标,com.android.systemui,res/drawable-xxhdpi/notch_settings_n.png,28,28,,
statusbar,状态栏,系统界面(SystemUI) · xxhdpi,刘海屏设置图标,com.android.systemui,res/drawable-xxhdpi/notch_settings_p.png,28,28,,
shade,下拉通知栏,系统界面(SystemUI) · xxhdpi,悬浮通知背景,com.android.systemui,res/drawable-xxhdpi/notification_heads_up_bg.9.png,307,244,是,★
shade,下拉通知栏,系统界面(SystemUI) · xxhdpi,单条通知卡片背景,com.android.systemui,res/drawable-xxhdpi/notification_item_bg.9.png,307,244,是,★
shade,下拉通知栏,系统界面(SystemUI) · xxhdpi,通知面板管理图标,com.android.systemui,res/drawable-xxhdpi/notification_panel_manage_icon.png,62,60,,
shade,下拉通知栏,系统界面(SystemUI) · xxhdpi,通知栏下拉面板背景,com.android.systemui,res/drawable-xxhdpi/notification_panel_window_bg.9.png,1080,2400,是,★
shade,下拉通知栏,系统界面(SystemUI) · xxhdpi,通知栏“清除全部”按钮,com.android.systemui,res/drawable-xxhdpi/notifications_clear_all.png,250,250,,★
shade,下拉通知栏,系统界面(SystemUI) · xxhdpi,notifications_panel_manage_icon.png,com.android.systemui,res/drawable-xxhdpi/notifications_panel_manage_icon.png,68,68,,
shade,下拉通知栏,系统界面(SystemUI) · xxhdpi,快捷开关弹窗背景,com.android.systemui,res/drawable-xxhdpi/panel_round_corner_bg.9.png,307,244,是,★
shade,下拉通知栏,系统界面(SystemUI) · xxhdpi,大磁贴展开指示,com.android.systemui,res/drawable-xxhdpi/qs_big_tile_expand_indicator.png,24,24,,
shade,下拉通知栏,系统界面(SystemUI) · xxhdpi,大磁贴展开指示,com.android.systemui,res/drawable-xxhdpi/qs_big_tile_expand_indicator_dark.png,24,24,,
controlcenter,控制中心,系统界面(SystemUI) · xxhdpi,控制中心面板背景,com.android.systemui,res/drawable-xxhdpi/qs_control_bg.9.png,1080,2400,是,★
controlcenter,控制中心,系统界面(SystemUI) · xxhdpi,亮度条背景,com.android.systemui,res/drawable-xxhdpi/qs_control_brightness_toggle_bg.9.png,714,192,是,★
controlcenter,控制中心,系统界面(SystemUI) · xxhdpi,亮度条进度背景,com.android.systemui,res/drawable-xxhdpi/qs_control_brightness_toggle_progress_bg.9.png,714,192,是,
controlcenter,控制中心,系统界面(SystemUI) · xxhdpi,低亮度护眼图案,com.android.systemui,res/drawable-xxhdpi/qs_control_low_brightness.png,85,85,,
controlcenter,控制中心,系统界面(SystemUI) · xxhdpi,控制中心设置按钮,com.android.systemui,res/drawable-xxhdpi/qs_control_settings.png,86,86,,
controlcenter,控制中心,系统界面(SystemUI) · xxhdpi,控制中心编辑按钮,com.android.systemui,res/drawable-xxhdpi/qs_control_tiles_edit.png,86,86,,
shade,下拉通知栏,系统界面(SystemUI) · xxhdpi,快捷开关展开指示,com.android.systemui,res/drawable-xxhdpi/qs_tile_expand_indicator.png,15,15,,
shade,下拉通知栏,系统界面(SystemUI) · xxhdpi,快捷开关展开指示,com.android.systemui,res/drawable-xxhdpi/qs_tile_expand_indicator_dark.png,15,15,,
shade,下拉通知栏,系统界面(SystemUI) · xxhdpi,最近任务卡片背景,com.android.systemui,res/drawable-xxhdpi/recent_task_bg.9.png,1080,2342,是,
statusbar,状态栏,系统界面(SystemUI) · xxhdpi,【状态栏】系统小图标,com.android.systemui,res/drawable-xxhdpi/stat_sys_alarm.png,49,60,,
statusbar,状态栏,系统界面(SystemUI) · xxhdpi,【状态栏】系统小图标,com.android.systemui,res/drawable-xxhdpi/stat_sys_bluetooth_handsfree_battery_1.png,69,55,,
statusbar,状态栏,系统界面(SystemUI) · xxhdpi,【状态栏】系统小图标,com.android.systemui,res/drawable-xxhdpi/stat_sys_bluetooth_handsfree_battery_1_darkmode.png,69,55,,
statusbar,状态栏,系统界面(SystemUI) · xxhdpi,【状态栏】系统小图标,com.android.systemui,res/drawable-xxhdpi/stat_sys_bluetooth_handsfree_battery_2.png,69,55,,
statusbar,状态栏,系统界面(SystemUI) · xxhdpi,【状态栏】系统小图标,com.android.systemui,res/drawable-xxhdpi/stat_sys_bluetooth_handsfree_battery_2_darkmode.png,69,55,,
statusbar,状态栏,系统界面(SystemUI) · xxhdpi,【状态栏】系统小图标,com.android.systemui,res/drawable-xxhdpi/stat_sys_bluetooth_handsfree_battery_3.png,69,55,,
statusbar,状态栏,系统界面(SystemUI) · xxhdpi,【状态栏】系统小图标,com.android.systemui,res/drawable-xxhdpi/stat_sys_bluetooth_handsfree_battery_3_darkmode.png,69,55,,
statusbar,状态栏,系统界面(SystemUI) · xxhdpi,【状态栏】系统小图标,com.android.systemui,res/drawable-xxhdpi/stat_sys_bluetooth_handsfree_battery_4.png,69,55,,
statusbar,状态栏,系统界面(SystemUI) · xxhdpi,【状态栏】系统小图标,com.android.systemui,res/drawable-xxhdpi/stat_sys_bluetooth_handsfree_battery_4_darkmode.png,69,55,,
statusbar,状态栏,系统界面(SystemUI) · xxhdpi,【状态栏】系统小图标,com.android.systemui,res/drawable-xxhdpi/stat_sys_bluetooth_handsfree_battery_5.png,69,55,,
statusbar,状态栏,系统界面(SystemUI) · xxhdpi,【状态栏】系统小图标,com.android.systemui,res/drawable-xxhdpi/stat_sys_bluetooth_handsfree_battery_5_darkmode.png,69,55,,
statusbar,状态栏,系统界面(SystemUI) · xxhdpi,【状态栏】系统小图标,com.android.systemui,res/drawable-xxhdpi/stat_sys_dual_gps_acquiring.png,41,56,,
statusbar,状态栏,系统界面(SystemUI) · xxhdpi,【状态栏】系统小图标,com.android.systemui,res/drawable-xxhdpi/stat_sys_dual_gps_acquiring_darkmode.png,41,56,,
statusbar,状态栏,系统界面(SystemUI) · xxhdpi,【状态栏】系统小图标,com.android.systemui,res/drawable-xxhdpi/stat_sys_dual_gps_on.png,41,56,,
statusbar,状态栏,系统界面(SystemUI) · xxhdpi,【状态栏】系统小图标,com.android.systemui,res/drawable-xxhdpi/stat_sys_dual_gps_on_darkmode.png,41,56,,
statusbar,状态栏,系统界面(SystemUI) · xxhdpi,【状态栏】系统小图标,com.android.systemui,res/drawable-xxhdpi/stat_sys_gps_acquiring.png,41,56,,
statusbar,状态栏,系统界面(SystemUI) · xxhdpi,【状态栏】系统小图标,com.android.systemui,res/drawable-xxhdpi/stat_sys_gps_acquiring_darkmode.png,41,56,,
statusbar,状态栏,系统界面(SystemUI) · xxhdpi,【状态栏】系统小图标,com.android.systemui,res/drawable-xxhdpi/stat_sys_gps_on.png,41,56,,
statusbar,状态栏,系统界面(SystemUI) · xxhdpi,【状态栏】系统小图标,com.android.systemui,res/drawable-xxhdpi/stat_sys_gps_on_darkmode.png,41,56,,
statusbar,状态栏,系统界面(SystemUI) · xxhdpi,【状态栏】信号图标,com.android.systemui,res/drawable-xxhdpi/stat_sys_signal.png,49,56,,
statusbar,状态栏,系统界面(SystemUI) · xxhdpi,【状态栏】信号格 0,com.android.systemui,res/drawable-xxhdpi/stat_sys_signal_0.png,60,60,,
statusbar,状态栏,系统界面(SystemUI) · xxhdpi,【状态栏】信号格 （深色）,com.android.systemui,res/drawable-xxhdpi/stat_sys_signal_0_darkmode.png,60,60,,
statusbar,状态栏,系统界面(SystemUI) · xxhdpi,【状态栏】信号格 .5,com.android.systemui,res/drawable-xxhdpi/stat_sys_signal_0_half.png,55,16,,
statusbar,状态栏,系统界面(SystemUI) · xxhdpi,【状态栏】信号格 .5（深色）,com.android.systemui,res/drawable-xxhdpi/stat_sys_signal_0_half_darkmode.png,55,16,,
statusbar,状态栏,系统界面(SystemUI) · xxhdpi,【状态栏】信号格 1,com.android.systemui,res/drawable-xxhdpi/stat_sys_signal_1.png,60,60,,
statusbar,状态栏,系统界面(SystemUI) · xxhdpi,【状态栏】信号格 （深色）,com.android.systemui,res/drawable-xxhdpi/stat_sys_signal_1_darkmode.png,60,60,,
statusbar,状态栏,系统界面(SystemUI) · xxhdpi,【状态栏】信号格 .5,com.android.systemui,res/drawable-xxhdpi/stat_sys_signal_1_half.png,55,16,,
statusbar,状态栏,系统界面(SystemUI) · xxhdpi,【状态栏】信号格 .5,com.android.systemui,res/drawable-xxhdpi/stat_sys_signal_1_half_darkmod.png,55,16,,
statusbar,状态栏,系统界面(SystemUI) · xxhdpi,【状态栏】信号格 .5（深色）,com.android.systemui,res/drawable-xxhdpi/stat_sys_signal_1_half_darkmode.png,55,16,,
statusbar,状态栏,系统界面(SystemUI) · xxhdpi,【状态栏】信号格 2,com.android.systemui,res/drawable-xxhdpi/stat_sys_signal_2.png,60,60,,
statusbar,状态栏,系统界面(SystemUI) · xxhdpi,【状态栏】信号格 （深色）,com.android.systemui,res/drawable-xxhdpi/stat_sys_signal_2_darkmode.png,60,60,,
statusbar,状态栏,系统界面(SystemUI) · xxhdpi,【状态栏】信号格 .5,com.android.systemui,res/drawable-xxhdpi/stat_sys_signal_2_half.png,55,16,,
statusbar,状态栏,系统界面(SystemUI) · xxhdpi,【状态栏】信号格 .5（深色）,com.android.systemui,res/drawable-xxhdpi/stat_sys_signal_2_half_darkmode.png,55,16,,
statusbar,状态栏,系统界面(SystemUI) · xxhdpi,【状态栏】信号格 3,com.android.systemui,res/drawable-xxhdpi/stat_sys_signal_3.png,60,60,,
statusbar,状态栏,系统界面(SystemUI) · xxhdpi,【状态栏】信号格 （深色）,com.android.systemui,res/drawable-xxhdpi/stat_sys_signal_3_darkmode.png,60,60,,
statusbar,状态栏,系统界面(SystemUI) · xxhdpi,【状态栏】信号格 .5,com.android.systemui,res/drawable-xxhdpi/stat_sys_signal_3_half.png,55,16,,
statusbar,状态栏,系统界面(SystemUI) · xxhdpi,【状态栏】信号格 .5（深色）,com.android.systemui,res/drawable-xxhdpi/stat_sys_signal_3_half_darkmode.png,55,16,,
statusbar,状态栏,系统界面(SystemUI) · xxhdpi,【状态栏】信号格 4,com.android.systemui,res/drawable-xxhdpi/stat_sys_signal_4.png,60,60,,★
statusbar,状态栏,系统界面(SystemUI) · xxhdpi,【状态栏】信号格 （深色）,com.android.systemui,res/drawable-xxhdpi/stat_sys_signal_4_darkmode.png,60,60,,
statusbar,状态栏,系统界面(SystemUI) · xxhdpi,【状态栏】信号格 .5,com.android.systemui,res/drawable-xxhdpi/stat_sys_signal_4_half.png,55,16,,
statusbar,状态栏,系统界面(SystemUI) · xxhdpi,【状态栏】信号格 .5（深色）,com.android.systemui,res/drawable-xxhdpi/stat_sys_signal_4_half_darkmode.png,55,16,,
statusbar,状态栏,系统界面(SystemUI) · xxhdpi,【状态栏】信号格 5,com.android.systemui,res/drawable-xxhdpi/stat_sys_signal_5.png,60,60,,
statusbar,状态栏,系统界面(SystemUI) · xxhdpi,【状态栏】信号格 （深色）,com.android.systemui,res/drawable-xxhdpi/stat_sys_signal_5_darkmode.png,60,60,,
statusbar,状态栏,系统界面(SystemUI) · xxhdpi,【状态栏】信号格 （深色）,com.android.systemui,res/drawable-xxhdpi/stat_sys_signal_5_darkmode1.png,60,60,,
statusbar,状态栏,系统界面(SystemUI) · xxhdpi,【状态栏】信号格 （深色）,com.android.systemui,res/drawable-xxhdpi/stat_sys_signal_5_darkmode2.png,60,60,,
statusbar,状态栏,系统界面(SystemUI) · xxhdpi,【状态栏】信号格 （深色）,com.android.systemui,res/drawable-xxhdpi/stat_sys_signal_5_darkmode22.png,60,60,,
statusbar,状态栏,系统界面(SystemUI) · xxhdpi,【状态栏】信号格 （深色）,com.android.systemui,res/drawable-xxhdpi/stat_sys_signal_5_darkmodew.png,65,60,,
statusbar,状态栏,系统界面(SystemUI) · xxhdpi,【状态栏】信号格 .5,com.android.systemui,res/drawable-xxhdpi/stat_sys_signal_5_half.png,55,16,,
statusbar,状态栏,系统界面(SystemUI) · xxhdpi,【状态栏】信号格 .5（深色）,com.android.systemui,res/drawable-xxhdpi/stat_sys_signal_5_half_darkmode.png,55,16,,
statusbar,状态栏,系统界面(SystemUI) · xxhdpi,【状态栏】数据网络图标,com.android.systemui,res/drawable-xxhdpi/stat_sys_signal_data.png,20,60,,
statusbar,状态栏,系统界面(SystemUI) · xxhdpi,【状态栏】数据网络图标,com.android.systemui,res/drawable-xxhdpi/stat_sys_signal_data_darkmode.png,20,60,,
statusbar,状态栏,系统界面(SystemUI) · xxhdpi,【状态栏】数据网络图标,com.android.systemui,res/drawable-xxhdpi/stat_sys_signal_data_left.png,20,60,,
statusbar,状态栏,系统界面(SystemUI) · xxhdpi,【状态栏】数据网络图标,com.android.systemui,res/drawable-xxhdpi/stat_sys_signal_data_left_darkmode.png,20,60,,
statusbar,状态栏,系统界面(SystemUI) · xxhdpi,【状态栏】数据上下行箭头,com.android.systemui,res/drawable-xxhdpi/stat_sys_signal_dual_data.png,16,60,,
statusbar,状态栏,系统界面(SystemUI) · xxhdpi,【状态栏】数据上下行箭头,com.android.systemui,res/drawable-xxhdpi/stat_sys_signal_dual_data_darkmode.png,16,60,,
statusbar,状态栏,系统界面(SystemUI) · xxhdpi,【状态栏】数据上下行箭头,com.android.systemui,res/drawable-xxhdpi/stat_sys_signal_dual_in.png,16,60,,
statusbar,状态栏,系统界面(SystemUI) · xxhdpi,【状态栏】数据上下行箭头,com.android.systemui,res/drawable-xxhdpi/stat_sys_signal_dual_in_darkmode.png,16,60,,
statusbar,状态栏,系统界面(SystemUI) · xxhdpi,【状态栏】数据上下行箭头,com.android.systemui,res/drawable-xxhdpi/stat_sys_signal_dual_inout.png,16,60,,
statusbar,状态栏,系统界面(SystemUI) · xxhdpi,【状态栏】数据上下行箭头,com.android.systemui,res/drawable-xxhdpi/stat_sys_signal_dual_inout_darkmode.png,16,60,,
statusbar,状态栏,系统界面(SystemUI) · xxhdpi,【状态栏】数据上下行箭头,com.android.systemui,res/drawable-xxhdpi/stat_sys_signal_dual_out.png,16,60,,
statusbar,状态栏,系统界面(SystemUI) · xxhdpi,【状态栏】数据上下行箭头,com.android.systemui,res/drawable-xxhdpi/stat_sys_signal_dual_out_darkmode.png,16,60,,
statusbar,状态栏,系统界面(SystemUI) · xxhdpi,【状态栏】信号状态图标,com.android.systemui,res/drawable-xxhdpi/stat_sys_signal_flightmode.png,56,60,,
statusbar,状态栏,系统界面(SystemUI) · xxhdpi,【状态栏】信号状态图标,com.android.systemui,res/drawable-xxhdpi/stat_sys_signal_flightmode_darkmode.png,56,60,,
statusbar,状态栏,系统界面(SystemUI) · xxhdpi,【状态栏】HD高清通话图标,com.android.systemui,res/drawable-xxhdpi/stat_sys_signal_hd_big.png,46,61,,
statusbar,状态栏,系统界面(SystemUI) · xxhdpi,【状态栏】HD高清通话图标,com.android.systemui,res/drawable-xxhdpi/stat_sys_signal_hd_big_darkmode.png,46,61,,
statusbar,状态栏,系统界面(SystemUI) · xxhdpi,【状态栏】HD高清通话图标,com.android.systemui,res/drawable-xxhdpi/stat_sys_signal_hd_notch.png,1,1,,
statusbar,状态栏,系统界面(SystemUI) · xxhdpi,【状态栏】HD高清通话图标,com.android.systemui,res/drawable-xxhdpi/stat_sys_signal_hd_notch_darkmode.png,1,1,,
statusbar,状态栏,系统界面(SystemUI) · xxhdpi,【状态栏】数据上下行箭头,com.android.systemui,res/drawable-xxhdpi/stat_sys_signal_in.png,20,60,,
statusbar,状态栏,系统界面(SystemUI) · xxhdpi,【状态栏】数据上下行箭头,com.android.systemui,res/drawable-xxhdpi/stat_sys_signal_in_darkmode.png,20,60,,
statusbar,状态栏,系统界面(SystemUI) · xxhdpi,【状态栏】数据上下行箭头,com.android.systemui,res/drawable-xxhdpi/stat_sys_signal_in_half.png,62,16,,
statusbar,状态栏,系统界面(SystemUI) · xxhdpi,【状态栏】数据上下行箭头,com.android.systemui,res/drawable-xxhdpi/stat_sys_signal_in_half_darkmode.png,62,16,,
statusbar,状态栏,系统界面(SystemUI) · xxhdpi,【状态栏】数据上下行箭头,com.android.systemui,res/drawable-xxhdpi/stat_sys_signal_in_left.png,20,60,,
statusbar,状态栏,系统界面(SystemUI) · xxhdpi,【状态栏】数据上下行箭头,com.android.systemui,res/drawable-xxhdpi/stat_sys_signal_in_left_darkmode.png,20,60,,
statusbar,状态栏,系统界面(SystemUI) · xxhdpi,【状态栏】数据上下行箭头,com.android.systemui,res/drawable-xxhdpi/stat_sys_signal_inout.png,20,60,,
statusbar,状态栏,系统界面(SystemUI) · xxhdpi,【状态栏】数据上下行箭头,com.android.systemui,res/drawable-xxhdpi/stat_sys_signal_inout_darkmode.png,20,60,,
statusbar,状态栏,系统界面(SystemUI) · xxhdpi,【状态栏】数据上下行箭头,com.android.systemui,res/drawable-xxhdpi/stat_sys_signal_inout_half.png,62,16,,
statusbar,状态栏,系统界面(SystemUI) · xxhdpi,【状态栏】数据上下行箭头,com.android.systemui,res/drawable-xxhdpi/stat_sys_signal_inout_half_darkmode.png,62,16,,
statusbar,状态栏,系统界面(SystemUI) · xxhdpi,【状态栏】数据上下行箭头,com.android.systemui,res/drawable-xxhdpi/stat_sys_signal_inout_left.png,20,60,,
statusbar,状态栏,系统界面(SystemUI) · xxhdpi,【状态栏】数据上下行箭头,com.android.systemui,res/drawable-xxhdpi/stat_sys_signal_inout_left_darkmode.png,20,60,,
statusbar,状态栏,系统界面(SystemUI) · xxhdpi,【状态栏】信号状态图标,com.android.systemui,res/drawable-xxhdpi/stat_sys_signal_null.png,55,60,,
statusbar,状态栏,系统界面(SystemUI) · xxhdpi,【状态栏】信号状态图标,com.android.systemui,res/drawable-xxhdpi/stat_sys_signal_null_darkmode.png,55,60,,
statusbar,状态栏,系统界面(SystemUI) · xxhdpi,【状态栏】信号状态图标,com.android.systemui,res/drawable-xxhdpi/stat_sys_signal_null_half.png,55,16,,
statusbar,状态栏,系统界面(SystemUI) · xxhdpi,【状态栏】信号状态图标,com.android.systemui,res/drawable-xxhdpi/stat_sys_signal_null_half_darkmode.png,55,16,,
statusbar,状态栏,系统界面(SystemUI) · xxhdpi,【状态栏】数据上下行箭头,com.android.systemui,res/drawable-xxhdpi/stat_sys_signal_out.png,20,60,,
statusbar,状态栏,系统界面(SystemUI) · xxhdpi,【状态栏】数据上下行箭头,com.android.systemui,res/drawable-xxhdpi/stat_sys_signal_out_darkmode.png,20,60,,
statusbar,状态栏,系统界面(SystemUI) · xxhdpi,【状态栏】数据上下行箭头,com.android.systemui,res/drawable-xxhdpi/stat_sys_signal_out_half.png,62,16,,
statusbar,状态栏,系统界面(SystemUI) · xxhdpi,【状态栏】数据上下行箭头,com.android.systemui,res/drawable-xxhdpi/stat_sys_signal_out_half_darkmode.png,62,16,,
statusbar,状态栏,系统界面(SystemUI) · xxhdpi,【状态栏】数据上下行箭头,com.android.systemui,res/drawable-xxhdpi/stat_sys_signal_out_left.png,20,60,,
statusbar,状态栏,系统界面(SystemUI) · xxhdpi,【状态栏】数据上下行箭头,com.android.systemui,res/drawable-xxhdpi/stat_sys_signal_out_left_darkmode.png,20,60,,
statusbar,状态栏,系统界面(SystemUI) · xxhdpi,【状态栏】信号状态图标,com.android.systemui,res/drawable-xxhdpi/stat_sys_signal_upgrade.png,18,56,,
statusbar,状态栏,系统界面(SystemUI) · xxhdpi,【状态栏】信号状态图标,com.android.systemui,res/drawable-xxhdpi/stat_sys_signal_upgrade_darkmode.png,18,56,,
statusbar,状态栏,系统界面(SystemUI) · xxhdpi,【状态栏】VoLTE图标,com.android.systemui,res/drawable-xxhdpi/stat_sys_signal_volte.png,48,56,,
statusbar,状态栏,系统界面(SystemUI) · xxhdpi,【状态栏】VoLTE图标,com.android.systemui,res/drawable-xxhdpi/stat_sys_signal_volte_darkmode.png,48,56,,
statusbar,状态栏,系统界面(SystemUI) · xxhdpi,【状态栏】系统小图标,com.android.systemui,res/drawable-xxhdpi/stat_sys_sim_card_1.png,42,42,,
statusbar,状态栏,系统界面(SystemUI) · xxhdpi,【状态栏】系统小图标,com.android.systemui,res/drawable-xxhdpi/stat_sys_sim_card_2.png,42,42,,
statusbar,状态栏,系统界面(SystemUI) · xxhdpi,【状态栏】副WiFi信号 ,com.android.systemui,res/drawable-xxhdpi/stat_sys_slave_wifi_signal_0.png,60,56,,
statusbar,状态栏,系统界面(SystemUI) · xxhdpi,【状态栏】副WiFi信号 ,com.android.systemui,res/drawable-xxhdpi/stat_sys_slave_wifi_signal_0_darkmode.png,60,56,,
statusbar,状态栏,系统界面(SystemUI) · xxhdpi,【状态栏】副WiFi信号 ,com.android.systemui,res/drawable-xxhdpi/stat_sys_slave_wifi_signal_1.png,60,56,,
statusbar,状态栏,系统界面(SystemUI) · xxhdpi,【状态栏】副WiFi信号 ,com.android.systemui,res/drawable-xxhdpi/stat_sys_slave_wifi_signal_1_darkmode.png,60,56,,
statusbar,状态栏,系统界面(SystemUI) · xxhdpi,【状态栏】副WiFi信号 ,com.android.systemui,res/drawable-xxhdpi/stat_sys_slave_wifi_signal_2.png,60,56,,
statusbar,状态栏,系统界面(SystemUI) · xxhdpi,【状态栏】副WiFi信号 ,com.android.systemui,res/drawable-xxhdpi/stat_sys_slave_wifi_signal_2_darkmode.png,60,56,,
statusbar,状态栏,系统界面(SystemUI) · xxhdpi,【状态栏】副WiFi信号 ,com.android.systemui,res/drawable-xxhdpi/stat_sys_slave_wifi_signal_3.png,60,56,,
statusbar,状态栏,系统界面(SystemUI) · xxhdpi,【状态栏】副WiFi信号 ,com.android.systemui,res/drawable-xxhdpi/stat_sys_slave_wifi_signal_3_darkmode.png,60,56,,
statusbar,状态栏,系统界面(SystemUI) · xxhdpi,【状态栏】副WiFi信号 ,com.android.systemui,res/drawable-xxhdpi/stat_sys_slave_wifi_signal_4.png,60,56,,
statusbar,状态栏,系统界面(SystemUI) · xxhdpi,【状态栏】副WiFi信号 ,com.android.systemui,res/drawable-xxhdpi/stat_sys_slave_wifi_signal_4_darkmode.png,62,56,,
statusbar,状态栏,系统界面(SystemUI) · xxhdpi,【状态栏】系统小图标,com.android.systemui,res/drawable-xxhdpi/stat_sys_sos.png,56,56,,
statusbar,状态栏,系统界面(SystemUI) · xxhdpi,【状态栏】系统小图标,com.android.systemui,res/drawable-xxhdpi/stat_sys_sos_darkmode.png,56,56,,
statusbar,状态栏,系统界面(SystemUI) · xxhdpi,【状态栏】系统小图标,com.android.systemui,res/drawable-xxhdpi/stat_sys_speakerphone.png,48,56,,
statusbar,状态栏,系统界面(SystemUI) · xxhdpi,【状态栏】系统小图标,com.android.systemui,res/drawable-xxhdpi/stat_sys_speakerphone_darkmode.png,48,56,,
statusbar,状态栏,系统界面(SystemUI) · xxhdpi,【状态栏】系统小图标,com.android.systemui,res/drawable-xxhdpi/stat_sys_speech_hd.png,50,56,,
statusbar,状态栏,系统界面(SystemUI) · xxhdpi,【状态栏】系统小图标,com.android.systemui,res/drawable-xxhdpi/stat_sys_speech_hd_darkmode.png,50,56,,
statusbar,状态栏,系统界面(SystemUI) · xxhdpi,【状态栏】系统小图标,com.android.systemui,res/drawable-xxhdpi/stat_sys_sync_0.png,49,56,,
statusbar,状态栏,系统界面(SystemUI) · xxhdpi,【状态栏】系统小图标,com.android.systemui,res/drawable-xxhdpi/stat_sys_sync_0_darkmode.png,49,56,,
statusbar,状态栏,系统界面(SystemUI) · xxhdpi,【状态栏】系统小图标,com.android.systemui,res/drawable-xxhdpi/stat_sys_sync_1.png,49,56,,
statusbar,状态栏,系统界面(SystemUI) · xxhdpi,【状态栏】系统小图标,com.android.systemui,res/drawable-xxhdpi/stat_sys_sync_1_darkmode.png,49,56,,
statusbar,状态栏,系统界面(SystemUI) · xxhdpi,【状态栏】系统小图标,com.android.systemui,res/drawable-xxhdpi/stat_sys_sync_2.png,49,56,,
statusbar,状态栏,系统界面(SystemUI) · xxhdpi,【状态栏】系统小图标,com.android.systemui,res/drawable-xxhdpi/stat_sys_sync_2_darkmode.png,49,56,,
statusbar,状态栏,系统界面(SystemUI) · xxhdpi,【状态栏】系统小图标,com.android.systemui,res/drawable-xxhdpi/stat_sys_sync_3.png,49,56,,
statusbar,状态栏,系统界面(SystemUI) · xxhdpi,【状态栏】系统小图标,com.android.systemui,res/drawable-xxhdpi/stat_sys_sync_3_darkmode.png,49,56,,
statusbar,状态栏,系统界面(SystemUI) · xxhdpi,【状态栏】系统小图标,com.android.systemui,res/drawable-xxhdpi/stat_sys_sync_error.png,49,56,,
statusbar,状态栏,系统界面(SystemUI) · xxhdpi,【状态栏】系统小图标,com.android.systemui,res/drawable-xxhdpi/stat_sys_sync_error_darkmode.png,49,56,,
statusbar,状态栏,系统界面(SystemUI) · xxhdpi,【状态栏】系统小图标,com.android.systemui,res/drawable-xxhdpi/stat_sys_usb_share.png,39,56,,
statusbar,状态栏,系统界面(SystemUI) · xxhdpi,【状态栏】系统小图标,com.android.systemui,res/drawable-xxhdpi/stat_sys_usb_share_darkmode.png,39,56,,
statusbar,状态栏,系统界面(SystemUI) · xxhdpi,【状态栏】系统小图标,com.android.systemui,res/drawable-xxhdpi/stat_sys_volte.png,50,60,,
statusbar,状态栏,系统界面(SystemUI) · xxhdpi,【状态栏】系统小图标,com.android.systemui,res/drawable-xxhdpi/stat_sys_volte_darkmode.png,50,60,,
statusbar,状态栏,系统界面(SystemUI) · xxhdpi,【状态栏】系统小图标,com.android.systemui,res/drawable-xxhdpi/stat_sys_volte_no_service.png,44,56,,
statusbar,状态栏,系统界面(SystemUI) · xxhdpi,【状态栏】系统小图标,com.android.systemui,res/drawable-xxhdpi/stat_sys_volte_no_service_darkmode.png,44,56,,
statusbar,状态栏,系统界面(SystemUI) · xxhdpi,【状态栏】系统小图标,com.android.systemui,res/drawable-xxhdpi/stat_sys_vowifi.png,49,56,,
statusbar,状态栏,系统界面(SystemUI) · xxhdpi,【状态栏】系统小图标,com.android.systemui,res/drawable-xxhdpi/stat_sys_vowifi_darkmode.png,49,56,,
statusbar,状态栏,系统界面(SystemUI) · xxhdpi,【状态栏】系统小图标,com.android.systemui,res/drawable-xxhdpi/stat_sys_vpn.png,66,56,,
statusbar,状态栏,系统界面(SystemUI) · xxhdpi,【状态栏】系统小图标,com.android.systemui,res/drawable-xxhdpi/stat_sys_vpn_darkmode.png,66,56,,
statusbar,状态栏,系统界面(SystemUI) · xxhdpi,【状态栏】WiFi状态图标,com.android.systemui,res/drawable-xxhdpi/stat_sys_wifi_ap.png,64,60,,
statusbar,状态栏,系统界面(SystemUI) · xxhdpi,【状态栏】WiFi状态图标,com.android.systemui,res/drawable-xxhdpi/stat_sys_wifi_ap_darkmode.png,64,60,,
statusbar,状态栏,系统界面(SystemUI) · xxhdpi,【状态栏】WiFi状态图标,com.android.systemui,res/drawable-xxhdpi/stat_sys_wifi_ap_on.png,58,58,,
statusbar,状态栏,系统界面(SystemUI) · xxhdpi,【状态栏】WiFi状态图标,com.android.systemui,res/drawable-xxhdpi/stat_sys_wifi_ap_on_darkmode.png,58,58,,
statusbar,状态栏,系统界面(SystemUI) · xxhdpi,【状态栏】WiFi状态图标,com.android.systemui,res/drawable-xxhdpi/stat_sys_wifi_in.png,54,60,,
statusbar,状态栏,系统界面(SystemUI) · xxhdpi,【状态栏】WiFi状态图标,com.android.systemui,res/drawable-xxhdpi/stat_sys_wifi_in_darkmode.png,54,60,,
statusbar,状态栏,系统界面(SystemUI) · xxhdpi,【状态栏】WiFi状态图标,com.android.systemui,res/drawable-xxhdpi/stat_sys_wifi_inout.png,54,60,,
statusbar,状态栏,系统界面(SystemUI) · xxhdpi,【状态栏】WiFi状态图标,com.android.systemui,res/drawable-xxhdpi/stat_sys_wifi_inout_darkmode.png,54,60,,
statusbar,状态栏,系统界面(SystemUI) · xxhdpi,【状态栏】WiFi状态图标,com.android.systemui,res/drawable-xxhdpi/stat_sys_wifi_out.png,54,60,,
statusbar,状态栏,系统界面(SystemUI) · xxhdpi,【状态栏】WiFi状态图标,com.android.systemui,res/drawable-xxhdpi/stat_sys_wifi_out_darkmode.png,54,60,,
statusbar,状态栏,系统界面(SystemUI) · xxhdpi,【状态栏】WiFi信号,com.android.systemui,res/drawable-xxhdpi/stat_sys_wifi_signal_0.png,58,58,,
statusbar,状态栏,系统界面(SystemUI) · xxhdpi,【状态栏】WiFi信号,com.android.systemui,res/drawable-xxhdpi/stat_sys_wifi_signal_0_darkmode.png,58,58,,
statusbar,状态栏,系统界面(SystemUI) · xxhdpi,【状态栏】WiFi信号,com.android.systemui,res/drawable-xxhdpi/stat_sys_wifi_signal_1.png,58,58,,
statusbar,状态栏,系统界面(SystemUI) · xxhdpi,【状态栏】WiFi信号,com.android.systemui,res/drawable-xxhdpi/stat_sys_wifi_signal_1_darkmode.png,58,58,,
statusbar,状态栏,系统界面(SystemUI) · xxhdpi,【状态栏】WiFi信号,com.android.systemui,res/drawable-xxhdpi/stat_sys_wifi_signal_2.png,58,58,,
statusbar,状态栏,系统界面(SystemUI) · xxhdpi,【状态栏】WiFi信号,com.android.systemui,res/drawable-xxhdpi/stat_sys_wifi_signal_2_darkmode.png,58,58,,
statusbar,状态栏,系统界面(SystemUI) · xxhdpi,【状态栏】WiFi信号,com.android.systemui,res/drawable-xxhdpi/stat_sys_wifi_signal_3.png,58,58,,
statusbar,状态栏,系统界面(SystemUI) · xxhdpi,【状态栏】WiFi信号,com.android.systemui,res/drawable-xxhdpi/stat_sys_wifi_signal_3_darkmode.png,58,58,,
statusbar,状态栏,系统界面(SystemUI) · xxhdpi,【状态栏】WiFi信号,com.android.systemui,res/drawable-xxhdpi/stat_sys_wifi_signal_4.png,58,58,,★
statusbar,状态栏,系统界面(SystemUI) · xxhdpi,【状态栏】WiFi信号,com.android.systemui,res/drawable-xxhdpi/stat_sys_wifi_signal_4_darkmode.png,58,58,,
statusbar,状态栏,系统界面(SystemUI) · xxhdpi,【状态栏】WiFi信号,com.android.systemui,res/drawable-xxhdpi/stat_sys_wifi_signal_null.png,58,58,,
statusbar,状态栏,系统界面(SystemUI) · xxhdpi,【状态栏】WiFi信号,com.android.systemui,res/drawable-xxhdpi/stat_sys_wifi_signal_null_darkmode.png,58,58,,
statusbar,状态栏,系统界面(SystemUI) · xxhdpi,【状态栏】快捷开关图标,com.android.systemui,res/drawable-xxhdpi/status_bar_toggle_battery_saver_off.png,130,130,,
statusbar,状态栏,系统界面(SystemUI) · xxhdpi,【状态栏】快捷开关图标,com.android.systemui,res/drawable-xxhdpi/status_bar_toggle_battery_saver_on.png,130,130,,
statusbar,状态栏,系统界面(SystemUI) · xxhdpi,【状态栏】快捷开关图标,com.android.systemui,res/drawable-xxhdpi/status_bar_toggle_bluetooth_off.png,130,130,,
statusbar,状态栏,系统界面(SystemUI) · xxhdpi,【状态栏】快捷开关图标,com.android.systemui,res/drawable-xxhdpi/status_bar_toggle_bluetooth_on.png,130,130,,
statusbar,状态栏,系统界面(SystemUI) · xxhdpi,【状态栏】快捷开关图标,com.android.systemui,res/drawable-xxhdpi/status_bar_toggle_brightness_auto.png,130,130,,
statusbar,状态栏,系统界面(SystemUI) · xxhdpi,【状态栏】快捷开关图标,com.android.systemui,res/drawable-xxhdpi/status_bar_toggle_brightness_manual.png,130,130,,
statusbar,状态栏,系统界面(SystemUI) · xxhdpi,【状态栏】快捷开关图标,com.android.systemui,res/drawable-xxhdpi/status_bar_toggle_cast_off.png,130,130,,
statusbar,状态栏,系统界面(SystemUI) · xxhdpi,【状态栏】快捷开关图标,com.android.systemui,res/drawable-xxhdpi/status_bar_toggle_cast_on.png,130,130,,
statusbar,状态栏,系统界面(SystemUI) · xxhdpi,【状态栏】快捷开关图标,com.android.systemui,res/drawable-xxhdpi/status_bar_toggle_edit_off.png,130,130,,
statusbar,状态栏,系统界面(SystemUI) · xxhdpi,【状态栏】快捷开关图标,com.android.systemui,res/drawable-xxhdpi/status_bar_toggle_edit_on.png,130,130,,
statusbar,状态栏,系统界面(SystemUI) · xxhdpi,【状态栏】快捷开关图标,com.android.systemui,res/drawable-xxhdpi/status_bar_toggle_flight_mode_off.png,130,130,,
statusbar,状态栏,系统界面(SystemUI) · xxhdpi,【状态栏】快捷开关图标,com.android.systemui,res/drawable-xxhdpi/status_bar_toggle_flight_mode_on.png,130,130,,
statusbar,状态栏,系统界面(SystemUI) · xxhdpi,【状态栏】快捷开关图标,com.android.systemui,res/drawable-xxhdpi/status_bar_toggle_gps_off.png,130,130,,
statusbar,状态栏,系统界面(SystemUI) · xxhdpi,【状态栏】快捷开关图标,com.android.systemui,res/drawable-xxhdpi/status_bar_toggle_gps_on.png,130,130,,
statusbar,状态栏,系统界面(SystemUI) · xxhdpi,【状态栏】快捷开关图标,com.android.systemui,res/drawable-xxhdpi/status_bar_toggle_lock.png,130,130,,
statusbar,状态栏,系统界面(SystemUI) · xxhdpi,【状态栏】快捷开关图标,com.android.systemui,res/drawable-xxhdpi/status_bar_toggle_lock_on.png,130,130,,
statusbar,状态栏,系统界面(SystemUI) · xxhdpi,【状态栏】快捷开关图标,com.android.systemui,res/drawable-xxhdpi/status_bar_toggle_midrop_off.png,131,131,,
statusbar,状态栏,系统界面(SystemUI) · xxhdpi,【状态栏】快捷开关图标,com.android.systemui,res/drawable-xxhdpi/status_bar_toggle_midrop_on.png,131,131,,
statusbar,状态栏,系统界面(SystemUI) · xxhdpi,【状态栏】快捷开关图标,com.android.systemui,res/drawable-xxhdpi/status_bar_toggle_mute_off.png,130,130,,
statusbar,状态栏,系统界面(SystemUI) · xxhdpi,【状态栏】快捷开关图标,com.android.systemui,res/drawable-xxhdpi/status_bar_toggle_mute_on.png,130,130,,
statusbar,状态栏,系统界面(SystemUI) · xxhdpi,【状态栏】快捷开关图标,com.android.systemui,res/drawable-xxhdpi/status_bar_toggle_off_bg.png,130,130,,
statusbar,状态栏,系统界面(SystemUI) · xxhdpi,【状态栏】快捷开关图标,com.android.systemui,res/drawable-xxhdpi/status_bar_toggle_paper_mode_off.png,130,130,,
statusbar,状态栏,系统界面(SystemUI) · xxhdpi,【状态栏】快捷开关图标,com.android.systemui,res/drawable-xxhdpi/status_bar_toggle_paper_mode_on.png,130,130,,
statusbar,状态栏,系统界面(SystemUI) · xxhdpi,【状态栏】快捷开关图标,com.android.systemui,res/drawable-xxhdpi/status_bar_toggle_power_high_off.png,130,130,,
statusbar,状态栏,系统界面(SystemUI) · xxhdpi,【状态栏】快捷开关图标,com.android.systemui,res/drawable-xxhdpi/status_bar_toggle_power_high_on.png,130,130,,
statusbar,状态栏,系统界面(SystemUI) · xxhdpi,【状态栏】快捷开关图标,com.android.systemui,res/drawable-xxhdpi/status_bar_toggle_quiet_mode_off.png,130,130,,
statusbar,状态栏,系统界面(SystemUI) · xxhdpi,【状态栏】快捷开关图标,com.android.systemui,res/drawable-xxhdpi/status_bar_toggle_quiet_mode_on.png,130,130,,
statusbar,状态栏,系统界面(SystemUI) · xxhdpi,【状态栏】快捷开关图标,com.android.systemui,res/drawable-xxhdpi/status_bar_toggle_rotate_lock_off.png,130,130,,
statusbar,状态栏,系统界面(SystemUI) · xxhdpi,【状态栏】快捷开关图标,com.android.systemui,res/drawable-xxhdpi/status_bar_toggle_rotate_lock_on.png,130,130,,
statusbar,状态栏,系统界面(SystemUI) · xxhdpi,【状态栏】快捷开关图标,com.android.systemui,res/drawable-xxhdpi/status_bar_toggle_screen_button_disabled.png,130,130,,
statusbar,状态栏,系统界面(SystemUI) · xxhdpi,【状态栏】快捷开关图标,com.android.systemui,res/drawable-xxhdpi/status_bar_toggle_screen_button_enabled.png,130,130,,
statusbar,状态栏,系统界面(SystemUI) · xxhdpi,【状态栏】快捷开关图标,com.android.systemui,res/drawable-xxhdpi/status_bar_toggle_screenshot.png,130,130,,
statusbar,状态栏,系统界面(SystemUI) · xxhdpi,【状态栏】快捷开关图标,com.android.systemui,res/drawable-xxhdpi/status_bar_toggle_screenshot_on.png,130,130,,
statusbar,状态栏,系统界面(SystemUI) · xxhdpi,【状态栏】快捷开关图标,com.android.systemui,res/drawable-xxhdpi/status_bar_toggle_sync_off.png,63,63,,
statusbar,状态栏,系统界面(SystemUI) · xxhdpi,【状态栏】快捷开关图标,com.android.systemui,res/drawable-xxhdpi/status_bar_toggle_sync_on.png,63,63,,
statusbar,状态栏,系统界面(SystemUI) · xxhdpi,【状态栏】快捷开关图标,com.android.systemui,res/drawable-xxhdpi/status_bar_toggle_vibrate_off.png,131,131,,
statusbar,状态栏,系统界面(SystemUI) · xxhdpi,【状态栏】快捷开关图标,com.android.systemui,res/drawable-xxhdpi/status_bar_toggle_vibrate_on.png,131,131,,
statusbar,状态栏,系统界面(SystemUI) · xxhdpi,【状态栏】快捷开关图标,com.android.systemui,res/drawable-xxhdpi/status_bar_toggle_wifi_ap_off.png,130,130,,
statusbar,状态栏,系统界面(SystemUI) · xxhdpi,【状态栏】快捷开关图标,com.android.systemui,res/drawable-xxhdpi/status_bar_toggle_wifi_ap_on.png,130,130,,
statusbar,状态栏,系统界面(SystemUI) · xxhdpi,WiFi详情页信号图标,com.android.systemui,res/drawable-xxhdpi/wifi_detail_signal_0.png,58,40,,
statusbar,状态栏,系统界面(SystemUI) · xxhdpi,WiFi详情页信号图标,com.android.systemui,res/drawable-xxhdpi/wifi_detail_signal_1.png,58,40,,
statusbar,状态栏,系统界面(SystemUI) · xxhdpi,WiFi详情页信号图标,com.android.systemui,res/drawable-xxhdpi/wifi_detail_signal_2.png,58,40,,
statusbar,状态栏,系统界面(SystemUI) · xxhdpi,WiFi详情页信号图标,com.android.systemui,res/drawable-xxhdpi/wifi_detail_signal_3.png,58,40,,
statusbar,状态栏,系统界面(SystemUI) · xxhdpi,WiFi详情页信号图标,com.android.systemui,res/drawable-xxhdpi/wifi_detail_signal_4.png,58,40,,
statusbar,状态栏,系统界面(SystemUI) · 电池(raw),【状态栏】电池,com.android.systemui,res/raw-xxhdpi/stat_sys_battery.png,80,6000,,★
statusbar,状态栏,系统界面(SystemUI) · 电池(raw),【状态栏】充电电池,com.android.systemui,res/raw-xxhdpi/stat_sys_battery_charge.png,80,6000,,★
statusbar,状态栏,系统界面(SystemUI) · 电池(raw),【状态栏】充电电池（深色）,com.android.systemui,res/raw-xxhdpi/stat_sys_battery_charge_darkmode.png,80,6000,,
statusbar,状态栏,系统界面(SystemUI) · 电池(raw),【状态栏】数字充电,com.android.systemui,res/raw-xxhdpi/stat_sys_battery_charge_digit.png,80,6000,,
statusbar,状态栏,系统界面(SystemUI) · 电池(raw),【状态栏】数字充电（深色）,com.android.systemui,res/raw-xxhdpi/stat_sys_battery_charge_digit_darkmode.png,80,6000,,
statusbar,状态栏,系统界面(SystemUI) · 电池(raw),【状态栏】电池（深色）,com.android.systemui,res/raw-xxhdpi/stat_sys_battery_darkmode.png,80,6000,,
statusbar,状态栏,系统界面(SystemUI) · 电池(raw),【状态栏】数字电量,com.android.systemui,res/raw-xxhdpi/stat_sys_battery_digital.png,80,6000,,
statusbar,状态栏,系统界面(SystemUI) · 电池(raw),【状态栏】数字电量（深色）,com.android.systemui,res/raw-xxhdpi/stat_sys_battery_digital_darkmode.png,80,6000,,
statusbar,状态栏,系统界面(SystemUI) · 电池(raw),【状态栏】省电电池,com.android.systemui,res/raw-xxhdpi/stat_sys_battery_power_save.png,80,6000,,
statusbar,状态栏,系统界面(SystemUI) · 电池(raw),【状态栏】省电充电电池,com.android.systemui,res/raw-xxhdpi/stat_sys_battery_power_save_charge.png,80,6000,,
statusbar,状态栏,系统界面(SystemUI) · 电池(raw),【状态栏】省电充电电池（深色）,com.android.systemui,res/raw-xxhdpi/stat_sys_battery_power_save_charge_darkmode.png,80,6000,,
statusbar,状态栏,系统界面(SystemUI) · 电池(raw),【状态栏】省电电池,com.android.systemui,res/raw-xxhdpi/stat_sys_battery_power_save_darkmode.png,80,6000,,
statusbar,状态栏,系统界面(SystemUI) · 电池(raw),【状态栏】省电数字电量,com.android.systemui,res/raw-xxhdpi/stat_sys_battery_power_save_digit.png,80,6000,,
statusbar,状态栏,系统界面(SystemUI) · 电池(raw),【状态栏】省电数字充电,com.android.systemui,res/raw-xxhdpi/stat_sys_battery_power_save_digit_charge.png,80,6000,,
statusbar,状态栏,系统界面(SystemUI) · 电池(raw),【状态栏】省电数字充电,com.android.systemui,res/raw-xxhdpi/stat_sys_battery_power_save_digit_charge_darkmode.png,80,6000,,
statusbar,状态栏,系统界面(SystemUI) · 电池(raw),【状态栏】省电数字电量,com.android.systemui,res/raw-xxhdpi/stat_sys_battery_power_save_digit_darkmode .png,80,6000,,
apps,系统应用换肤,主题商店,【主题商店】标题栏背景,com.android.thememanager,framework-miui-res/res/drawable-xxhdpi/action_bar_bg_light.9.png,1,235,是,
apps,系统应用换肤,主题商店,【主题商店】action_bar_embeded_tabs_bg_light.9.png,com.android.thememanager,framework-miui-res/res/drawable-xxhdpi/action_bar_embeded_tabs_bg_light.9.png,1080,232,是,
apps,系统应用换肤,主题商店,【主题商店】标题栏分隔背景,com.android.thememanager,framework-miui-res/res/drawable-xxhdpi/action_bar_split_bg_expanded_light.9.png,1080,232,是,
apps,系统应用换肤,主题商店,【主题商店】标题栏分隔背景,com.android.thememanager,framework-miui-res/res/drawable-xxhdpi/action_bar_split_bg_light.9.png,1080,232,是,
apps,系统应用换肤,主题商店,【主题商店】action_bar_stack_bg_light.9.png,com.android.thememanager,framework-miui-res/res/drawable-xxhdpi/action_bar_stack_bg_light.9.png,1080,232,是,
apps,系统应用换肤,主题商店,【主题商店】应用窗口背景（整页）,com.android.thememanager,framework-miui-res/res/drawable-xxhdpi/miuix_appcompat_window_bg_light.9.png,1078,2398,是,★
apps,系统应用换肤,主题商店,【主题商店】搜索模式背景,com.android.thememanager,framework-miui-res/res/drawable-xxhdpi/search_mode_bg_light.9.png,141,160,是,
apps,系统应用换肤,主题商店,【主题商店】搜索框输入背景,com.android.thememanager,framework-miui-res/res/drawable-xxhdpi/search_mode_edit_text_bg_light.9.png,130,120,是,
apps,系统应用换肤,主题商店,【主题商店】搜索输入框背景,com.android.thememanager,framework-miui-res/res/drawable-xxhdpi/search_mode_input_bg_light.9.png,1,1,是,
apps,系统应用换肤,主题商店,【主题商店】应用窗口背景（整页）,com.android.thememanager,framework-miui-res/res/drawable-xxhdpi/window_bg_light.9.png,1078,2398,是,★
apps,系统应用换肤,主题商店,【主题商店】window_search_mask.9.png,com.android.thememanager,framework-miui-res/res/drawable-xxhdpi/window_search_mask.9.png,1,1,是,
apps,系统应用换肤,主题商店 · 深色 xxhdpi,【主题商店】action_bar_back_dark.9.png,com.android.thememanager,nightmode/res/drawable-xxhdpi/action_bar_back_dark.9.png,28,28,是,
apps,系统应用换肤,主题商店 · 深色 xxhdpi,【主题商店】列表右箭头,com.android.thememanager,nightmode/res/drawable-xxhdpi/arrow_right.9.png,28,28,是,
apps,系统应用换肤,主题商店 · 深色 xxhdpi,【主题商店】上下箭头,com.android.thememanager,nightmode/res/drawable-xxhdpi/arrow_up_down.png,60,60,,
apps,系统应用换肤,主题商店 · 深色 xxhdpi,【主题商店】默认头像,com.android.thememanager,nightmode/res/drawable-xxhdpi/avatar_default.png,480,478,,
apps,系统应用换肤,主题商店 · 深色 xxhdpi,【主题商店】btn_bg_dark.9.png,com.android.thememanager,nightmode/res/drawable-xxhdpi/btn_bg_dark.9.png,90,90,是,
apps,系统应用换肤,主题商店 · 深色 xxhdpi,【主题商店】button_negative_n.9.png,com.android.thememanager,nightmode/res/drawable-xxhdpi/button_negative_n.9.png,166,200,是,
apps,系统应用换肤,主题商店 · 深色 xxhdpi,【主题商店】button_negative_p.9.png,com.android.thememanager,nightmode/res/drawable-xxhdpi/button_negative_p.9.png,166,200,是,
apps,系统应用换肤,主题商店 · 深色 xxhdpi,【主题商店】card_bg.9.png,com.android.thememanager,nightmode/res/drawable-xxhdpi/card_bg.9.png,90,90,是,
apps,系统应用换肤,主题商店 · 深色 xxhdpi,【主题商店】check_0.9.png,com.android.thememanager,nightmode/res/drawable-xxhdpi/check_0.9.png,90,90,是,
apps,系统应用换肤,主题商店 · 深色 xxhdpi,【主题商店】check_1.9.png,com.android.thememanager,nightmode/res/drawable-xxhdpi/check_1.9.png,90,90,是,
apps,系统应用换肤,主题商店 · 深色 xxhdpi,【主题商店】默认头像,com.android.thememanager,nightmode/res/drawable-xxhdpi/icon_default_avatar_normal.png,480,478,,
apps,系统应用换肤,主题商店 · 深色 xxhdpi,【主题商店】默认头像,com.android.thememanager,nightmode/res/drawable-xxhdpi/icon_default_avatar_press.png,480,478,,
apps,系统应用换肤,主题商店 · 深色 xxhdpi,【主题商店】mask.9.png,com.android.thememanager,nightmode/res/drawable-xxhdpi/mask.9.png,1080,2340,是,
apps,系统应用换肤,主题商店 · 深色 xxhdpi,【主题商店】me_container_bg.png,com.android.thememanager,nightmode/res/drawable-xxhdpi/me_container_bg.png,166,200,,
apps,系统应用换肤,主题商店 · 深色 xxhdpi,【主题商店】me_icon_aod.png,com.android.thememanager,nightmode/res/drawable-xxhdpi/me_icon_aod.png,100,100,,
apps,系统应用换肤,主题商店 · 深色 xxhdpi,【主题商店】me_icon_font.png,com.android.thememanager,nightmode/res/drawable-xxhdpi/me_icon_font.png,100,100,,
apps,系统应用换肤,主题商店 · 深色 xxhdpi,【主题商店】me_icon_icon.png,com.android.thememanager,nightmode/res/drawable-xxhdpi/me_icon_icon.png,100,100,,
apps,系统应用换肤,主题商店 · 深色 xxhdpi,【主题商店】me_icon_large_icons.png,com.android.thememanager,nightmode/res/drawable-xxhdpi/me_icon_large_icons.png,100,100,,
apps,系统应用换肤,主题商店 · 深色 xxhdpi,【主题商店】me_icon_ringtone.png,com.android.thememanager,nightmode/res/drawable-xxhdpi/me_icon_ringtone.png,100,100,,
apps,系统应用换肤,主题商店 · 深色 xxhdpi,【主题商店】me_icon_theme.png,com.android.thememanager,nightmode/res/drawable-xxhdpi/me_icon_theme.png,100,100,,
apps,系统应用换肤,主题商店 · 深色 xxhdpi,【主题商店】me_icon_video_wallpaper.png,com.android.thememanager,nightmode/res/drawable-xxhdpi/me_icon_video_wallpaper.png,100,100,,
apps,系统应用换肤,主题商店 · 深色 xxhdpi,【主题商店】me_icon_wallpaper.png,com.android.thememanager,nightmode/res/drawable-xxhdpi/me_icon_wallpaper.png,100,100,,
apps,系统应用换肤,主题商店 · 深色 xxhdpi,【主题商店】me_icon_widget_suit.png,com.android.thememanager,nightmode/res/drawable-xxhdpi/me_icon_widget_suit.png,100,100,,
apps,系统应用换肤,主题商店 · 深色 xxhdpi,【主题商店】miuix_action_icon_back_dark.9.png,com.android.thememanager,nightmode/res/drawable-xxhdpi/miuix_action_icon_back_dark.9.png,28,28,是,
apps,系统应用换肤,主题商店 · 深色 xxhdpi,【主题商店】列表右箭头,com.android.thememanager,nightmode/res/drawable-xxhdpi/miuix_appcompat_arrow_right.png,28,28,,
apps,系统应用换肤,主题商店 · 深色 xxhdpi,【主题商店】miuix_appcompat_filter_sort_tab_view2_bg_selected_dark.9.png,com.android.thememanager,nightmode/res/drawable-xxhdpi/miuix_appcompat_filter_sort_tab_view2_bg_selected_dark.9.png,90,90,是,
apps,系统应用换肤,主题商店 · 深色 xxhdpi,【主题商店】miuix_appcompat_search_mode_input_bg_dark.9.png,com.android.thememanager,nightmode/res/drawable-xxhdpi/miuix_appcompat_search_mode_input_bg_dark.9.png,141,150,是,
apps,系统应用换肤,主题商店 · 深色 xxhdpi,【主题商店】miuix_appcompat_sliding_btn_bar_off_dark.png,com.android.thememanager,nightmode/res/drawable-xxhdpi/miuix_appcompat_sliding_btn_bar_off_dark.png,1,1,,
apps,系统应用换肤,主题商店 · 深色 xxhdpi,【主题商店】miuix_appcompat_sliding_btn_bar_on_dark.png,com.android.thememanager,nightmode/res/drawable-xxhdpi/miuix_appcompat_sliding_btn_bar_on_dark.png,1,1,,
apps,系统应用换肤,主题商店 · 深色 xxhdpi,【主题商店】滑动开关背景,com.android.thememanager,nightmode/res/drawable-xxhdpi/miuix_appcompat_sliding_btn_bg_dark.png,1,1,,
apps,系统应用换肤,主题商店 · 深色 xxhdpi,【主题商店】miuix_appcompat_sliding_btn_frame_dark.png,com.android.thememanager,nightmode/res/drawable-xxhdpi/miuix_appcompat_sliding_btn_frame_dark.png,1,1,,
apps,系统应用换肤,主题商店 · 深色 xxhdpi,【主题商店】miuix_appcompat_sliding_btn_mask_dark.png,com.android.thememanager,nightmode/res/drawable-xxhdpi/miuix_appcompat_sliding_btn_mask_dark.png,1,1,,
apps,系统应用换肤,主题商店 · 深色 xxhdpi,【主题商店】miuix_appcompat_sliding_panel_visualization_bg.png,com.android.thememanager,nightmode/res/drawable-xxhdpi/miuix_appcompat_sliding_panel_visualization_bg.png,1,1,,
apps,系统应用换肤,主题商店 · 深色 xxhdpi,【主题商店】列表右箭头,com.android.thememanager,nightmode/res/drawable-xxhdpi/miuix_preference_arrow_right.png,28,28,,
apps,系统应用换肤,主题商店 · 深色 xxhdpi,【主题商店】分割线,com.android.thememanager,nightmode/res/drawable-xxhdpi/miuix_preference_first_last_divider_line_dark.9.png,770,110,是,
apps,系统应用换肤,主题商店 · 深色 xxhdpi,【主题商店】recommend_title.9.png,com.android.thememanager,nightmode/res/drawable-xxhdpi/recommend_title.9.png,62,97,是,
apps,系统应用换肤,主题商店 · 深色 xxhdpi,【主题商店】resource_detail_category_title_bg.9.png,com.android.thememanager,nightmode/res/drawable-xxhdpi/resource_detail_category_title_bg.9.png,1,1,是,
apps,系统应用换肤,主题商店 · 深色 xxhdpi,【主题商店】分割线,com.android.thememanager,nightmode/res/drawable-xxhdpi/resource_divider.9.png,1,1,是,
apps,系统应用换肤,主题商店 · 深色 xxhdpi,【主题商店】resource_info_bg.9.png,com.android.thememanager,nightmode/res/drawable-xxhdpi/resource_info_bg.9.png,38,485,是,
apps,系统应用换肤,主题商店 · 深色 xxhdpi,【主题商店】resource_list_all_bg.9.png,com.android.thememanager,nightmode/res/drawable-xxhdpi/resource_list_all_bg.9.png,70,482,是,
apps,系统应用换肤,主题商店 · 深色 xxhdpi,【主题商店】resource_list_small_view_item_group_header_bg_dark.9.png,com.android.thememanager,nightmode/res/drawable-xxhdpi/resource_list_small_view_item_group_header_bg_dark.9.png,81,132,是,
apps,系统应用换肤,主题商店 · 深色 xxhdpi,【主题商店】resource_list_title.9.png,com.android.thememanager,nightmode/res/drawable-xxhdpi/resource_list_title.9.png,41,61,是,
apps,系统应用换肤,主题商店 · 深色 xxhdpi,【主题商店】tab_overlay_left_foreground.png,com.android.thememanager,nightmode/res/drawable-xxhdpi/tab_overlay_left_foreground.png,249,189,,
apps,系统应用换肤,主题商店 · 深色 xxhdpi,【主题商店】tab_overlay_right_foreground.png,com.android.thememanager,nightmode/res/drawable-xxhdpi/tab_overlay_right_foreground.png,1,1,,
apps,系统应用换肤,主题商店 · 深色 xxhdpi,【主题商店】wallpaper_detail_bottombar.9.png,com.android.thememanager,nightmode/res/drawable-xxhdpi/wallpaper_detail_bottombar.9.png,1,152,是,
apps,系统应用换肤,主题商店 · 深色 xxhdpi,【主题商店】wallpaper_title_bar_bg.9.png,com.android.thememanager,nightmode/res/drawable-xxhdpi/wallpaper_title_bar_bg.9.png,1,90,是,
apps,系统应用换肤,主题商店 · 深色 xxhdpi,【主题商店】window_bg_dark.9.png,com.android.thememanager,nightmode/res/drawable-xxhdpi/window_bg_dark.9.png,1078,2398,是,
apps,系统应用换肤,主题商店,【主题商店】Ava.9.png,com.android.thememanager,res/drawable-hdpi/Ava.9.png,153,192,是,
apps,系统应用换肤,主题商店,【主题商店】Ava_main.9.png,com.android.thememanager,res/drawable-hdpi/Ava_main.9.png,1,104,是,
apps,系统应用换肤,主题商店,【主题商店】resource_gray_bg.9.png,com.android.thememanager,res/drawable-hdpi/resource_gray_bg.9.png,1,1,是,
apps,系统应用换肤,主题商店,【主题商店】resource_operation_view_bg.9.png,com.android.thememanager,res/drawable-hdpi/resource_operation_view_bg.9.png,1,125,是,
apps,系统应用换肤,主题商店,【主题商店】resource_purchase_bg.9.png,com.android.thememanager,res/drawable-hdpi/resource_purchase_bg.9.png,89,111,是,
apps,系统应用换肤,主题商店,【主题商店】resource_title_with_bottom_line_bg.9.png,com.android.thememanager,res/drawable-hdpi/resource_title_with_bottom_line_bg.9.png,1,2,是,
apps,系统应用换肤,主题商店,【主题商店】Ava.9.png,com.android.thememanager,res/drawable-xhdpi/Ava.9.png,153,192,是,
apps,系统应用换肤,主题商店,【主题商店】Ava_main.9.png,com.android.thememanager,res/drawable-xhdpi/Ava_main.9.png,1,104,是,
apps,系统应用换肤,主题商店,【主题商店】local_grid_item_bg_n.9.png,com.android.thememanager,res/drawable-xhdpi/local_grid_item_bg_n.9.png,10,10,是,
apps,系统应用换肤,主题商店,【主题商店】local_grid_item_bg_p.9.png,com.android.thememanager,res/drawable-xhdpi/local_grid_item_bg_p.9.png,10,10,是,
apps,系统应用换肤,主题商店,【主题商店】标签页背景,com.android.thememanager,res/drawable-xhdpi/tab_bg_middle_normal_light.9.png,81,161,是,
apps,系统应用换肤,主题商店,【主题商店】标签页背景,com.android.thememanager,res/drawable-xhdpi/tab_bg_middle_pressed_light.9.png,81,161,是,
apps,系统应用换肤,主题商店,【主题商店】标签页背景,com.android.thememanager,res/drawable-xhdpi/tab_bg_middle_selected_light.9.png,81,161,是,
apps,系统应用换肤,主题商店,【主题商店】theme_window_background.9.png,com.android.thememanager,res/drawable-xhdpi/theme_window_background.9.png,1,125,是,
apps,系统应用换肤,主题商店,【主题商店】标题栏背景,com.android.thememanager,res/drawable-xxhdpi/action_bar_bg_light.9.png,90,90,是,
apps,系统应用换肤,主题商店,【主题商店】按下反馈背景,com.android.thememanager,res/drawable-xxhdpi/action_down_bg_light.9.png,90,90,是,
apps,系统应用换肤,主题商店,【主题商店】audio_list_small_item_single_bg_n.9.png,com.android.thememanager,res/drawable-xxhdpi/audio_list_small_item_single_bg_n.9.png,81,2,是,
apps,系统应用换肤,主题商店,【主题商店】audio_list_small_item_single_bg_p.9.png,com.android.thememanager,res/drawable-xxhdpi/audio_list_small_item_single_bg_p.9.png,81,2,是,
apps,系统应用换肤,主题商店,【主题商店】默认头像,com.android.thememanager,res/drawable-xxhdpi/avatar_default.png,480,478,,
apps,系统应用换肤,主题商店,【主题商店】bottom_tab_bg.9.png,com.android.thememanager,res/drawable-xxhdpi/bottom_tab_bg.9.png,1,125,是,
apps,系统应用换肤,主题商店,【主题商店】btn_bg_first_normal_light.9.png,com.android.thememanager,res/drawable-xxhdpi/btn_bg_first_normal_light.9.png,51,81,是,
apps,系统应用换肤,主题商店,【主题商店】btn_bg_first_pressed_light.9.png,com.android.thememanager,res/drawable-xxhdpi/btn_bg_first_pressed_light.9.png,51,81,是,
apps,系统应用换肤,主题商店,【主题商店】btn_bg_last_normal_light.9.png,com.android.thememanager,res/drawable-xxhdpi/btn_bg_last_normal_light.9.png,51,81,是,
apps,系统应用换肤,主题商店,【主题商店】btn_bg_last_pressed_light.9.png,com.android.thememanager,res/drawable-xxhdpi/btn_bg_last_pressed_light.9.png,51,81,是,
apps,系统应用换肤,主题商店,【主题商店】按钮背景,com.android.thememanager,res/drawable-xxhdpi/btn_bg_light.9.png,90,90,是,
apps,系统应用换肤,主题商店,【主题商店】button_negative_n.9.png,com.android.thememanager,res/drawable-xxhdpi/button_negative_n.9.png,166,200,是,
apps,系统应用换肤,主题商店,【主题商店】button_negative_p.9.png,com.android.thememanager,res/drawable-xxhdpi/button_negative_p.9.png,166,200,是,
apps,系统应用换肤,主题商店,【主题商店】card_bg.9.png,com.android.thememanager,res/drawable-xxhdpi/card_bg.9.png,90,90,是,
apps,系统应用换肤,主题商店,【主题商店】exo_icon_stop.png,com.android.thememanager,res/drawable-xxhdpi/exo_icon_stop.png,153,192,,
apps,系统应用换肤,主题商店,【主题商店】gift_operation_button_bg_n.9.png,com.android.thememanager,res/drawable-xxhdpi/gift_operation_button_bg_n.9.png,149,70,是,
apps,系统应用换肤,主题商店,【主题商店】gift_operation_button_bg_p.9.png,com.android.thememanager,res/drawable-xxhdpi/gift_operation_button_bg_p.9.png,149,70,是,
apps,系统应用换肤,主题商店,【主题商店】默认头像,com.android.thememanager,res/drawable-xxhdpi/icon_default_avatar_normal.png,480,478,,
apps,系统应用换肤,主题商店,【主题商店】默认头像,com.android.thememanager,res/drawable-xxhdpi/icon_default_avatar_press.png,480,478,,
apps,系统应用换肤,主题商店,【主题商店】list_item_bg_n.9.png,com.android.thememanager,res/drawable-xxhdpi/list_item_bg_n.9.png,81,152,是,
apps,系统应用换肤,主题商店,【主题商店】list_item_bg_p.9.png,com.android.thememanager,res/drawable-xxhdpi/list_item_bg_p.9.png,81,152,是,
apps,系统应用换肤,主题商店,【主题商店】list_item_select_menu_bg.9.png,com.android.thememanager,res/drawable-xxhdpi/list_item_select_menu_bg.9.png,1,204,是,
apps,系统应用换肤,主题商店,【主题商店】list_small_item_single_bg_n.9.png,com.android.thememanager,res/drawable-xxhdpi/list_small_item_single_bg_n.9.png,144,4,是,
apps,系统应用换肤,主题商店,【主题商店】list_small_item_single_bg_p.9.png,com.android.thememanager,res/drawable-xxhdpi/list_small_item_single_bg_p.9.png,144,4,是,
apps,系统应用换肤,主题商店,【主题商店】loading_view_bg.9.png,com.android.thememanager,res/drawable-xxhdpi/loading_view_bg.9.png,1,200,是,
apps,系统应用换肤,主题商店,【主题商店】local_grid_item_bg_p.9.png,com.android.thememanager,res/drawable-xxhdpi/local_grid_item_bg_p.9.png,153,192,是,
apps,系统应用换肤,主题商店,【主题商店】me_container_bg.9.png,com.android.thememanager,res/drawable-xxhdpi/me_container_bg.9.png,153,192,是,
apps,系统应用换肤,主题商店,【主题商店】me_icon_aod.png,com.android.thememanager,res/drawable-xxhdpi/me_icon_aod.png,100,100,,
apps,系统应用换肤,主题商店,【主题商店】me_icon_font.png,com.android.thememanager,res/drawable-xxhdpi/me_icon_font.png,100,100,,
apps,系统应用换肤,主题商店,【主题商店】me_icon_icon.png,com.android.thememanager,res/drawable-xxhdpi/me_icon_icon.png,100,100,,
apps,系统应用换肤,主题商店,【主题商店】me_icon_large_icons.png,com.android.thememanager,res/drawable-xxhdpi/me_icon_large_icons.png,100,100,,
apps,系统应用换肤,主题商店,【主题商店】me_icon_ringtone.png,com.android.thememanager,res/drawable-xxhdpi/me_icon_ringtone.png,100,100,,
apps,系统应用换肤,主题商店,【主题商店】me_icon_theme.png,com.android.thememanager,res/drawable-xxhdpi/me_icon_theme.png,100,100,,
apps,系统应用换肤,主题商店,【主题商店】me_icon_video_wallpaper.png,com.android.thememanager,res/drawable-xxhdpi/me_icon_video_wallpaper.png,100,100,,
apps,系统应用换肤,主题商店,【主题商店】me_icon_wallpaper.png,com.android.thememanager,res/drawable-xxhdpi/me_icon_wallpaper.png,100,100,,
apps,系统应用换肤,主题商店,【主题商店】me_icon_widget_suit.png,com.android.thememanager,res/drawable-xxhdpi/me_icon_widget_suit.png,100,100,,
apps,系统应用换肤,主题商店,【主题商店】miuix_appcompat_action_bar_back_light.png,com.android.thememanager,res/drawable-xxhdpi/miuix_appcompat_action_bar_back_light.png,180,85,,
apps,系统应用换肤,主题商店,【主题商店】单选按钮（开→关）,com.android.thememanager,res/drawable-xxhdpi/miuix_appcompat_btn_radio_on_to_off_light.9.png,90,90,是,
apps,系统应用换肤,主题商店,【主题商店】miuix_appcompat_context_menu_separate_item_bg_light.9.png,com.android.thememanager,res/drawable-xxhdpi/miuix_appcompat_context_menu_separate_item_bg_light.9.png,161,124,是,
apps,系统应用换肤,主题商店,【主题商店】miuix_appcompat_filter_sort_tab_view2_bg_selected_light.9.png,com.android.thememanager,res/drawable-xxhdpi/miuix_appcompat_filter_sort_tab_view2_bg_selected_light.9.png,90,90,是,
apps,系统应用换肤,主题商店,【主题商店】进度条,com.android.thememanager,res/drawable-xxhdpi/miuix_appcompat_progressbar.9.png,46,33,是,
apps,系统应用换肤,主题商店,【主题商店】进度条,com.android.thememanager,res/drawable-xxhdpi/miuix_appcompat_progressbar_horizontal_bg.9.png,46,33,是,
apps,系统应用换肤,主题商店,【主题商店】搜索模式背景,com.android.thememanager,res/drawable-xxhdpi/miuix_appcompat_search_mode_bg_light.9.png,3,5,是,
apps,系统应用换肤,主题商店,【主题商店】应用窗口背景（整页）,com.android.thememanager,res/drawable-xxhdpi/miuix_appcompat_window_bg_light.9.png,1078,2398,是,★
apps,系统应用换肤,主题商店,【主题商店】miuix_appcompat_window_search_mask.9.png,com.android.thememanager,res/drawable-xxhdpi/miuix_appcompat_window_search_mask.9.png,1,1,是,
apps,系统应用换肤,主题商店,【主题商店】设置项图标背景,com.android.thememanager,res/drawable-xxhdpi/miuix_ic_preference_disconnected_bg.9.png,300,240,是,
apps,系统应用换肤,主题商店,【主题商店】设置分组标题背景,com.android.thememanager,res/drawable-xxhdpi/miuix_preference_category_bg_first_light.9.png,153,100,是,
apps,系统应用换肤,主题商店,【主题商店】设置分组标题背景,com.android.thememanager,res/drawable-xxhdpi/miuix_preference_category_bg_first_no_title_light.9.png,153,1,是,
apps,系统应用换肤,主题商店,【主题商店】设置分组标题背景,com.android.thememanager,res/drawable-xxhdpi/miuix_preference_category_bg_light.9.png,153,192,是,
apps,系统应用换肤,主题商店,【主题商店】设置分组标题背景,com.android.thememanager,res/drawable-xxhdpi/miuix_preference_category_bg_no_title_light.9.png,155,122,是,
apps,系统应用换肤,主题商店,【主题商店】设置列表项背景（首项）,com.android.thememanager,res/drawable-xxhdpi/miuix_preference_first_item_bg_light_normal.9.png,272,182,是,
apps,系统应用换肤,主题商店,【主题商店】miuix_preference_first_item_radio_two_state_bg.9.png,com.android.thememanager,res/drawable-xxhdpi/miuix_preference_first_item_radio_two_state_bg.9.png,272,182,是,
apps,系统应用换肤,主题商店,【主题商店】miuix_preference_first_item_with_icon_bg_normal.9.png,com.android.thememanager,res/drawable-xxhdpi/miuix_preference_first_item_with_icon_bg_normal.9.png,153,160,是,
apps,系统应用换肤,主题商店,【主题商店】miuix_preference_item_radio_two_state_background.9.png,com.android.thememanager,res/drawable-xxhdpi/miuix_preference_item_radio_two_state_background.9.png,372,182,是,
apps,系统应用换肤,主题商店,【主题商店】设置列表项背景（末项）,com.android.thememanager,res/drawable-xxhdpi/miuix_preference_last_item_bg_light_normal.9.png,272,182,是,
apps,系统应用换肤,主题商店,【主题商店】miuix_preference_last_item_radio_two_state_bg.9.png,com.android.thememanager,res/drawable-xxhdpi/miuix_preference_last_item_radio_two_state_bg.9.png,272,182,是,
apps,系统应用换肤,主题商店,【主题商店】miuix_preference_last_item_with_icon_bg_normal.9.png,com.android.thememanager,res/drawable-xxhdpi/miuix_preference_last_item_with_icon_bg_normal.9.png,153,160,是,
apps,系统应用换肤,主题商店,【主题商店】设置列表项背景（中间项）,com.android.thememanager,res/drawable-xxhdpi/miuix_preference_middle_item_bg_light_normal.9.png,272,182,是,
apps,系统应用换肤,主题商店,【主题商店】miuix_preference_middle_item_radio_two_state_bg.9.png,com.android.thememanager,res/drawable-xxhdpi/miuix_preference_middle_item_radio_two_state_bg.9.png,272,182,是,
apps,系统应用换肤,主题商店,【主题商店】miuix_preference_middle_item_with_icon_bg_normal.9.png,com.android.thememanager,res/drawable-xxhdpi/miuix_preference_middle_item_with_icon_bg_normal.9.png,153,160,是,
apps,系统应用换肤,主题商店,【主题商店】设置列表项背景（单项）,com.android.thememanager,res/drawable-xxhdpi/miuix_preference_single_item_bg_light_normal.9.png,272,182,是,
apps,系统应用换肤,主题商店,【主题商店】miuix_preference_single_item_radio_two_state_bg.9.png,com.android.thememanager,res/drawable-xxhdpi/miuix_preference_single_item_radio_two_state_bg.9.png,272,182,是,
apps,系统应用换肤,主题商店,【主题商店】miuix_preference_single_item_with_icon_bg_normal.9.png,com.android.thememanager,res/drawable-xxhdpi/miuix_preference_single_item_with_icon_bg_normal.9.png,153,160,是,
apps,系统应用换肤,主题商店,【主题商店】my_account_exchange_svg.png,com.android.thememanager,res/drawable-xxhdpi/my_account_exchange_svg.png,141,140,,
apps,系统应用换肤,主题商店,【主题商店】my_account_favourite_svg.png,com.android.thememanager,res/drawable-xxhdpi/my_account_favourite_svg.png,141,140,,
apps,系统应用换肤,主题商店,【主题商店】my_account_gift_svg.png,com.android.thememanager,res/drawable-xxhdpi/my_account_gift_svg.png,141,140,,
apps,系统应用换肤,主题商店,【主题商店】my_account_lab_svg.png,com.android.thememanager,res/drawable-xxhdpi/my_account_lab_svg.png,140,140,,
apps,系统应用换肤,主题商店,【主题商店】my_account_like_svg.png,com.android.thememanager,res/drawable-xxhdpi/my_account_like_svg.png,141,140,,
apps,系统应用换肤,主题商店,【主题商店】my_account_mix_svg.png,com.android.thememanager,res/drawable-xxhdpi/my_account_mix_svg.png,141,140,,
apps,系统应用换肤,主题商店,【主题商店】my_account_purchased_svg.png,com.android.thememanager,res/drawable-xxhdpi/my_account_purchased_svg.png,141,140,,
apps,系统应用换肤,主题商店,【主题商店】operation_btn_like_n.png,com.android.thememanager,res/drawable-xxhdpi/operation_btn_like_n.png,110,110,,
apps,系统应用换肤,主题商店,【主题商店】operation_btn_like_p.png,com.android.thememanager,res/drawable-xxhdpi/operation_btn_like_p.png,111,110,,
apps,系统应用换肤,主题商店,【主题商店】operation_btn_liked_n.png,com.android.thememanager,res/drawable-xxhdpi/operation_btn_liked_n.png,111,110,,
apps,系统应用换肤,主题商店,【主题商店】operation_btn_liked_p.png,com.android.thememanager,res/drawable-xxhdpi/operation_btn_liked_p.png,111,110,,
apps,系统应用换肤,主题商店,【主题商店】recommend_title.9.png,com.android.thememanager,res/drawable-xxhdpi/recommend_title.9.png,84,110,是,
apps,系统应用换肤,主题商店,【主题商店】resource_comment_tab_bg_left_n.9.png,com.android.thememanager,res/drawable-xxhdpi/resource_comment_tab_bg_left_n.9.png,20,64,是,
apps,系统应用换肤,主题商店,【主题商店】resource_comment_tab_bg_left_p.9.png,com.android.thememanager,res/drawable-xxhdpi/resource_comment_tab_bg_left_p.9.png,20,64,是,
apps,系统应用换肤,主题商店,【主题商店】标签页背景,com.android.thememanager,res/drawable-xxhdpi/resource_comment_tab_bg_middle_n.9.png,2,64,是,
apps,系统应用换肤,主题商店,【主题商店】标签页背景,com.android.thememanager,res/drawable-xxhdpi/resource_comment_tab_bg_middle_p.9.png,2,64,是,
apps,系统应用换肤,主题商店,【主题商店】resource_comment_tab_bg_right_n.9.png,com.android.thememanager,res/drawable-xxhdpi/resource_comment_tab_bg_right_n.9.png,20,64,是,
apps,系统应用换肤,主题商店,【主题商店】resource_comment_tab_bg_right_p.9.png,com.android.thememanager,res/drawable-xxhdpi/resource_comment_tab_bg_right_p.9.png,20,64,是,
apps,系统应用换肤,主题商店,【主题商店】分割线,com.android.thememanager,res/drawable-xxhdpi/resource_divider.9.png,1,1,是,
apps,系统应用换肤,主题商店,【主题商店】resource_filter_seperate_line.png,com.android.thememanager,res/drawable-xxhdpi/resource_filter_seperate_line.png,2,134,,
apps,系统应用换肤,主题商店,【主题商店】（WebP 资源）,com.android.thememanager,res/drawable-xxhdpi/resource_filter_seperate_line.webp,1,2,,
apps,系统应用换肤,主题商店,【主题商店】resource_list_all_bg.9.png,com.android.thememanager,res/drawable-xxhdpi/resource_list_all_bg.9.png,108,726,是,
apps,系统应用换肤,主题商店,【主题商店】resource_list_item_bg_n.9.png,com.android.thememanager,res/drawable-xxhdpi/resource_list_item_bg_n.9.png,81,2,是,
apps,系统应用换肤,主题商店,【主题商店】resource_list_item_bg_p.9.png,com.android.thememanager,res/drawable-xxhdpi/resource_list_item_bg_p.9.png,81,2,是,
apps,系统应用换肤,主题商店,【主题商店】resource_list_small_view_item_group_header_bg_light.9.png,com.android.thememanager,res/drawable-xxhdpi/resource_list_small_view_item_group_header_bg_light.9.png,81,132,是,
apps,系统应用换肤,主题商店,【主题商店】resource_list_title.9.png,com.android.thememanager,res/drawable-xxhdpi/resource_list_title.9.png,91,65,是,
apps,系统应用换肤,主题商店,【主题商店】resource_operation_view_background.9.png,com.android.thememanager,res/drawable-xxhdpi/resource_operation_view_background.9.png,1,204,是,
apps,系统应用换肤,主题商店,【主题商店】resource_preview_bg.png,com.android.thememanager,res/drawable-xxhdpi/resource_preview_bg.png,704,1252,,
apps,系统应用换肤,主题商店,【主题商店】resource_preview_empty.png,com.android.thememanager,res/drawable-xxhdpi/resource_preview_empty.png,704,1252,,
apps,系统应用换肤,主题商店,【主题商店】resource_strickout_bg.9.png,com.android.thememanager,res/drawable-xxhdpi/resource_strickout_bg.9.png,1,8,是,
apps,系统应用换肤,主题商店,【主题商店】resource_thumbnail_bg.9.png,com.android.thememanager,res/drawable-xxhdpi/resource_thumbnail_bg.9.png,1,125,是,
apps,系统应用换肤,主题商店,【主题商店】resource_thumbnail_bg_round_border.9.png,com.android.thememanager,res/drawable-xxhdpi/resource_thumbnail_bg_round_border.9.png,62,116,是,
apps,系统应用换肤,主题商店,【主题商店】screen_view_slide_bar_bg.9.png,com.android.thememanager,res/drawable-xxhdpi/screen_view_slide_bar_bg.9.png,1,11,是,
apps,系统应用换肤,主题商店,【主题商店】搜索框输入背景,com.android.thememanager,res/drawable-xxhdpi/search_mode_edit_text_bg_light.9.png,130,120,是,
apps,系统应用换肤,主题商店,【主题商店】shape_background_with_top_line.9.png,com.android.thememanager,res/drawable-xxhdpi/shape_background_with_top_line.9.png,1,204,是,
apps,系统应用换肤,主题商店,【主题商店】标签栏背景,com.android.thememanager,res/drawable-xxhdpi/tab_bar_bg_light.9.png,81,161,是,
apps,系统应用换肤,主题商店,【主题商店】标签页背景,com.android.thememanager,res/drawable-xxhdpi/tab_bg_middle_normal_light.9.png,81,161,是,
apps,系统应用换肤,主题商店,【主题商店】标签页背景,com.android.thememanager,res/drawable-xxhdpi/tab_bg_middle_pressed_light.9.png,81,161,是,
apps,系统应用换肤,主题商店,【主题商店】标签页背景,com.android.thememanager,res/drawable-xxhdpi/tab_bg_middle_selected_light.9.png,81,161,是,
apps,系统应用换肤,主题商店,【主题商店】（WebP 资源）,com.android.thememanager,res/drawable-xxhdpi/tab_overlay_left_foreground.webp,1,2,,
apps,系统应用换肤,主题商店,【主题商店】（WebP 资源）,com.android.thememanager,res/drawable-xxhdpi/tab_overlay_right_foreground.webp,1,2,,
apps,系统应用换肤,主题商店,【主题商店】theme_oper_info_bar_bg.9.png,com.android.thememanager,res/drawable-xxhdpi/theme_oper_info_bar_bg.9.png,1,166,是,
apps,系统应用换肤,主题商店,【主题商店】wallpaper_bottom_shade.9.png,com.android.thememanager,res/drawable-xxhdpi/wallpaper_bottom_shade.9.png,1,860,是,
apps,系统应用换肤,主题商店,【主题商店】wallpaper_detial_bottombar.9.png,com.android.thememanager,res/drawable-xxhdpi/wallpaper_detial_bottombar.9.png,1,202,是,
apps,系统应用换肤,主题商店,【主题商店】wallpaper_title_bar_bg.9.png,com.android.thememanager,res/drawable-xxhdpi/wallpaper_title_bar_bg.9.png,1,180,是,
apps,系统应用换肤,主题商店,【主题商店】应用窗口背景（整页）,com.android.thememanager,res/drawable-xxhdpi/window_bg_light.9.png,1078,2398,是,★
apps,系统应用换肤,主题商店,【主题商店】主题.png,com.android.thememanager,res/drawable-xxhdpi/主题.png,100,100,,
apps,系统应用换肤,主题商店,【主题商店】动态壁纸.png,com.android.thememanager,res/drawable-xxhdpi/动态壁纸.png,100,100,,
apps,系统应用换肤,主题商店,【主题商店】图标.png,com.android.thememanager,res/drawable-xxhdpi/图标.png,100,100,,
apps,系统应用换肤,主题商店,【主题商店】壁纸.png,com.android.thememanager,res/drawable-xxhdpi/壁纸.png,100,100,,
apps,系统应用换肤,主题商店,【主题商店】大图标.png,com.android.thememanager,res/drawable-xxhdpi/大图标.png,100,100,,
apps,系统应用换肤,主题商店,【主题商店】字体.png,com.android.thememanager,res/drawable-xxhdpi/字体.png,100,100,,
apps,系统应用换肤,主题商店,【主题商店】小部件.png,com.android.thememanager,res/drawable-xxhdpi/小部件.png,100,100,,
apps,系统应用换肤,主题商店,【主题商店】息屏.png,com.android.thememanager,res/drawable-xxhdpi/息屏.png,100,100,,
apps,系统应用换肤,主题商店,【主题商店】铃声.png,com.android.thememanager,res/drawable-xxhdpi/铃声.png,100,100,,
apps,系统应用换肤,主题商店,【主题商店】weeazn.png,com.android.thememanager,res/weeazn.png,480,478,,
apps,系统应用换肤,系统更新 · 深色 xxhdpi,【系统更新】miuix_appcompat_window_bg_dark.9.png,com.android.updater,nightmode/res/drawable-xxhdpi/miuix_appcompat_window_bg_dark.9.png,1078,2398,是,
apps,系统应用换肤,系统更新 · 深色 xxhdpi,【系统更新】v15_xiaomi_logo_dark.png,com.android.updater,nightmode/res/drawable-xxhdpi/v15_xiaomi_logo_dark.png,1080,153,,
apps,系统应用换肤,系统更新 · 深色 xxhdpi,【系统更新】xiaomi_os_logo.png,com.android.updater,nightmode/res/drawable-xxhdpi/xiaomi_os_logo.png,1080,153,,
apps,系统应用换肤,系统更新,【系统更新】标题栏背景,com.android.updater,res/drawable-xxhdpi/miuix_appcompat_action_bar_bg_light.9.png,1082,288,是,
apps,系统应用换肤,系统更新,【系统更新】应用窗口背景（整页）,com.android.updater,res/drawable-xxhdpi/miuix_appcompat_window_bg_light.9.png,1078,2398,是,★
apps,系统应用换肤,系统更新,【系统更新】os_new_update_background.png,com.android.updater,res/drawable-xxhdpi/os_new_update_background.png,1080,1450,,
apps,系统应用换肤,系统更新,【系统更新】v15_xiaomi_logo_light.png,com.android.updater,res/drawable-xxhdpi/v15_xiaomi_logo_light.png,1080,153,,
apps,系统应用换肤,系统更新,【系统更新】xiaomi_os_logo.png,com.android.updater,res/drawable-xxhdpi/xiaomi_os_logo.png,1080,153,,
apps,系统应用换肤,酷安 · 深色 xxhdpi,【酷安】ad_splash_slogan3.png,com.coolapk.market,nightmode/res/drawable-xxhdpi/ad_splash_slogan3.png,720,720,,
apps,系统应用换肤,酷安,【酷安】ad_splash_slogan3.png,com.coolapk.market,res/drawable-xxhdpi/ad_splash_slogan3.png,720,720,,
apps,系统应用换肤,万能遥控,【万能遥控】common_9_btn.png,com.duokan.phone.remotecontroller,res/drawable-xxhdpi/common_9_btn.png,124,124,,
apps,系统应用换肤,万能遥控,【万能遥控】ir_panel_ac_btn_bg.png,com.duokan.phone.remotecontroller,res/drawable-xxhdpi/ir_panel_ac_btn_bg.png,124,124,,
apps,系统应用换肤,万能遥控,【万能遥控】list_item_bg.png,com.duokan.phone.remotecontroller,res/drawable-xxhdpi/list_item_bg.png,124,124,,
apps,系统应用换肤,万能遥控,【万能遥控】miuix_appcompat_btn_bg_dialog_light.9.png,com.duokan.phone.remotecontroller,res/drawable-xxhdpi/miuix_appcompat_btn_bg_dialog_light.9.png,124,124,是,
apps,系统应用换肤,万能遥控,【万能遥控】主按钮背景,com.duokan.phone.remotecontroller,res/drawable-xxhdpi/miuix_appcompat_btn_bg_primary_light.9.png,124,124,是,★
apps,系统应用换肤,万能遥控,【万能遥控】对话框背景,com.duokan.phone.remotecontroller,res/drawable-xxhdpi/miuix_appcompat_dialog_bg_light.9.png,1080,900,是,★
apps,系统应用换肤,万能遥控,【万能遥控】对话框普通按钮,com.duokan.phone.remotecontroller,res/drawable-xxhdpi/miuix_appcompat_dialog_default_btn_bg_light.9.png,124,124,是,
apps,系统应用换肤,万能遥控,【万能遥控】对话框主按钮,com.duokan.phone.remotecontroller,res/drawable-xxhdpi/miuix_appcompat_dialog_default_btn_bg_primary_light.9.png,124,124,是,
apps,系统应用换肤,万能遥控,【万能遥控】圆角对话框背景,com.duokan.phone.remotecontroller,res/drawable-xxhdpi/miuix_appcompat_dialog_round_bg_light.9.png,1080,900,是,
apps,系统应用换肤,万能遥控,【万能遥控】设置分组标题背景,com.duokan.phone.remotecontroller,res/drawable-xxhdpi/miuix_preference_category_bg_light.9.png,153,192,是,
apps,系统应用换肤,万能遥控,【万能遥控】设置分组标题背景,com.duokan.phone.remotecontroller,res/drawable-xxhdpi/miuix_preference_category_bg_no_title_light.9.png,155,122,是,
apps,系统应用换肤,万能遥控,【万能遥控】设置列表项背景（首项）,com.duokan.phone.remotecontroller,res/drawable-xxhdpi/miuix_preference_first_item_bg_light_normal.9.png,372,182,是,
apps,系统应用换肤,万能遥控,【万能遥控】miuix_preference_item_radio_two_state_background.9.png,com.duokan.phone.remotecontroller,res/drawable-xxhdpi/miuix_preference_item_radio_two_state_background.9.png,372,182,是,
apps,系统应用换肤,万能遥控,【万能遥控】设置列表项背景（末项）,com.duokan.phone.remotecontroller,res/drawable-xxhdpi/miuix_preference_last_item_bg_light_normal.9.png,372,182,是,
apps,系统应用换肤,万能遥控,【万能遥控】miuix_preference_last_item_with_icon_bg_normal.9.png,com.duokan.phone.remotecontroller,res/drawable-xxhdpi/miuix_preference_last_item_with_icon_bg_normal.9.png,153,160,是,
apps,系统应用换肤,万能遥控,【万能遥控】设置列表项背景（中间项）,com.duokan.phone.remotecontroller,res/drawable-xxhdpi/miuix_preference_middle_item_bg_light_normal.9.png,372,182,是,
apps,系统应用换肤,万能遥控,【万能遥控】miuix_preference_middle_item_with_icon_bg_normal.9.png,com.duokan.phone.remotecontroller,res/drawable-xxhdpi/miuix_preference_middle_item_with_icon_bg_normal.9.png,153,160,是,
apps,系统应用换肤,万能遥控,【万能遥控】设置列表项背景（单项）,com.duokan.phone.remotecontroller,res/drawable-xxhdpi/miuix_preference_single_item_bg_light_normal.9.png,372,182,是,
apps,系统应用换肤,万能遥控,【万能遥控】miuix_preference_single_item_with_icon_bg_normal.9.png,com.duokan.phone.remotecontroller,res/drawable-xxhdpi/miuix_preference_single_item_with_icon_bg_normal.9.png,153,160,是,
apps,系统应用换肤,万能遥控,【万能遥控】privacy_dialog_bg.png,com.duokan.phone.remotecontroller,res/drawable-xxhdpi/privacy_dialog_bg.png,1080,900,,
apps,系统应用换肤,万能遥控,【万能遥控】privicy_button_bg.png,com.duokan.phone.remotecontroller,res/drawable-xxhdpi/privicy_button_bg.png,124,124,,
apps,系统应用换肤,万能遥控,【万能遥控】色彩预览图,com.duokan.phone.remotecontroller,res/drawable-xxhdpi/screen_foreground.9.png,720,370,是,
apps,系统应用换肤,小米钱包,【小米钱包】btn_keyboard_key_clear_scientific_normal.9.png,com.mipay.wallet,res/drawable-xhdpi/btn_keyboard_key_clear_scientific_normal.9.png,158,154,是,
apps,系统应用换肤,小米钱包,【小米钱包】btn_keyboard_key_clear_scientific_pressed.9.png,com.mipay.wallet,res/drawable-xhdpi/btn_keyboard_key_clear_scientific_pressed.9.png,158,154,是,
apps,系统应用换肤,小米钱包,【小米钱包】btn_keyboard_key_clear_simple_normal.9.png,com.mipay.wallet,res/drawable-xhdpi/btn_keyboard_key_clear_simple_normal.9.png,158,154,是,
apps,系统应用换肤,小米钱包,【小米钱包】btn_keyboard_key_clear_simple_pressed.9.png,com.mipay.wallet,res/drawable-xhdpi/btn_keyboard_key_clear_simple_pressed.9.png,158,154,是,
apps,系统应用换肤,小米钱包,【小米钱包】btn_keyboard_key_del_scientific_normal.9.png,com.mipay.wallet,res/drawable-xhdpi/btn_keyboard_key_del_scientific_normal.9.png,158,154,是,
apps,系统应用换肤,小米钱包,【小米钱包】btn_keyboard_key_del_scientific_pressed.9.png,com.mipay.wallet,res/drawable-xhdpi/btn_keyboard_key_del_scientific_pressed.9.png,158,154,是,
apps,系统应用换肤,小米钱包,【小米钱包】btn_keyboard_key_del_simple_normal.9.png,com.mipay.wallet,res/drawable-xhdpi/btn_keyboard_key_del_simple_normal.9.png,158,154,是,
apps,系统应用换肤,小米钱包,【小米钱包】btn_keyboard_key_del_simple_pressed.9.png,com.mipay.wallet,res/drawable-xhdpi/btn_keyboard_key_del_simple_pressed.9.png,158,154,是,
apps,系统应用换肤,小米钱包,【小米钱包】btn_keyboard_key_digit0_normal.9.png,com.mipay.wallet,res/drawable-xhdpi/btn_keyboard_key_digit0_normal.9.png,158,154,是,
apps,系统应用换肤,小米钱包,【小米钱包】btn_keyboard_key_digit0_pressed.9.png,com.mipay.wallet,res/drawable-xhdpi/btn_keyboard_key_digit0_pressed.9.png,158,154,是,
apps,系统应用换肤,小米钱包,【小米钱包】btn_keyboard_key_equal_scientific_normal.9.png,com.mipay.wallet,res/drawable-xhdpi/btn_keyboard_key_equal_scientific_normal.9.png,158,154,是,
apps,系统应用换肤,小米钱包,【小米钱包】btn_keyboard_key_equal_scientific_pressed.9.png,com.mipay.wallet,res/drawable-xhdpi/btn_keyboard_key_equal_scientific_pressed.9.png,158,154,是,
apps,系统应用换肤,小米钱包,【小米钱包】btn_keyboard_key_equal_simple_normal.9.png,com.mipay.wallet,res/drawable-xhdpi/btn_keyboard_key_equal_simple_normal.9.png,158,154,是,
apps,系统应用换肤,小米钱包,【小米钱包】btn_keyboard_key_equal_simple_pressed.9.png,com.mipay.wallet,res/drawable-xhdpi/btn_keyboard_key_equal_simple_pressed.9.png,158,154,是,
apps,系统应用换肤,小米钱包,【小米钱包】btn_keyboard_key_l_pressed.9.png,com.mipay.wallet,res/drawable-xhdpi/btn_keyboard_key_l_pressed.9.png,158,154,是,
apps,系统应用换肤,小米钱包,【小米钱包】btn_keyboard_key_normal.9.png,com.mipay.wallet,res/drawable-xhdpi/btn_keyboard_key_normal.9.png,158,154,是,
apps,系统应用换肤,小米钱包,【小米钱包】btn_keyboard_key_pad_fun_l_normal.9.png,com.mipay.wallet,res/drawable-xhdpi/btn_keyboard_key_pad_fun_l_normal.9.png,158,154,是,
apps,系统应用换肤,小米钱包,【小米钱包】btn_keyboard_key_pad_fun_normal.9.png,com.mipay.wallet,res/drawable-xhdpi/btn_keyboard_key_pad_fun_normal.9.png,158,154,是,
apps,系统应用换肤,小米钱包,【小米钱包】btn_keyboard_key_pressed.9.png,com.mipay.wallet,res/drawable-xhdpi/btn_keyboard_key_pressed.9.png,158,154,是,
apps,系统应用换肤,小米钱包,【小米钱包】设置分组标题背景,com.mipay.wallet,res/drawable-xhdpi/miuix_preference_category_bg_light.9.png,153,192,是,
apps,系统应用换肤,小米钱包,【小米钱包】设置分组标题背景,com.mipay.wallet,res/drawable-xhdpi/miuix_preference_category_bg_no_title_light.9.png,155,122,是,
apps,系统应用换肤,小米钱包,【小米钱包】设置列表项背景（首项）,com.mipay.wallet,res/drawable-xhdpi/miuix_preference_first_item_bg_light_normal.9.png,197,144,是,
apps,系统应用换肤,小米钱包,【小米钱包】miuix_preference_item_radio_two_state_background.9.png,com.mipay.wallet,res/drawable-xhdpi/miuix_preference_item_radio_two_state_background.9.png,372,182,是,
apps,系统应用换肤,小米钱包,【小米钱包】设置列表项背景（末项）,com.mipay.wallet,res/drawable-xhdpi/miuix_preference_last_item_bg_light_normal.9.png,197,144,是,
apps,系统应用换肤,小米钱包,【小米钱包】miuix_preference_last_item_with_icon_bg_normal.9.png,com.mipay.wallet,res/drawable-xhdpi/miuix_preference_last_item_with_icon_bg_normal.9.png,153,160,是,
apps,系统应用换肤,小米钱包,【小米钱包】设置列表项背景（中间项）,com.mipay.wallet,res/drawable-xhdpi/miuix_preference_middle_item_bg_light_normal.9.png,197,144,是,
apps,系统应用换肤,小米钱包,【小米钱包】miuix_preference_middle_item_with_icon_bg_normal.9.png,com.mipay.wallet,res/drawable-xhdpi/miuix_preference_middle_item_with_icon_bg_normal.9.png,153,160,是,
apps,系统应用换肤,小米钱包,【小米钱包】设置列表项背景（单项）,com.mipay.wallet,res/drawable-xhdpi/miuix_preference_single_item_bg_light_normal.9.png,197,144,是,
apps,系统应用换肤,小米钱包,【小米钱包】miuix_preference_single_item_with_icon_bg_normal.9.png,com.mipay.wallet,res/drawable-xhdpi/miuix_preference_single_item_with_icon_bg_normal.9.png,153,160,是,
apps,系统应用换肤,小米钱包,【小米钱包】色彩预览图,com.mipay.wallet,res/drawable-xhdpi/screen_foreground.9.png,720,370,是,
apps,系统应用换肤,小米钱包,【小米钱包】应用窗口背景（整页）,com.mipay.wallet,res/drawable-xhdpi/window_bg_light.9.png,1440,3200,是,★
apps,系统应用换肤,小米钱包,【小米钱包】（WebP 资源）,com.mipay.wallet,res/drawable-xxhdpi/app_brand.webp,720,720,,
apps,系统应用换肤,小米钱包,【小米钱包】沉浸式窗口背景,com.mipay.wallet,res/drawable-xxhdpi/miuix_appcompat_immersion_window_bg_light.9.png,132,122,是,
apps,系统应用换肤,小米钱包,【小米钱包】设置分组标题背景,com.mipay.wallet,res/drawable-xxhdpi/miuix_preference_category_bg_light.9.png,153,192,是,
apps,系统应用换肤,小米钱包,【小米钱包】设置分组标题背景,com.mipay.wallet,res/drawable-xxhdpi/miuix_preference_category_bg_no_title_light.9.png,155,122,是,
apps,系统应用换肤,小米钱包,【小米钱包】设置列表项背景（首项）,com.mipay.wallet,res/drawable-xxhdpi/miuix_preference_first_item_bg_light_normal.9.png,197,144,是,
apps,系统应用换肤,小米钱包,【小米钱包】miuix_preference_item_radio_two_state_background.9.png,com.mipay.wallet,res/drawable-xxhdpi/miuix_preference_item_radio_two_state_background.9.png,372,182,是,
apps,系统应用换肤,小米钱包,【小米钱包】设置列表项背景（末项）,com.mipay.wallet,res/drawable-xxhdpi/miuix_preference_last_item_bg_light_normal.9.png,197,144,是,
apps,系统应用换肤,小米钱包,【小米钱包】miuix_preference_last_item_with_icon_bg_normal.9.png,com.mipay.wallet,res/drawable-xxhdpi/miuix_preference_last_item_with_icon_bg_normal.9.png,153,160,是,
apps,系统应用换肤,小米钱包,【小米钱包】设置列表项背景（中间项）,com.mipay.wallet,res/drawable-xxhdpi/miuix_preference_middle_item_bg_light_normal.9.png,197,144,是,
apps,系统应用换肤,小米钱包,【小米钱包】miuix_preference_middle_item_with_icon_bg_normal.9.png,com.mipay.wallet,res/drawable-xxhdpi/miuix_preference_middle_item_with_icon_bg_normal.9.png,153,160,是,
apps,系统应用换肤,小米钱包,【小米钱包】设置列表项背景（单项）,com.mipay.wallet,res/drawable-xxhdpi/miuix_preference_single_item_bg_light_normal.9.png,197,144,是,
apps,系统应用换肤,小米钱包,【小米钱包】色彩预览图,com.mipay.wallet,res/drawable-xxhdpi/screen_foreground.9.png,720,370,是,
apps,系统应用换肤,备份 · 深色 miui,【备份】miuix_appcompat_window_bg_dark.9.png,com.miui.backup,nightmode/framework-miui-res/res/drawable-xxhdpi/miuix_appcompat_window_bg_dark.9.png,1078,2398,是,
apps,系统应用换肤,备份 · 深色 miui,【备份】window_bg_dark.9.png,com.miui.backup,nightmode/framework-miui-res/res/drawable-xxhdpi/window_bg_dark.9.png,1078,2398,是,
apps,系统应用换肤,备份 · 深色 xxhdpi,【备份】miuix_appcompat_window_bg_dark.9.png,com.miui.backup,nightmode/res/drawable-xxhdpi/miuix_appcompat_window_bg_dark.9.png,1078,2398,是,
apps,系统应用换肤,备份 · 深色 xxhdpi,【备份】window_bg_dark.9.png,com.miui.backup,nightmode/res/drawable-xxhdpi/window_bg_dark.9.png,1078,2398,是,
apps,系统应用换肤,备份,【备份】应用窗口背景（整页）,com.miui.backup,res/drawable-xxhdpi/miuix_appcompat_window_bg_light.9.png,1078,2398,是,★
apps,系统应用换肤,备份,【备份】preference_category_background_no_title.9.png,com.miui.backup,res/drawable-xxhdpi/preference_category_background_no_title.9.png,1076,98,是,
apps,系统应用换肤,垃圾清理,【垃圾清理】应用窗口背景（整页）,com.miui.cleanmaster,framework-miui-res/res/drawable-xxhdpi/miuix_appcompat_window_bg_light.9.png,1440,3200,是,★
apps,系统应用换肤,垃圾清理,【垃圾清理】应用窗口背景（整页）,com.miui.cleanmaster,framework-miui-res/res/drawable-xxhdpi/window_bg_light.9.png,1440,3200,是,★
apps,系统应用换肤,垃圾清理,【垃圾清理】应用窗口背景（整页）,com.miui.cleanmaster,res/drawable-xxhdpi/miuix_appcompat_window_bg_light.9.png,1440,3200,是,★
apps,系统应用换肤,垃圾清理,【垃圾清理】设置分组标题背景,com.miui.cleanmaster,res/drawable-xxhdpi/miuix_preference_category_bg_first_light.9.png,153,10,是,
apps,系统应用换肤,垃圾清理,【垃圾清理】设置分组标题背景,com.miui.cleanmaster,res/drawable-xxhdpi/miuix_preference_category_bg_light.9.png,153,192,是,
apps,系统应用换肤,垃圾清理,【垃圾清理】设置分组标题背景,com.miui.cleanmaster,res/drawable-xxhdpi/miuix_preference_category_bg_no_title_light.9.png,1076,98,是,
apps,系统应用换肤,垃圾清理,【垃圾清理】设置列表项背景（首项）,com.miui.cleanmaster,res/drawable-xxhdpi/miuix_preference_first_item_bg_light_normal.9.png,372,182,是,
apps,系统应用换肤,垃圾清理,【垃圾清理】miuix_preference_item_radio_two_state_background.9.png,com.miui.cleanmaster,res/drawable-xxhdpi/miuix_preference_item_radio_two_state_background.9.png,372,182,是,
apps,系统应用换肤,垃圾清理,【垃圾清理】设置列表项背景（末项）,com.miui.cleanmaster,res/drawable-xxhdpi/miuix_preference_last_item_bg_light_normal.9.png,372,182,是,
apps,系统应用换肤,垃圾清理,【垃圾清理】miuix_preference_last_item_with_icon_bg_normal.9.png,com.miui.cleanmaster,res/drawable-xxhdpi/miuix_preference_last_item_with_icon_bg_normal.9.png,153,160,是,
apps,系统应用换肤,垃圾清理,【垃圾清理】设置列表项背景（中间项）,com.miui.cleanmaster,res/drawable-xxhdpi/miuix_preference_middle_item_bg_light_normal.9.png,372,182,是,
apps,系统应用换肤,垃圾清理,【垃圾清理】miuix_preference_middle_item_with_icon_bg_normal.9.png,com.miui.cleanmaster,res/drawable-xxhdpi/miuix_preference_middle_item_with_icon_bg_normal.9.png,153,160,是,
apps,系统应用换肤,垃圾清理,【垃圾清理】设置列表项背景（单项）,com.miui.cleanmaster,res/drawable-xxhdpi/miuix_preference_single_item_bg_light_normal.9.png,372,182,是,
apps,系统应用换肤,垃圾清理,【垃圾清理】miuix_preference_single_item_with_icon_bg_normal.9.png,com.miui.cleanmaster,res/drawable-xxhdpi/miuix_preference_single_item_with_icon_bg_normal.9.png,153,160,是,
apps,系统应用换肤,垃圾清理,【垃圾清理】photo_page_action_bar_background.png,com.miui.cleanmaster,res/drawable-xxhdpi/photo_page_action_bar_background.png,372,182,,
apps,系统应用换肤,垃圾清理,【垃圾清理】色彩预览图,com.miui.cleanmaster,res/drawable-xxhdpi/screen_foreground.9.png,720,370,是,
apps,系统应用换肤,垃圾清理,【垃圾清理】v8_ic_folder_bg.9.png,com.miui.cleanmaster,res/drawable-xxhdpi/v8_ic_folder_bg.9.png,1,1,是,
apps,系统应用换肤,垃圾清理,【垃圾清理】v8_ic_folder_bg_middle_normal.9.png,com.miui.cleanmaster,res/drawable-xxhdpi/v8_ic_folder_bg_middle_normal.9.png,1,1,是,
apps,系统应用换肤,垃圾清理,【垃圾清理】v8_ic_folder_bg_middle_pressed.9.png,com.miui.cleanmaster,res/drawable-xxhdpi/v8_ic_folder_bg_middle_pressed.9.png,1,1,是,
apps,系统应用换肤,垃圾清理,【垃圾清理】分割线,com.miui.cleanmaster,res/drawable-xxhdpi/v8_ic_list_divider.9.png,5,5,是,
apps,系统应用换肤,垃圾清理,【垃圾清理】v8_ic_list_item_n.9.png,com.miui.cleanmaster,res/drawable-xxhdpi/v8_ic_list_item_n.9.png,88,4,是,
apps,系统应用换肤,垃圾清理,【垃圾清理】v8_ic_list_item_p.9.png,com.miui.cleanmaster,res/drawable-xxhdpi/v8_ic_list_item_p.9.png,88,4,是,
apps,系统应用换肤,垃圾清理,【垃圾清理】v8_ic_list_last_n.9.png,com.miui.cleanmaster,res/drawable-xxhdpi/v8_ic_list_last_n.9.png,88,4,是,
apps,系统应用换肤,垃圾清理,【垃圾清理】v8_ic_list_last_p.9.png,com.miui.cleanmaster,res/drawable-xxhdpi/v8_ic_list_last_p.9.png,88,4,是,
apps,系统应用换肤,垃圾清理,【垃圾清理】v8_ic_list_section_item_n.9.png,com.miui.cleanmaster,res/drawable-xxhdpi/v8_ic_list_section_item_n.9.png,88,4,是,
apps,系统应用换肤,垃圾清理,【垃圾清理】v8_ic_list_section_item_p.9.png,com.miui.cleanmaster,res/drawable-xxhdpi/v8_ic_list_section_item_p.9.png,88,4,是,
apps,系统应用换肤,垃圾清理,【垃圾清理】v8_ic_list_tail_item_n.9.png,com.miui.cleanmaster,res/drawable-xxhdpi/v8_ic_list_tail_item_n.9.png,88,4,是,
apps,系统应用换肤,垃圾清理,【垃圾清理】v8_ic_list_tail_item_p.9.png,com.miui.cleanmaster,res/drawable-xxhdpi/v8_ic_list_tail_item_p.9.png,88,4,是,
apps,系统应用换肤,云服务,【云服务】列表加载中占位背景,com.miui.cloudservice,res/drawable-xxhdpi/miuix_appcompat_cloud_state_view_bg_light.9.png,153,10,是,
apps,系统应用换肤,云服务,【云服务】应用窗口背景（整页）,com.miui.cloudservice,res/drawable-xxhdpi/miuix_appcompat_window_bg_light.9.png,1078,2398,是,★
apps,系统应用换肤,云服务,【云服务】设置分组标题背景,com.miui.cloudservice,res/drawable-xxhdpi/miuix_preference_category_bg_first_light.9.png,153,10,是,
apps,系统应用换肤,云服务,【云服务】设置分组标题背景,com.miui.cloudservice,res/drawable-xxhdpi/miuix_preference_category_bg_first_no_title_light.9.png,153,1,是,
apps,系统应用换肤,云服务,【云服务】设置分组标题背景,com.miui.cloudservice,res/drawable-xxhdpi/miuix_preference_category_bg_light.9.png,153,192,是,
apps,系统应用换肤,云服务,【云服务】设置分组标题背景,com.miui.cloudservice,res/drawable-xxhdpi/miuix_preference_category_bg_no_title_dark.9.png,620,1,是,
apps,系统应用换肤,云服务,【云服务】设置分组标题背景,com.miui.cloudservice,res/drawable-xxhdpi/miuix_preference_category_bg_no_title_light.9.png,620,1,是,
apps,系统应用换肤,云服务,【云服务】设置列表项背景（首项）,com.miui.cloudservice,res/drawable-xxhdpi/miuix_preference_first_item_bg_light_normal.9.png,372,182,是,
apps,系统应用换肤,云服务,【云服务】miuix_preference_first_item_radio_two_state_bg.9.png,com.miui.cloudservice,res/drawable-xxhdpi/miuix_preference_first_item_radio_two_state_bg.9.png,272,182,是,
apps,系统应用换肤,云服务,【云服务】miuix_preference_first_item_with_icon_bg_normal.9.png,com.miui.cloudservice,res/drawable-xxhdpi/miuix_preference_first_item_with_icon_bg_normal.9.png,153,160,是,
apps,系统应用换肤,云服务,【云服务】设置列表项背景（末项）,com.miui.cloudservice,res/drawable-xxhdpi/miuix_preference_last_item_bg_light_normal.9.png,372,182,是,
apps,系统应用换肤,云服务,【云服务】miuix_preference_last_item_radio_two_state_bg.9.png,com.miui.cloudservice,res/drawable-xxhdpi/miuix_preference_last_item_radio_two_state_bg.9.png,272,182,是,
apps,系统应用换肤,云服务,【云服务】miuix_preference_last_item_with_icon_bg_normal.9.png,com.miui.cloudservice,res/drawable-xxhdpi/miuix_preference_last_item_with_icon_bg_normal.9.png,153,160,是,
apps,系统应用换肤,云服务,【云服务】设置列表项背景（中间项）,com.miui.cloudservice,res/drawable-xxhdpi/miuix_preference_middle_item_bg_light_normal.9.png,372,182,是,
apps,系统应用换肤,云服务,【云服务】miuix_preference_middle_item_radio_two_state_bg.9.png,com.miui.cloudservice,res/drawable-xxhdpi/miuix_preference_middle_item_radio_two_state_bg.9.png,272,182,是,
apps,系统应用换肤,云服务,【云服务】miuix_preference_middle_item_with_icon_bg_normal.9.png,com.miui.cloudservice,res/drawable-xxhdpi/miuix_preference_middle_item_with_icon_bg_normal.9.png,153,160,是,
apps,系统应用换肤,云服务,【云服务】设置列表项背景（单项）,com.miui.cloudservice,res/drawable-xxhdpi/miuix_preference_single_item_bg_light_normal.9.png,372,182,是,
apps,系统应用换肤,云服务,【云服务】miuix_preference_single_item_radio_two_state_bg.9.png,com.miui.cloudservice,res/drawable-xxhdpi/miuix_preference_single_item_radio_two_state_bg.9.png,272,182,是,
apps,系统应用换肤,云服务,【云服务】miuix_preference_single_item_with_icon_bg_normal.9.png,com.miui.cloudservice,res/drawable-xxhdpi/miuix_preference_single_item_with_icon_bg_normal.9.png,153,160,是,
apps,系统应用换肤,指南针,【指南针】应用窗口背景（整页）,com.miui.compass,framework-miui-res/res/drawable-xxhdpi/window_bg_light.9.png,1078,2398,是,★
apps,系统应用换肤,指南针,【指南针】应用窗口背景（整页）,com.miui.compass,res/drawable-xxhdpi/miuix_appcompat_window_bg_light.9.png,1078,2398,是,★
apps,系统应用换肤,内容中心,【内容中心】card_bg_content.png,com.miui.contentextension,res/drawable-xxhdpi/card_bg_content.png,2034,1720,,
apps,系统应用换肤,内容中心,【内容中心】card_bg_contentR15.png,com.miui.contentextension,res/drawable-xxhdpi/card_bg_contentR15.png,2034,1720,,
apps,系统应用换肤,内容中心,【内容中心】列表加载中占位背景,com.miui.contentextension,res/drawable-xxhdpi/miuix_appcompat_cloud_state_view_bg_light.9.png,372,182,是,
apps,系统应用换肤,内容中心,【内容中心】沉浸式窗口背景,com.miui.contentextension,res/drawable-xxhdpi/miuix_appcompat_immersion_window_bg_light.9.png,132,122,是,
apps,系统应用换肤,内容中心,【内容中心】进度条,com.miui.contentextension,res/drawable-xxhdpi/miuix_appcompat_progressbar_indeterminate_light.png,142,290,,
apps,系统应用换肤,内容中心,【内容中心】应用窗口背景（整页）,com.miui.contentextension,res/drawable-xxhdpi/miuix_appcompat_window_bg_light.9.png,1078,2398,是,★
apps,系统应用换肤,内容中心,【内容中心】miuix_appcompat_window_search_mask.png,com.miui.contentextension,res/drawable-xxhdpi/miuix_appcompat_window_search_mask.png,1078,2398,,
apps,系统应用换肤,内容中心,【内容中心】设置分组标题背景,com.miui.contentextension,res/drawable-xxhdpi/miuix_preference_category_bg_first_light.9.png,153,10,是,
apps,系统应用换肤,内容中心,【内容中心】设置分组标题背景,com.miui.contentextension,res/drawable-xxhdpi/miuix_preference_category_bg_light.9.png,153,192,是,
apps,系统应用换肤,内容中心,【内容中心】设置列表项背景（首项）,com.miui.contentextension,res/drawable-xxhdpi/miuix_preference_first_item_bg_light_normal.9.png,372,182,是,
apps,系统应用换肤,内容中心,【内容中心】miuix_preference_item_radio_two_state_background.9.png,com.miui.contentextension,res/drawable-xxhdpi/miuix_preference_item_radio_two_state_background.9.png,372,182,是,
apps,系统应用换肤,内容中心,【内容中心】设置列表项背景（末项）,com.miui.contentextension,res/drawable-xxhdpi/miuix_preference_last_item_bg_light_normal.9.png,372,182,是,
apps,系统应用换肤,内容中心,【内容中心】miuix_preference_last_item_with_icon_bg_normal.9.png,com.miui.contentextension,res/drawable-xxhdpi/miuix_preference_last_item_with_icon_bg_normal.9.png,153,160,是,
apps,系统应用换肤,内容中心,【内容中心】设置列表项背景（中间项）,com.miui.contentextension,res/drawable-xxhdpi/miuix_preference_middle_item_bg_light_normal.9.png,372,182,是,
apps,系统应用换肤,内容中心,【内容中心】miuix_preference_middle_item_with_icon_bg_normal.9.png,com.miui.contentextension,res/drawable-xxhdpi/miuix_preference_middle_item_with_icon_bg_normal.9.png,153,160,是,
apps,系统应用换肤,内容中心,【内容中心】设置列表项背景（单项）,com.miui.contentextension,res/drawable-xxhdpi/miuix_preference_single_item_bg_light_normal.9.png,372,182,是,
apps,系统应用换肤,内容中心,【内容中心】miuix_preference_single_item_with_icon_bg_normal.9.png,com.miui.contentextension,res/drawable-xxhdpi/miuix_preference_single_item_with_icon_bg_normal.9.png,153,160,是,
apps,系统应用换肤,内容中心,【内容中心】photo_page_action_bar_background.png,com.miui.contentextension,res/drawable-xxhdpi/photo_page_action_bar_background.png,372,182,,
apps,系统应用换肤,内容中心,【内容中心】shadow_quick_search_view_card.png,com.miui.contentextension,res/drawable-xxhdpi/shadow_quick_search_view_card.png,142,290,,
apps,系统应用换肤,内容中心,【内容中心】应用窗口背景（整页）,com.miui.contentextension,res/drawable-xxhdpi/window_bg_light.9.png,1078,2398,是,★
apps,系统应用换肤,自由窗口,【自由窗口】应用窗口背景（整页）,com.miui.freeform,res/drawable-xxhdpi/miuix_appcompat_window_bg_light.9.png,1078,2398,是,★
apps,系统应用换肤,自由窗口,【自由窗口】应用窗口背景（整页）,com.miui.freeform,res/drawable-xxhdpi/window_bg_light.9.png,1078,2398,是,★
apps,系统应用换肤,相册,【相册】4Kz.png,com.miui.gallery,res/4Kz.png,145,157,,
apps,系统应用换肤,相册,【相册】8Mu.png,com.miui.gallery,res/8Mu.png,153,10,,
apps,系统应用换肤,相册,【相册】Cgx.png,com.miui.gallery,res/Cgx.png,153,10,,
apps,系统应用换肤,相册,【相册】agq.png,com.miui.gallery,res/agq.png,153,1,,
apps,系统应用换肤,相册,【相册】应用窗口背景（整页）,com.miui.gallery,res/drawable-xxhdpi/miuix_appcompat_window_bg_light.9.png,1078,2398,是,★
apps,系统应用换肤,相册,【相册】inx.png,com.miui.gallery,res/inx.png,145,157,,
apps,系统应用换肤,相册,【相册】yVt.png,com.miui.gallery,res/yVt.png,153,10,,
launcher,桌面启动器,桌面(启动器) · 深色 xxhdpi,手势返回动画背景,com.miui.home,nightmode/res/drawable-xxhdpi/gesture_back_background.png,84,858,,
launcher,桌面启动器,桌面(启动器) · 深色 xxhdpi,miuix_appcompat_action_bar_tab_bg.9.png,com.miui.home,nightmode/res/drawable-xxhdpi/miuix_appcompat_action_bar_tab_bg.9.png,300,100,是,
launcher,桌面启动器,桌面(启动器) · 深色 xxhdpi,多选模式按钮图标,com.miui.home,nightmode/res/drawable-xxhdpi/miuix_appcompat_action_mode_title_button_deselect_all_disable_light.png,131,130,,
launcher,桌面启动器,桌面(启动器) · 深色 xxhdpi,多选模式按钮图标,com.miui.home,nightmode/res/drawable-xxhdpi/miuix_appcompat_action_mode_title_button_deselect_all_normal_light.png,131,130,,
launcher,桌面启动器,桌面(启动器) · 深色 xxhdpi,多选模式按钮图标,com.miui.home,nightmode/res/drawable-xxhdpi/miuix_appcompat_action_mode_title_button_select_all_disable_light.png,130,130,,
launcher,桌面启动器,桌面(启动器) · 深色 xxhdpi,多选模式按钮图标,com.miui.home,nightmode/res/drawable-xxhdpi/miuix_appcompat_action_mode_title_button_select_all_normal_light.png,130,130,,
launcher,桌面启动器,桌面(启动器) · 深色 xxhdpi,单选按钮（开→关）,com.miui.home,nightmode/res/drawable-xxhdpi/miuix_appcompat_btn_radio_on_to_off_dark.9.png,10,10,是,
launcher,桌面启动器,桌面(启动器) · 深色 xxhdpi,搜索输入框背景,com.miui.home,nightmode/res/drawable-xxhdpi/miuix_appcompat_search_mode_input_bg_light.9.png,3,5,是,
launcher,桌面启动器,桌面(启动器) · 深色 xxhdpi,按钮背景,com.miui.home,nightmode/res/drawable-xxhdpi/miuix_appcompat_sliding_btn_bg_light.png,153,10,,
launcher,桌面启动器,桌面(启动器) · 深色 xxhdpi,miuix_appcompat_window_bg_navigation_dark.9.png,com.miui.home,nightmode/res/drawable-xxhdpi/miuix_appcompat_window_bg_navigation_dark.9.png,153,10,是,
launcher,桌面启动器,桌面(启动器) · 深色 xxhdpi,miuix_appcompat_window_bg_navigation_light.9.png,com.miui.home,nightmode/res/drawable-xxhdpi/miuix_appcompat_window_bg_navigation_light.9.png,153,10,是,
launcher,桌面启动器,桌面(启动器) · 深色 xxhdpi,设置项图标背景,com.miui.home,nightmode/res/drawable-xxhdpi/miuix_ic_preference_disconnected_bg.9.png,153,10,是,
launcher,桌面启动器,桌面(启动器) · 深色 xxhdpi,设置分组标题背景,com.miui.home,nightmode/res/drawable-xxhdpi/miuix_miuix_preference_category_bg_no_title_light.9.png,153,10,是,
launcher,桌面启动器,桌面(启动器) · 深色 xxhdpi,设置分组标题背景,com.miui.home,nightmode/res/drawable-xxhdpi/miuix_preference_category_bg_first_light.9.png,153,10,是,
launcher,桌面启动器,桌面(启动器) · 深色 xxhdpi,设置列表项背景（首项）,com.miui.home,nightmode/res/drawable-xxhdpi/miuix_preference_first_item_bg_light.9.png,153,10,是,
launcher,桌面启动器,桌面(启动器) · 深色 xxhdpi,设置列表项背景（首项）,com.miui.home,nightmode/res/drawable-xxhdpi/miuix_preference_first_item_bg_light_normal.9.png,372,182,是,
launcher,桌面启动器,桌面(启动器) · 深色 xxhdpi,miuix_preference_first_item_with_icon_bg_normal.9.png,com.miui.home,nightmode/res/drawable-xxhdpi/miuix_preference_first_item_with_icon_bg_normal.9.png,153,10,是,
launcher,桌面启动器,桌面(启动器) · 深色 xxhdpi,miuix_preference_item_background_light.9.png,com.miui.home,nightmode/res/drawable-xxhdpi/miuix_preference_item_background_light.9.png,153,10,是,
launcher,桌面启动器,桌面(启动器) · 深色 xxhdpi,设置列表项背景（普通）,com.miui.home,nightmode/res/drawable-xxhdpi/miuix_preference_item_bg_normal.9.png,153,160,是,
launcher,桌面启动器,桌面(启动器) · 深色 xxhdpi,miuix_preference_item_radio_two_state_background.9.png,com.miui.home,nightmode/res/drawable-xxhdpi/miuix_preference_item_radio_two_state_background.9.png,372,182,是,
launcher,桌面启动器,桌面(启动器) · 深色 xxhdpi,设置列表项背景（末项）,com.miui.home,nightmode/res/drawable-xxhdpi/miuix_preference_last_item_bg_light.9.png,153,10,是,
launcher,桌面启动器,桌面(启动器) · 深色 xxhdpi,设置列表项背景（末项）,com.miui.home,nightmode/res/drawable-xxhdpi/miuix_preference_last_item_bg_light_normal.9.png,372,182,是,
launcher,桌面启动器,桌面(启动器) · 深色 xxhdpi,miuix_preference_last_item_with_icon_bg_normal.9.png,com.miui.home,nightmode/res/drawable-xxhdpi/miuix_preference_last_item_with_icon_bg_normal.9.png,153,160,是,
launcher,桌面启动器,桌面(启动器) · 深色 xxhdpi,设置列表项背景（中间项）,com.miui.home,nightmode/res/drawable-xxhdpi/miuix_preference_middle_item_bg_light.9.png,153,10,是,
launcher,桌面启动器,桌面(启动器) · 深色 xxhdpi,设置列表项背景（中间项）,com.miui.home,nightmode/res/drawable-xxhdpi/miuix_preference_middle_item_bg_light_normal.9.png,372,182,是,
launcher,桌面启动器,桌面(启动器) · 深色 xxhdpi,miuix_preference_middle_item_with_icon_bg_normal.9.png,com.miui.home,nightmode/res/drawable-xxhdpi/miuix_preference_middle_item_with_icon_bg_normal.9.png,153,160,是,
launcher,桌面启动器,桌面(启动器) · 深色 xxhdpi,设置列表项背景（单项）,com.miui.home,nightmode/res/drawable-xxhdpi/miuix_preference_single_item_bg_light.9.png,153,10,是,
launcher,桌面启动器,桌面(启动器) · 深色 xxhdpi,设置列表项背景（单项）,com.miui.home,nightmode/res/drawable-xxhdpi/miuix_preference_single_item_bg_light_normal.9.png,372,182,是,
launcher,桌面启动器,桌面(启动器) · 深色 xxhdpi,miuix_preference_single_item_with_icon_bg_normal.9.png,com.miui.home,nightmode/res/drawable-xxhdpi/miuix_preference_single_item_with_icon_bg_normal.9.png,153,160,是,
launcher,桌面启动器,桌面(启动器) · 深色 xxhdpi,通知栏“清除全部”按钮,com.miui.home,nightmode/res/drawable-xxhdpi/notifications_clear_all.png,120,120,,
launcher,桌面启动器,桌面(启动器) · 深色 xxhdpi,标题栏背景,com.miui.home,nightmode/res/drawable-xxhdpi/passport_action_bar_bg_light.9.png,70,1,是,
launcher,桌面启动器,桌面(启动器) · 深色 xxhdpi,多选模式标题栏背景,com.miui.home,nightmode/res/drawable-xxhdpi/passport_action_mode_bg_dialog_light.9.png,70,1,是,
launcher,桌面启动器,桌面(启动器) · 深色 xxhdpi,账号页控件,com.miui.home,nightmode/res/drawable-xxhdpi/passport_alphabet_indexer_bg.9.png,70,1,是,
launcher,桌面启动器,桌面(启动器) · 深色 xxhdpi,账号页控件,com.miui.home,nightmode/res/drawable-xxhdpi/passport_btn_bg_single_normal_light.9.png,136,146,是,
launcher,桌面启动器,桌面(启动器) · 深色 xxhdpi,账号页控件,com.miui.home,nightmode/res/drawable-xxhdpi/passport_dialog_button_bar_bg.9.png,3,102,是,
launcher,桌面启动器,桌面(启动器) · 深色 xxhdpi,账号页控件,com.miui.home,nightmode/res/drawable-xxhdpi/passport_list_item_bg_light.9.png,285,19,是,
launcher,桌面启动器,桌面(启动器) · 深色 xxhdpi,账号页控件,com.miui.home,nightmode/res/drawable-xxhdpi/passport_list_item_last_bg_normal.9.png,285,19,是,
launcher,桌面启动器,桌面(启动器) · 深色 xxhdpi,账号页控件,com.miui.home,nightmode/res/drawable-xxhdpi/passport_list_item_single_bg_normal_light.9.png,285,19,是,
launcher,桌面启动器,桌面(启动器) · 深色 xxhdpi,photo_page_action_bar_background.png,com.miui.home,nightmode/res/drawable-xxhdpi/photo_page_action_bar_background.png,372,182,,
launcher,桌面启动器,桌面(启动器) · 深色 xxhdpi,桌面第二页指示,com.miui.home,nightmode/res/drawable-xxhdpi/second_homepage.png,1,1,,
launcher,桌面启动器,桌面(启动器) · 深色 xxhdpi,秒表指针,com.miui.home,nightmode/res/drawable-xxhdpi/stopwatch_second_hand.png,39,870,,
launcher,桌面启动器,桌面(启动器) · 深色 xxhdpi,todo_child_item_right_menu_bg.9.png,com.miui.home,nightmode/res/drawable-xxhdpi/todo_child_item_right_menu_bg.9.png,300,100,是,
launcher,桌面启动器,桌面(启动器) · 深色 xxhdpi,桌面智能助理指示点,com.miui.home,nightmode/res/drawable-xxhdpi/workspace_assistantpoint.png,40,40,,
launcher,桌面启动器,桌面(启动器) · 深色 xxhdpi,桌面智能助理指示点（深色）,com.miui.home,nightmode/res/drawable-xxhdpi/workspace_assistantpoint_dark.png,40,40,,
launcher,桌面启动器,桌面(启动器) · 深色 xxhdpi,桌面翻页指示点（当前页）,com.miui.home,nightmode/res/drawable-xxhdpi/workspace_seekpoint_highlight.png,50,40,,
launcher,桌面启动器,桌面(启动器) · 深色 xxhdpi,桌面翻页指示点（深色·当前页）,com.miui.home,nightmode/res/drawable-xxhdpi/workspace_seekpoint_highlight_dark.png,50,40,,
launcher,桌面启动器,桌面(启动器) · 深色 xxhdpi,桌面翻页指示点（普通页）,com.miui.home,nightmode/res/drawable-xxhdpi/workspace_seekpoint_normal.png,50,40,,
launcher,桌面启动器,桌面(启动器) · 深色 xxhdpi,桌面翻页指示点（深色·普通页）,com.miui.home,nightmode/res/drawable-xxhdpi/workspace_seekpoint_normal_dark.png,50,40,,
launcher,桌面启动器,桌面(启动器) · xxhdpi,清除全部按钮（深色）,com.miui.home,res/drawable-xxhdpi/btn_clear_all.png,152,152,,
launcher,桌面启动器,桌面(启动器) · xxhdpi,文件夹与图标选择器背景,com.miui.home,res/drawable-xxhdpi/folder_picker_radius_bg_light.png,1078,2398,,★
launcher,桌面启动器,桌面(启动器) · xxhdpi,手势返回动画背景,com.miui.home,res/drawable-xxhdpi/gesture_back_background.png,84,858,,
launcher,桌面启动器,桌面(启动器) · xxhdpi,图标包文件夹图标,com.miui.home,res/drawable-xxhdpi/ic_folder_picker_wallpaper_light.png,192,192,,
launcher,桌面启动器,桌面(启动器) · xxhdpi,桌面长按菜单分割线,com.miui.home,res/drawable-xxhdpi/launcher_menu_divider.9.png,1,1,是,
launcher,桌面启动器,桌面(启动器) · xxhdpi,miuix_appcompat_action_bar_tab_bg.9.png,com.miui.home,res/drawable-xxhdpi/miuix_appcompat_action_bar_tab_bg.9.png,300,100,是,
launcher,桌面启动器,桌面(启动器) · xxhdpi,多选模式按钮图标,com.miui.home,res/drawable-xxhdpi/miuix_appcompat_action_mode_title_button_deselect_all_disable_light.png,131,130,,
launcher,桌面启动器,桌面(启动器) · xxhdpi,多选模式按钮图标,com.miui.home,res/drawable-xxhdpi/miuix_appcompat_action_mode_title_button_deselect_all_normal_light.png,131,130,,
launcher,桌面启动器,桌面(启动器) · xxhdpi,多选模式按钮图标,com.miui.home,res/drawable-xxhdpi/miuix_appcompat_action_mode_title_button_select_all_disable_light.png,130,130,,
launcher,桌面启动器,桌面(启动器) · xxhdpi,多选模式按钮图标,com.miui.home,res/drawable-xxhdpi/miuix_appcompat_action_mode_title_button_select_all_normal_light.png,130,130,,
launcher,桌面启动器,桌面(启动器) · xxhdpi,复选框（关→开动画）,com.miui.home,res/drawable-xxhdpi/miuix_appcompat_btn_checkbox_off_to_on_light.9.png,90,90,是,
launcher,桌面启动器,桌面(启动器) · xxhdpi,复选框（开→关动画）,com.miui.home,res/drawable-xxhdpi/miuix_appcompat_btn_checkbox_on_to_off_light.9.png,90,90,是,
launcher,桌面启动器,桌面(启动器) · xxhdpi,单选按钮（关→开）,com.miui.home,res/drawable-xxhdpi/miuix_appcompat_btn_radio_off_to_on_light.9.png,90,90,是,
launcher,桌面启动器,桌面(启动器) · xxhdpi,单选按钮（开→关）,com.miui.home,res/drawable-xxhdpi/miuix_appcompat_btn_radio_on_to_off_dark.9.png,10,10,是,
launcher,桌面启动器,桌面(启动器) · xxhdpi,列表加载中占位背景,com.miui.home,res/drawable-xxhdpi/miuix_appcompat_cloud_state_view_bg_light.9.png,372,182,是,
launcher,桌面启动器,桌面(启动器) · xxhdpi,miuix_appcompat_immersion_item_bg_light.png,com.miui.home,res/drawable-xxhdpi/miuix_appcompat_immersion_item_bg_light.png,153,192,,
launcher,桌面启动器,桌面(启动器) · xxhdpi,沉浸式窗口背景,com.miui.home,res/drawable-xxhdpi/miuix_appcompat_immersion_window_bg_light.9.png,132,122,是,
launcher,桌面启动器,桌面(启动器) · xxhdpi,miuix_appcompat_list_item_bg_dialog_light.png,com.miui.home,res/drawable-xxhdpi/miuix_appcompat_list_item_bg_dialog_light.png,153,192,,
launcher,桌面启动器,桌面(启动器) · xxhdpi,搜索模式背景,com.miui.home,res/drawable-xxhdpi/miuix_appcompat_search_mode_bg_light.9.png,50,50,是,
launcher,桌面启动器,桌面(启动器) · xxhdpi,搜索模式背景,com.miui.home,res/drawable-xxhdpi/miuix_appcompat_search_mode_bg_light.png,38,141,,
launcher,桌面启动器,桌面(启动器) · xxhdpi,搜索框输入背景,com.miui.home,res/drawable-xxhdpi/miuix_appcompat_search_mode_edit_text_bg_light.9.png,50,50,是,
launcher,桌面启动器,桌面(启动器) · xxhdpi,搜索输入框背景,com.miui.home,res/drawable-xxhdpi/miuix_appcompat_search_mode_input_bg_light.9.png,3,5,是,
launcher,桌面启动器,桌面(启动器) · xxhdpi,按钮背景,com.miui.home,res/drawable-xxhdpi/miuix_appcompat_sliding_btn_bg_light.png,153,10,,★
launcher,桌面启动器,桌面(启动器) · xxhdpi,miuix_appcompat_sliding_panel_visualization_bg.png,com.miui.home,res/drawable-xxhdpi/miuix_appcompat_sliding_panel_visualization_bg.png,120,146,,
launcher,桌面启动器,桌面(启动器) · xxhdpi,miuix_appcompat_spinner_popup_item_bg_light.png,com.miui.home,res/drawable-xxhdpi/miuix_appcompat_spinner_popup_item_bg_light.png,153,192,,
launcher,桌面启动器,桌面(启动器) · xxhdpi,应用窗口背景（整页）,com.miui.home,res/drawable-xxhdpi/miuix_appcompat_window_bg_light.9.png,1078,2398,是,★
launcher,桌面启动器,桌面(启动器) · xxhdpi,miuix_appcompat_window_bg_navigation_dark.9.png,com.miui.home,res/drawable-xxhdpi/miuix_appcompat_window_bg_navigation_dark.9.png,153,10,是,
launcher,桌面启动器,桌面(启动器) · xxhdpi,miuix_appcompat_window_bg_navigation_light.9.png,com.miui.home,res/drawable-xxhdpi/miuix_appcompat_window_bg_navigation_light.9.png,153,10,是,
launcher,桌面启动器,桌面(启动器) · xxhdpi,设置项图标背景,com.miui.home,res/drawable-xxhdpi/miuix_ic_preference_disconnected_bg.9.png,153,10,是,
launcher,桌面启动器,桌面(启动器) · xxhdpi,设置分组标题背景,com.miui.home,res/drawable-xxhdpi/miuix_miuix_preference_category_bg_no_title_light.9.png,153,10,是,
launcher,桌面启动器,桌面(启动器) · xxhdpi,设置分组标题背景,com.miui.home,res/drawable-xxhdpi/miuix_preference_category_bg_first_light.9.png,153,10,是,
launcher,桌面启动器,桌面(启动器) · xxhdpi,设置分组标题背景,com.miui.home,res/drawable-xxhdpi/miuix_preference_category_bg_first_no_title_light.9.png,153,1,是,
launcher,桌面启动器,桌面(启动器) · xxhdpi,设置分组标题背景,com.miui.home,res/drawable-xxhdpi/miuix_preference_category_bg_light.9.png,153,192,是,
launcher,桌面启动器,桌面(启动器) · xxhdpi,设置列表项背景（首项）,com.miui.home,res/drawable-xxhdpi/miuix_preference_first_item_bg_dark_normal.9.png,372,182,是,
launcher,桌面启动器,桌面(启动器) · xxhdpi,设置列表项背景（首项）,com.miui.home,res/drawable-xxhdpi/miuix_preference_first_item_bg_light.9.png,153,10,是,
launcher,桌面启动器,桌面(启动器) · xxhdpi,设置列表项背景（首项）,com.miui.home,res/drawable-xxhdpi/miuix_preference_first_item_bg_light_normal.9.png,372,182,是,
launcher,桌面启动器,桌面(启动器) · xxhdpi,miuix_preference_first_item_with_icon_bg_normal.9.png,com.miui.home,res/drawable-xxhdpi/miuix_preference_first_item_with_icon_bg_normal.9.png,153,10,是,
launcher,桌面启动器,桌面(启动器) · xxhdpi,miuix_preference_item_background_light.9.png,com.miui.home,res/drawable-xxhdpi/miuix_preference_item_background_light.9.png,153,10,是,
launcher,桌面启动器,桌面(启动器) · xxhdpi,设置列表项背景（普通）,com.miui.home,res/drawable-xxhdpi/miuix_preference_item_bg_normal.9.png,153,160,是,
launcher,桌面启动器,桌面(启动器) · xxhdpi,miuix_preference_item_radio_two_state_background.9.png,com.miui.home,res/drawable-xxhdpi/miuix_preference_item_radio_two_state_background.9.png,372,182,是,
launcher,桌面启动器,桌面(启动器) · xxhdpi,设置列表项背景（末项）,com.miui.home,res/drawable-xxhdpi/miuix_preference_last_item_bg_dark_normal.9.png,372,182,是,
launcher,桌面启动器,桌面(启动器) · xxhdpi,设置列表项背景（末项）,com.miui.home,res/drawable-xxhdpi/miuix_preference_last_item_bg_light.9.png,153,10,是,
launcher,桌面启动器,桌面(启动器) · xxhdpi,设置列表项背景（末项）,com.miui.home,res/drawable-xxhdpi/miuix_preference_last_item_bg_light_normal.9.png,372,182,是,
launcher,桌面启动器,桌面(启动器) · xxhdpi,miuix_preference_last_item_with_icon_bg_normal.9.png,com.miui.home,res/drawable-xxhdpi/miuix_preference_last_item_with_icon_bg_normal.9.png,153,160,是,
launcher,桌面启动器,桌面(启动器) · xxhdpi,设置列表项背景（中间项）,com.miui.home,res/drawable-xxhdpi/miuix_preference_middle_item_bg_dark_normal.9.png,372,182,是,
launcher,桌面启动器,桌面(启动器) · xxhdpi,设置列表项背景（中间项）,com.miui.home,res/drawable-xxhdpi/miuix_preference_middle_item_bg_light.9.png,153,10,是,
launcher,桌面启动器,桌面(启动器) · xxhdpi,设置列表项背景（中间项）,com.miui.home,res/drawable-xxhdpi/miuix_preference_middle_item_bg_light_normal.9.png,372,182,是,
launcher,桌面启动器,桌面(启动器) · xxhdpi,miuix_preference_middle_item_with_icon_bg_normal.9.png,com.miui.home,res/drawable-xxhdpi/miuix_preference_middle_item_with_icon_bg_normal.9.png,153,160,是,
launcher,桌面启动器,桌面(启动器) · xxhdpi,设置列表项背景（单项）,com.miui.home,res/drawable-xxhdpi/miuix_preference_single_item_bg_dark_normal.9.png,372,182,是,
launcher,桌面启动器,桌面(启动器) · xxhdpi,设置列表项背景（单项）,com.miui.home,res/drawable-xxhdpi/miuix_preference_single_item_bg_light.9.png,153,10,是,
launcher,桌面启动器,桌面(启动器) · xxhdpi,设置列表项背景（单项）,com.miui.home,res/drawable-xxhdpi/miuix_preference_single_item_bg_light_normal.9.png,372,182,是,
launcher,桌面启动器,桌面(启动器) · xxhdpi,miuix_preference_single_item_with_icon_bg_normal.9.png,com.miui.home,res/drawable-xxhdpi/miuix_preference_single_item_with_icon_bg_normal.9.png,153,160,是,
launcher,桌面启动器,桌面(启动器) · xxhdpi,msd_install_error_dot.png,com.miui.home,res/drawable-xxhdpi/msd_install_error_dot.png,1,338,,
launcher,桌面启动器,桌面(启动器) · xxhdpi,通知栏“清除全部”按钮,com.miui.home,res/drawable-xxhdpi/notifications_clear_all.png,120,120,,★
launcher,桌面启动器,桌面(启动器) · xxhdpi,标题栏背景,com.miui.home,res/drawable-xxhdpi/passport_action_bar_bg_light.9.png,70,1,是,★
launcher,桌面启动器,桌面(启动器) · xxhdpi,多选模式标题栏背景,com.miui.home,res/drawable-xxhdpi/passport_action_mode_bg_dialog_light.9.png,70,1,是,★
launcher,桌面启动器,桌面(启动器) · xxhdpi,账号页控件,com.miui.home,res/drawable-xxhdpi/passport_alphabet_indexer_bg.9.png,70,1,是,★
launcher,桌面启动器,桌面(启动器) · xxhdpi,账号页控件,com.miui.home,res/drawable-xxhdpi/passport_btn_bg_single_normal_light.9.png,136,146,是,★
launcher,桌面启动器,桌面(启动器) · xxhdpi,账号页控件,com.miui.home,res/drawable-xxhdpi/passport_dialog_button_bar_bg.9.png,3,102,是,★
launcher,桌面启动器,桌面(启动器) · xxhdpi,账号页控件,com.miui.home,res/drawable-xxhdpi/passport_list_item_bg_light.9.png,285,19,是,★
launcher,桌面启动器,桌面(启动器) · xxhdpi,账号页控件,com.miui.home,res/drawable-xxhdpi/passport_list_item_last_bg_normal.9.png,285,19,是,★
launcher,桌面启动器,桌面(启动器) · xxhdpi,账号页控件,com.miui.home,res/drawable-xxhdpi/passport_list_item_single_bg_normal_light.9.png,285,19,是,★
launcher,桌面启动器,桌面(启动器) · xxhdpi,photo_page_action_bar_background.png,com.miui.home,res/drawable-xxhdpi/photo_page_action_bar_background.png,372,182,,
launcher,桌面启动器,桌面(启动器) · xxhdpi,投屏进度条,com.miui.home,res/drawable-xxhdpi/projection_seekbar_progress.9.png,620,1,是,
launcher,桌面启动器,桌面(启动器) · xxhdpi,扫码失败提示背景,com.miui.home,res/drawable-xxhdpi/qr_error_bg.9.png,1,1,是,
launcher,桌面启动器,桌面(启动器) · xxhdpi,最近任务卡片背景,com.miui.home,res/drawable-xxhdpi/recent_task_bg.9.png,1078,2398,是,
launcher,桌面启动器,桌面(启动器) · xxhdpi,桌面第二页指示,com.miui.home,res/drawable-xxhdpi/second_homepage.png,1,1,,
launcher,桌面启动器,桌面(启动器) · xxhdpi,长按菜单项背景（左）,com.miui.home,res/drawable-xxhdpi/shortcut_menu_item_bg_left.png,0,0,,
launcher,桌面启动器,桌面(启动器) · xxhdpi,长按菜单项背景（中）,com.miui.home,res/drawable-xxhdpi/shortcut_menu_item_bg_middle.png,0,0,,
launcher,桌面启动器,桌面(启动器) · xxhdpi,长按菜单项背景（右）,com.miui.home,res/drawable-xxhdpi/shortcut_menu_item_bg_right.png,0,0,,
launcher,桌面启动器,桌面(启动器) · xxhdpi,秒表指针,com.miui.home,res/drawable-xxhdpi/stopwatch_second_hand.png,39,870,,
launcher,桌面启动器,桌面(启动器) · xxhdpi,todo_child_item_bg_no_border.png,com.miui.home,res/drawable-xxhdpi/todo_child_item_bg_no_border.png,1,1,,
launcher,桌面启动器,桌面(启动器) · xxhdpi,todo_child_item_right_menu_bg.9.png,com.miui.home,res/drawable-xxhdpi/todo_child_item_right_menu_bg.9.png,300,100,是,
launcher,桌面启动器,桌面(启动器) · xxhdpi,卸载确认弹窗按钮,com.miui.home,res/drawable-xxhdpi/uninstall_dialog_left_btn_n.9.png,178,148,是,
launcher,桌面启动器,桌面(启动器) · xxhdpi,卸载确认弹窗按钮,com.miui.home,res/drawable-xxhdpi/uninstall_dialog_left_btn_p.9.png,178,148,是,
launcher,桌面启动器,桌面(启动器) · xxhdpi,桌面智能助理指示点,com.miui.home,res/drawable-xxhdpi/workspace_assistantpoint.png,40,40,,
launcher,桌面启动器,桌面(启动器) · xxhdpi,桌面智能助理指示点（深色）,com.miui.home,res/drawable-xxhdpi/workspace_assistantpoint_dark.png,40,40,,
launcher,桌面启动器,桌面(启动器) · xxhdpi,桌面翻页指示点（当前页）,com.miui.home,res/drawable-xxhdpi/workspace_seekpoint_highlight.png,50,40,,
launcher,桌面启动器,桌面(启动器) · xxhdpi,桌面翻页指示点（深色·当前页）,com.miui.home,res/drawable-xxhdpi/workspace_seekpoint_highlight_dark.png,50,40,,
launcher,桌面启动器,桌面(启动器) · xxhdpi,桌面翻页指示点（普通页）,com.miui.home,res/drawable-xxhdpi/workspace_seekpoint_normal.png,50,40,,★
launcher,桌面启动器,桌面(启动器) · xxhdpi,桌面翻页指示点（深色·普通页）,com.miui.home,res/drawable-xxhdpi/workspace_seekpoint_normal_dark.png,50,40,,
apps,系统应用换肤,小米互传 · 深色 miui,【小米互传】miuix_appcompat_window_bg_dark.9.png,com.miui.mishare.connectivity,nightmode/framework-miui-res/res/drawable-xxhdpi/miuix_appcompat_window_bg_dark.9.png,1440,3200,是,
apps,系统应用换肤,小米互传 · 深色 miui,【小米互传】window_bg_dark.9.png,com.miui.mishare.connectivity,nightmode/framework-miui-res/res/drawable-xxhdpi/window_bg_dark.9.png,1440,3200,是,
apps,系统应用换肤,小米互传 · 深色 xxhdpi,【小米互传】miuix_appcompat_window_bg_dark.9.png,com.miui.mishare.connectivity,nightmode/res/drawable-xxhdpi/miuix_appcompat_window_bg_dark.9.png,1440,3200,是,
apps,系统应用换肤,小米互传 · 深色 xxhdpi,【小米互传】window_bg_dark.9.png,com.miui.mishare.connectivity,nightmode/res/drawable-xxhdpi/window_bg_dark.9.png,1440,3200,是,
apps,系统应用换肤,小米互传,【小米互传】应用窗口背景（整页）,com.miui.mishare.connectivity,res/drawable-xxhdpi/miuix_appcompat_window_bg_light.9.png,1440,3200,是,★
apps,系统应用换肤,小米互传,【小米互传】preference_category_background_no_title.9.png,com.miui.mishare.connectivity,res/drawable-xxhdpi/preference_category_background_no_title.9.png,1076,98,是,
apps,系统应用换肤,声音与振动,【声音与振动】对话框背景,com.miui.misound,framework-miui-res/res/drawable-xxhdpi/dialog_bg_light.9.png,1080,732,是,★
apps,系统应用换肤,声音与振动,【声音与振动】对话框背景,com.miui.misound,framework-miui-res/res/drawable-xxhdpi/miuix_appcompat_dialog_bg_light.9.png,1080,732,是,★
apps,系统应用换肤,声音与振动,【声音与振动】应用窗口背景（整页）,com.miui.misound,framework-miui-res/res/drawable-xxhdpi/window_bg_light.9.png,1078,2398,是,★
apps,系统应用换肤,声音与振动,【声音与振动】circle_gray_music_shape.png,com.miui.misound,res/drawable-xxhdpi/circle_gray_music_shape.png,116,116,,
apps,系统应用换肤,声音与振动,【声音与振动】对话框背景,com.miui.misound,res/drawable-xxhdpi/dialog_bg_light.9.png,1080,732,是,★
apps,系统应用换肤,声音与振动,【声音与振动】dirac_eq_bg.png,com.miui.misound,res/drawable-xxhdpi/dirac_eq_bg.png,1080,2400,,
apps,系统应用换肤,声音与振动,【声音与振动】ic_miui_volume_more_media_icon.png,com.miui.misound,res/drawable-xxhdpi/ic_miui_volume_more_media_icon.png,54,54,,
apps,系统应用换肤,声音与振动,【声音与振动】拖动条,com.miui.misound,res/drawable-xxhdpi/miui_volume_seekbar_backgroud_expand.9.png,54,54,是,
apps,系统应用换肤,声音与振动,【声音与振动】多选模式按钮图标,com.miui.misound,res/drawable-xxhdpi/miuix_appcompat_action_mode_title_button_deselect_all_disable_light.png,131,130,,
apps,系统应用换肤,声音与振动,【声音与振动】多选模式按钮图标,com.miui.misound,res/drawable-xxhdpi/miuix_appcompat_action_mode_title_button_select_all_disable_light.png,130,130,,
apps,系统应用换肤,声音与振动,【声音与振动】多选模式按钮图标,com.miui.misound,res/drawable-xxhdpi/miuix_appcompat_action_mode_title_button_select_all_normal_light.png,130,130,,
apps,系统应用换肤,声音与振动,【声音与振动】复选框（关→开动画）,com.miui.misound,res/drawable-xxhdpi/miuix_appcompat_btn_checkbox_off_to_on_light.9.png,90,90,是,
apps,系统应用换肤,声音与振动,【声音与振动】复选框（开→关动画）,com.miui.misound,res/drawable-xxhdpi/miuix_appcompat_btn_checkbox_on_to_off_light.9.png,90,90,是,
apps,系统应用换肤,声音与振动,【声音与振动】单选按钮（关→开）,com.miui.misound,res/drawable-xxhdpi/miuix_appcompat_btn_radio_off_to_on_light.9.png,90,90,是,
apps,系统应用换肤,声音与振动,【声音与振动】单选按钮（开→关）,com.miui.misound,res/drawable-xxhdpi/miuix_appcompat_btn_radio_on_to_off_dark.9.png,10,10,是,
apps,系统应用换肤,声音与振动,【声音与振动】对话框背景,com.miui.misound,res/drawable-xxhdpi/miuix_appcompat_dialog_bg_light.9.png,1080,732,是,★
apps,系统应用换肤,声音与振动,【声音与振动】搜索模式背景,com.miui.misound,res/drawable-xxhdpi/miuix_appcompat_search_mode_bg_light.9.png,50,50,是,
apps,系统应用换肤,声音与振动,【声音与振动】搜索模式背景,com.miui.misound,res/drawable-xxhdpi/miuix_appcompat_search_mode_bg_light.png,38,141,,
apps,系统应用换肤,声音与振动,【声音与振动】搜索框输入背景,com.miui.misound,res/drawable-xxhdpi/miuix_appcompat_search_mode_edit_text_bg_light.9.png,50,50,是,
apps,系统应用换肤,声音与振动,【声音与振动】搜索输入框背景,com.miui.misound,res/drawable-xxhdpi/miuix_appcompat_search_mode_input_bg_light.9.png,3,5,是,
apps,系统应用换肤,声音与振动,【声音与振动】按钮背景,com.miui.misound,res/drawable-xxhdpi/miuix_appcompat_sliding_btn_bg_light.png,153,10,,★
apps,系统应用换肤,声音与振动,【声音与振动】miuix_appcompat_sliding_panel_visualization_bg.png,com.miui.misound,res/drawable-xxhdpi/miuix_appcompat_sliding_panel_visualization_bg.png,120,146,,
apps,系统应用换肤,声音与振动,【声音与振动】设置项图标背景,com.miui.misound,res/drawable-xxhdpi/miuix_ic_preference_disconnected_bg.9.png,153,10,是,
apps,系统应用换肤,声音与振动,【声音与振动】设置分组标题背景,com.miui.misound,res/drawable-xxhdpi/miuix_miuix_preference_category_bg_no_title_light.9.png,153,10,是,
apps,系统应用换肤,声音与振动,【声音与振动】设置分组标题背景,com.miui.misound,res/drawable-xxhdpi/miuix_preference_category_bg_first_light.9.png,153,10,是,
apps,系统应用换肤,声音与振动,【声音与振动】设置分组标题背景,com.miui.misound,res/drawable-xxhdpi/miuix_preference_category_bg_first_no_title_light.9.png,153,1,是,
apps,系统应用换肤,声音与振动,【声音与振动】设置分组标题背景,com.miui.misound,res/drawable-xxhdpi/miuix_preference_category_bg_light.9.png,153,10,是,
apps,系统应用换肤,声音与振动,【声音与振动】设置分组标题背景,com.miui.misound,res/drawable-xxhdpi/miuix_preference_category_bg_no_title_dark.9.png,1076,98,是,
apps,系统应用换肤,声音与振动,【声音与振动】设置分组标题背景,com.miui.misound,res/drawable-xxhdpi/miuix_preference_category_bg_no_title_light.9.png,1076,98,是,
apps,系统应用换肤,声音与振动,【声音与振动】设置列表项背景（首项）,com.miui.misound,res/drawable-xxhdpi/miuix_preference_first_item_bg_light.9.png,153,10,是,
apps,系统应用换肤,声音与振动,【声音与振动】设置列表项背景（首项）,com.miui.misound,res/drawable-xxhdpi/miuix_preference_first_item_bg_light_normal.9.png,153,10,是,
apps,系统应用换肤,声音与振动,【声音与振动】miuix_preference_first_item_with_icon_bg_normal.9.png,com.miui.misound,res/drawable-xxhdpi/miuix_preference_first_item_with_icon_bg_normal.9.png,153,10,是,
apps,系统应用换肤,声音与振动,【声音与振动】miuix_preference_item_radio_two_state_background.9.png,com.miui.misound,res/drawable-xxhdpi/miuix_preference_item_radio_two_state_background.9.png,372,182,是,
apps,系统应用换肤,声音与振动,【声音与振动】设置列表项背景（末项）,com.miui.misound,res/drawable-xxhdpi/miuix_preference_last_item_bg_light.9.png,153,10,是,
apps,系统应用换肤,声音与振动,【声音与振动】设置列表项背景（末项）,com.miui.misound,res/drawable-xxhdpi/miuix_preference_last_item_bg_light_normal.9.png,153,10,是,
apps,系统应用换肤,声音与振动,【声音与振动】miuix_preference_last_item_with_icon_bg_normal.9.png,com.miui.misound,res/drawable-xxhdpi/miuix_preference_last_item_with_icon_bg_normal.9.png,153,10,是,
apps,系统应用换肤,声音与振动,【声音与振动】设置列表项背景（中间项）,com.miui.misound,res/drawable-xxhdpi/miuix_preference_middle_item_bg_light.9.png,153,10,是,
apps,系统应用换肤,声音与振动,【声音与振动】设置列表项背景（中间项）,com.miui.misound,res/drawable-xxhdpi/miuix_preference_middle_item_bg_light_normal.9.png,153,10,是,
apps,系统应用换肤,声音与振动,【声音与振动】miuix_preference_middle_item_with_icon_bg_normal.9.png,com.miui.misound,res/drawable-xxhdpi/miuix_preference_middle_item_with_icon_bg_normal.9.png,153,10,是,
apps,系统应用换肤,声音与振动,【声音与振动】设置列表项背景（单项）,com.miui.misound,res/drawable-xxhdpi/miuix_preference_single_item_bg_light.9.png,153,10,是,
apps,系统应用换肤,声音与振动,【声音与振动】设置列表项背景（单项）,com.miui.misound,res/drawable-xxhdpi/miuix_preference_single_item_bg_light_normal.9.png,153,10,是,
apps,系统应用换肤,声音与振动,【声音与振动】miuix_preference_single_item_with_icon_bg_normal.9.png,com.miui.misound,res/drawable-xxhdpi/miuix_preference_single_item_with_icon_bg_normal.9.png,153,10,是,
apps,系统应用换肤,声音与振动,【声音与振动】标题栏背景,com.miui.misound,res/drawable-xxhdpi/passport_action_bar_bg_light.9.png,70,1,是,★
apps,系统应用换肤,声音与振动,【声音与振动】多选模式标题栏背景,com.miui.misound,res/drawable-xxhdpi/passport_action_mode_bg_dialog_light.9.png,70,1,是,★
apps,系统应用换肤,声音与振动,【声音与振动】账号页控件,com.miui.misound,res/drawable-xxhdpi/passport_alphabet_indexer_bg.9.png,70,1,是,★
apps,系统应用换肤,声音与振动,【声音与振动】账号页控件,com.miui.misound,res/drawable-xxhdpi/passport_btn_bg_single_normal_light.9.png,136,146,是,★
apps,系统应用换肤,声音与振动,【声音与振动】账号页控件,com.miui.misound,res/drawable-xxhdpi/passport_dialog_button_bar_bg.9.png,3,102,是,★
apps,系统应用换肤,声音与振动,【声音与振动】账号页控件,com.miui.misound,res/drawable-xxhdpi/passport_list_item_bg_light.9.png,285,19,是,★
apps,系统应用换肤,声音与振动,【声音与振动】账号页控件,com.miui.misound,res/drawable-xxhdpi/passport_list_item_last_bg_normal.9.png,285,19,是,★
apps,系统应用换肤,声音与振动,【声音与振动】账号页控件,com.miui.misound,res/drawable-xxhdpi/passport_list_item_single_bg_normal_light.9.png,285,19,是,★
apps,系统应用换肤,声音与振动,【声音与振动】photo_page_action_bar_background.png,com.miui.misound,res/drawable-xxhdpi/photo_page_action_bar_background.png,372,182,,
apps,系统应用换肤,声音与振动,【声音与振动】preference_category_background_no_title.9.png,com.miui.misound,res/drawable-xxhdpi/preference_category_background_no_title.9.png,1076,98,是,
apps,系统应用换肤,声音与振动,【声音与振动】投屏进度条,com.miui.misound,res/drawable-xxhdpi/projection_seekbar_progress.9.png,620,1,是,
apps,系统应用换肤,声音与振动,【声音与振动】扫码失败提示背景,com.miui.misound,res/drawable-xxhdpi/qr_error_bg.9.png,1,1,是,
apps,系统应用换肤,声音与振动,【声音与振动】秒表指针,com.miui.misound,res/drawable-xxhdpi/stopwatch_second_hand.png,39,870,,
apps,系统应用换肤,声音与振动,【声音与振动】v8_ic_folder_bg.9.png,com.miui.misound,res/drawable-xxhdpi/v8_ic_folder_bg.9.png,1,1,是,
apps,系统应用换肤,声音与振动,【声音与振动】v8_ic_folder_bg_middle_normal.9.png,com.miui.misound,res/drawable-xxhdpi/v8_ic_folder_bg_middle_normal.9.png,1,1,是,
apps,系统应用换肤,声音与振动,【声音与振动】v8_ic_folder_bg_middle_pressed.9.png,com.miui.misound,res/drawable-xxhdpi/v8_ic_folder_bg_middle_pressed.9.png,1,1,是,
apps,系统应用换肤,声音与振动,【声音与振动】分割线,com.miui.misound,res/drawable-xxhdpi/v8_ic_list_divider.9.png,5,5,是,
apps,系统应用换肤,声音与振动,【声音与振动】v8_ic_list_item_n.9.png,com.miui.misound,res/drawable-xxhdpi/v8_ic_list_item_n.9.png,88,4,是,
apps,系统应用换肤,声音与振动,【声音与振动】v8_ic_list_item_p.9.png,com.miui.misound,res/drawable-xxhdpi/v8_ic_list_item_p.9.png,88,4,是,
apps,系统应用换肤,声音与振动,【声音与振动】v8_ic_list_last_n.9.png,com.miui.misound,res/drawable-xxhdpi/v8_ic_list_last_n.9.png,88,4,是,
apps,系统应用换肤,声音与振动,【声音与振动】v8_ic_list_last_p.9.png,com.miui.misound,res/drawable-xxhdpi/v8_ic_list_last_p.9.png,88,4,是,
apps,系统应用换肤,声音与振动,【声音与振动】v8_ic_list_section_item_n.9.png,com.miui.misound,res/drawable-xxhdpi/v8_ic_list_section_item_n.9.png,88,4,是,
apps,系统应用换肤,声音与振动,【声音与振动】v8_ic_list_section_item_p.9.png,com.miui.misound,res/drawable-xxhdpi/v8_ic_list_section_item_p.9.png,88,4,是,
apps,系统应用换肤,声音与振动,【声音与振动】v8_ic_list_tail_item_n.9.png,com.miui.misound,res/drawable-xxhdpi/v8_ic_list_tail_item_n.9.png,88,4,是,
apps,系统应用换肤,声音与振动,【声音与振动】v8_ic_list_tail_item_p.9.png,com.miui.misound,res/drawable-xxhdpi/v8_ic_list_tail_item_p.9.png,88,4,是,
apps,系统应用换肤,通知管理,【通知管理】应用窗口背景（整页）,com.miui.notification,framework-miui-res/res/drawable-xxhdpi/miuix_appcompat_window_bg_light.9.png,1078,2398,是,★
apps,系统应用换肤,通知管理,【通知管理】应用窗口背景（整页）,com.miui.notification,res/drawable-xxhdpi/miuix_appcompat_window_bg_light.9.png,1078,2398,是,★
apps,系统应用换肤,安装器,【安装器】应用窗口背景（整页）,com.miui.packageinstaller,framework-miui-res/res/drawable-xxhdpi/window_bg_light.9.png,1440,3200,是,★
apps,系统应用换肤,安装器 · 深色 xxhdpi,【安装器】miuix_appcompat_window_bg_dark.9.png,com.miui.packageinstaller,nightmode/res/drawable-xxhdpi/miuix_appcompat_window_bg_dark.9.png,1440,3200,是,
apps,系统应用换肤,安装器 · 深色 xxhdpi,【安装器】window_bg_dark.9.png,com.miui.packageinstaller,nightmode/res/drawable-xxhdpi/window_bg_dark.9.png,1440,3200,是,
apps,系统应用换肤,安装器,【安装器】应用窗口背景（整页）,com.miui.packageinstaller,res/drawable-xxhdpi/window_bg_light.9.png,1440,3200,是,★
apps,系统应用换肤,屏幕录制,【屏幕录制】应用窗口背景（整页）,com.miui.screenrecorder,framework-miui-res/res/drawable-xxhdpi/window_bg_light.9.png,1440,3200,是,★
apps,系统应用换肤,屏幕录制,【屏幕录制】应用窗口背景（整页）,com.miui.screenrecorder,res/drawable-xxhdpi/miuix_appcompat_window_bg_light.9.png,1440,3200,是,★
apps,系统应用换肤,截屏,【截屏】bg_mishare_tranfer_btn.png,com.miui.screenshot,res/drawable-xxhdpi/bg_mishare_tranfer_btn.png,124,124,,
apps,系统应用换肤,截屏,【截屏】对话框背景,com.miui.screenshot,res/drawable-xxhdpi/dialog_bg_light.9.png,1080,732,是,★
apps,系统应用换肤,截屏,【截屏】多选模式按钮图标,com.miui.screenshot,res/drawable-xxhdpi/miuix_appcompat_action_mode_title_button_deselect_all_disable_light.png,131,130,,
apps,系统应用换肤,截屏,【截屏】多选模式按钮图标,com.miui.screenshot,res/drawable-xxhdpi/miuix_appcompat_action_mode_title_button_deselect_all_normal_light.png,131,130,,
apps,系统应用换肤,截屏,【截屏】多选模式按钮图标,com.miui.screenshot,res/drawable-xxhdpi/miuix_appcompat_action_mode_title_button_select_all_disable_light.png,130,130,,
apps,系统应用换肤,截屏,【截屏】多选模式按钮图标,com.miui.screenshot,res/drawable-xxhdpi/miuix_appcompat_action_mode_title_button_select_all_normal_light.png,130,130,,
apps,系统应用换肤,截屏,【截屏】miuix_appcompat_btn_bg_dialog_light.9.png,com.miui.screenshot,res/drawable-xxhdpi/miuix_appcompat_btn_bg_dialog_light.9.png,124,124,是,
apps,系统应用换肤,截屏,【截屏】主按钮背景,com.miui.screenshot,res/drawable-xxhdpi/miuix_appcompat_btn_bg_primary_light.9.png,124,124,是,★
apps,系统应用换肤,截屏,【截屏】复选框（关→开动画）,com.miui.screenshot,res/drawable-xxhdpi/miuix_appcompat_btn_checkbox_off_to_on_light.9.png,90,90,是,
apps,系统应用换肤,截屏,【截屏】复选框（开→关动画）,com.miui.screenshot,res/drawable-xxhdpi/miuix_appcompat_btn_checkbox_on_to_off_light.9.png,90,90,是,
apps,系统应用换肤,截屏,【截屏】单选按钮（关→开）,com.miui.screenshot,res/drawable-xxhdpi/miuix_appcompat_btn_radio_off_to_on_light.9.png,90,90,是,
apps,系统应用换肤,截屏,【截屏】单选按钮（开→关）,com.miui.screenshot,res/drawable-xxhdpi/miuix_appcompat_btn_radio_on_to_off_dark.9.png,10,10,是,
apps,系统应用换肤,截屏,【截屏】列表加载中占位背景,com.miui.screenshot,res/drawable-xxhdpi/miuix_appcompat_cloud_state_view_bg_light.9.png,372,182,是,
apps,系统应用换肤,截屏,【截屏】对话框背景,com.miui.screenshot,res/drawable-xxhdpi/miuix_appcompat_dialog_bg_light.9.png,1080,732,是,★
apps,系统应用换肤,截屏,【截屏】对话框普通按钮,com.miui.screenshot,res/drawable-xxhdpi/miuix_appcompat_dialog_default_btn_bg_light.9.png,124,124,是,
apps,系统应用换肤,截屏,【截屏】对话框主按钮,com.miui.screenshot,res/drawable-xxhdpi/miuix_appcompat_dialog_default_btn_bg_primary_light.9.png,124,124,是,
apps,系统应用换肤,截屏,【截屏】圆角对话框背景,com.miui.screenshot,res/drawable-xxhdpi/miuix_appcompat_dialog_round_bg_light.9.png,1080,732,是,
apps,系统应用换肤,截屏,【截屏】miuix_appcompat_edit_text_search_light.png,com.miui.screenshot,res/drawable-xxhdpi/miuix_appcompat_edit_text_search_light.png,114,42,,
apps,系统应用换肤,截屏,【截屏】沉浸式窗口背景,com.miui.screenshot,res/drawable-xxhdpi/miuix_appcompat_immersion_window_bg_light.9.png,132,122,是,
apps,系统应用换肤,截屏,【截屏】miuix_appcompat_number_picker_bg_normal.9.png,com.miui.screenshot,res/drawable-xxhdpi/miuix_appcompat_number_picker_bg_normal.9.png,0,0,是,
apps,系统应用换肤,截屏,【截屏】搜索模式背景,com.miui.screenshot,res/drawable-xxhdpi/miuix_appcompat_search_mode_bg_light.9.png,50,50,是,
apps,系统应用换肤,截屏,【截屏】搜索模式背景,com.miui.screenshot,res/drawable-xxhdpi/miuix_appcompat_search_mode_bg_light.png,38,141,,
apps,系统应用换肤,截屏,【截屏】搜索框输入背景,com.miui.screenshot,res/drawable-xxhdpi/miuix_appcompat_search_mode_edit_text_bg_light.9.png,50,50,是,
apps,系统应用换肤,截屏,【截屏】搜索输入框背景,com.miui.screenshot,res/drawable-xxhdpi/miuix_appcompat_search_mode_input_bg_light.9.png,3,5,是,
apps,系统应用换肤,截屏,【截屏】按钮背景,com.miui.screenshot,res/drawable-xxhdpi/miuix_appcompat_sliding_btn_bg_light.png,153,10,,★
apps,系统应用换肤,截屏,【截屏】miuix_appcompat_sliding_panel_visualization_bg.png,com.miui.screenshot,res/drawable-xxhdpi/miuix_appcompat_sliding_panel_visualization_bg.png,120,146,,
apps,系统应用换肤,截屏,【截屏】应用窗口背景（整页）,com.miui.screenshot,res/drawable-xxhdpi/miuix_appcompat_window_bg_light.9.png,1078,2398,是,★
apps,系统应用换肤,截屏,【截屏】设置项图标背景,com.miui.screenshot,res/drawable-xxhdpi/miuix_ic_preference_disconnected_bg.9.png,153,10,是,
apps,系统应用换肤,截屏,【截屏】设置分组标题背景,com.miui.screenshot,res/drawable-xxhdpi/miuix_miuix_preference_category_bg_no_title_light.9.png,153,10,是,
apps,系统应用换肤,截屏,【截屏】设置分组标题背景,com.miui.screenshot,res/drawable-xxhdpi/miuix_preference_category_bg_first_light.9.png,153,10,是,
apps,系统应用换肤,截屏,【截屏】设置分组标题背景,com.miui.screenshot,res/drawable-xxhdpi/miuix_preference_category_bg_first_no_title_light.9.png,153,1,是,
apps,系统应用换肤,截屏,【截屏】设置分组标题背景,com.miui.screenshot,res/drawable-xxhdpi/miuix_preference_category_bg_light.9.png,153,192,是,
apps,系统应用换肤,截屏,【截屏】设置分组标题背景,com.miui.screenshot,res/drawable-xxhdpi/miuix_preference_category_bg_no_title_dark.9.png,1076,98,是,
apps,系统应用换肤,截屏,【截屏】设置分组标题背景,com.miui.screenshot,res/drawable-xxhdpi/miuix_preference_category_bg_no_title_light.9.png,1076,98,是,
apps,系统应用换肤,截屏,【截屏】设置列表项背景（首项）,com.miui.screenshot,res/drawable-xxhdpi/miuix_preference_first_item_bg_light.9.png,153,10,是,
apps,系统应用换肤,截屏,【截屏】设置列表项背景（首项）,com.miui.screenshot,res/drawable-xxhdpi/miuix_preference_first_item_bg_light_normal.9.png,372,182,是,
apps,系统应用换肤,截屏,【截屏】miuix_preference_first_item_with_icon_bg_normal.9.png,com.miui.screenshot,res/drawable-xxhdpi/miuix_preference_first_item_with_icon_bg_normal.9.png,153,10,是,
apps,系统应用换肤,截屏,【截屏】设置列表项背景（普通）,com.miui.screenshot,res/drawable-xxhdpi/miuix_preference_item_bg_normal.9.png,153,160,是,
apps,系统应用换肤,截屏,【截屏】miuix_preference_item_radio_two_state_background.9.png,com.miui.screenshot,res/drawable-xxhdpi/miuix_preference_item_radio_two_state_background.9.png,372,182,是,
apps,系统应用换肤,截屏,【截屏】设置列表项背景（末项）,com.miui.screenshot,res/drawable-xxhdpi/miuix_preference_last_item_bg_light.9.png,153,10,是,
apps,系统应用换肤,截屏,【截屏】设置列表项背景（末项）,com.miui.screenshot,res/drawable-xxhdpi/miuix_preference_last_item_bg_light_normal.9.png,372,182,是,
apps,系统应用换肤,截屏,【截屏】miuix_preference_last_item_with_icon_bg_normal.9.png,com.miui.screenshot,res/drawable-xxhdpi/miuix_preference_last_item_with_icon_bg_normal.9.png,153,160,是,
apps,系统应用换肤,截屏,【截屏】设置列表项背景（中间项）,com.miui.screenshot,res/drawable-xxhdpi/miuix_preference_middle_item_bg_light.9.png,153,10,是,
apps,系统应用换肤,截屏,【截屏】设置列表项背景（中间项）,com.miui.screenshot,res/drawable-xxhdpi/miuix_preference_middle_item_bg_light_normal.9.png,372,182,是,
apps,系统应用换肤,截屏,【截屏】miuix_preference_middle_item_with_icon_bg_normal.9.png,com.miui.screenshot,res/drawable-xxhdpi/miuix_preference_middle_item_with_icon_bg_normal.9.png,153,160,是,
apps,系统应用换肤,截屏,【截屏】设置列表项背景（单项）,com.miui.screenshot,res/drawable-xxhdpi/miuix_preference_single_item_bg_light.9.png,153,10,是,
apps,系统应用换肤,截屏,【截屏】设置列表项背景（单项）,com.miui.screenshot,res/drawable-xxhdpi/miuix_preference_single_item_bg_light_normal.9.png,372,182,是,
apps,系统应用换肤,截屏,【截屏】miuix_preference_single_item_with_icon_bg_normal.9.png,com.miui.screenshot,res/drawable-xxhdpi/miuix_preference_single_item_with_icon_bg_normal.9.png,153,160,是,
apps,系统应用换肤,截屏,【截屏】标题栏背景,com.miui.screenshot,res/drawable-xxhdpi/passport_action_bar_bg_light.9.png,70,1,是,★
apps,系统应用换肤,截屏,【截屏】多选模式标题栏背景,com.miui.screenshot,res/drawable-xxhdpi/passport_action_mode_bg_dialog_light.9.png,70,1,是,★
apps,系统应用换肤,截屏,【截屏】账号页控件,com.miui.screenshot,res/drawable-xxhdpi/passport_alphabet_indexer_bg.9.png,70,1,是,★
apps,系统应用换肤,截屏,【截屏】账号页控件,com.miui.screenshot,res/drawable-xxhdpi/passport_btn_bg_single_normal_light.9.png,136,146,是,★
apps,系统应用换肤,截屏,【截屏】账号页控件,com.miui.screenshot,res/drawable-xxhdpi/passport_dialog_button_bar_bg.9.png,3,102,是,★
apps,系统应用换肤,截屏,【截屏】账号页控件,com.miui.screenshot,res/drawable-xxhdpi/passport_list_item_bg_light.9.png,285,19,是,★
apps,系统应用换肤,截屏,【截屏】账号页控件,com.miui.screenshot,res/drawable-xxhdpi/passport_list_item_last_bg_normal.9.png,285,19,是,★
apps,系统应用换肤,截屏,【截屏】账号页控件,com.miui.screenshot,res/drawable-xxhdpi/passport_list_item_single_bg_normal_light.9.png,285,19,是,★
apps,系统应用换肤,截屏,【截屏】photo_page_action_bar_background.png,com.miui.screenshot,res/drawable-xxhdpi/photo_page_action_bar_background.png,372,182,,
apps,系统应用换肤,截屏,【截屏】preference_category_background_no_title.9.png,com.miui.screenshot,res/drawable-xxhdpi/preference_category_background_no_title.9.png,1076,98,是,
apps,系统应用换肤,截屏,【截屏】投屏进度条,com.miui.screenshot,res/drawable-xxhdpi/projection_seekbar_progress.9.png,620,1,是,
apps,系统应用换肤,截屏,【截屏】扫码失败提示背景,com.miui.screenshot,res/drawable-xxhdpi/qr_error_bg.9.png,1,1,是,
apps,系统应用换肤,截屏,【截屏】截屏工具栏按钮,com.miui.screenshot,res/drawable-xxhdpi/screen_tool_popwin_bg.png,124,124,,
apps,系统应用换肤,截屏,【截屏】截屏工具栏按钮,com.miui.screenshot,res/drawable-xxhdpi/screenshot_btn_bg.png,124,124,,
apps,系统应用换肤,截屏,【截屏】截屏工具栏按钮,com.miui.screenshot,res/drawable-xxhdpi/screenshot_thumbnail_btn_bg.png,124,124,,
apps,系统应用换肤,截屏,【截屏】秒表指针,com.miui.screenshot,res/drawable-xxhdpi/stopwatch_second_hand.png,39,870,,
apps,系统应用换肤,安全中心,【安全中心】标题栏背景,com.miui.securitycenter,framework-miui-res/res/drawable-xxhdpi/action_bar_bg_light.9.png,1,1,是,
apps,系统应用换肤,安全中心,【安全中心】游戏加速背景,com.miui.securitycenter,framework-miui-res/res/drawable-xxhdpi/gb_bg_performance.png,1080,1450,,
apps,系统应用换肤,安全中心,【安全中心】gb_first_guide_gameturbo.png,com.miui.securitycenter,framework-miui-res/res/drawable-xxhdpi/gb_first_guide_gameturbo.png,366,36,,
apps,系统应用换肤,安全中心,【安全中心】list_small_item_last_bg_normal_light.9.png,com.miui.securitycenter,framework-miui-res/res/drawable-xxhdpi/list_small_item_last_bg_normal_light.9.png,81,2,是,
apps,系统应用换肤,安全中心,【安全中心】list_small_item_last_bg_pressed_light.9.png,com.miui.securitycenter,framework-miui-res/res/drawable-xxhdpi/list_small_item_last_bg_pressed_light.9.png,81,2,是,
apps,系统应用换肤,安全中心,【安全中心】list_small_item_middle_bg_normal_light.9.png,com.miui.securitycenter,framework-miui-res/res/drawable-xxhdpi/list_small_item_middle_bg_normal_light.9.png,81,2,是,
apps,系统应用换肤,安全中心,【安全中心】list_small_item_middle_bg_pressed_light.9.png,com.miui.securitycenter,framework-miui-res/res/drawable-xxhdpi/list_small_item_middle_bg_pressed_light.9.png,81,2,是,
apps,系统应用换肤,安全中心,【安全中心】list_small_item_overstepped_pressed_light.9.png,com.miui.securitycenter,framework-miui-res/res/drawable-xxhdpi/list_small_item_overstepped_pressed_light.9.png,81,2,是,
apps,系统应用换肤,安全中心,【安全中心】list_small_item_single_bg_normal_light.9.png,com.miui.securitycenter,framework-miui-res/res/drawable-xxhdpi/list_small_item_single_bg_normal_light.9.png,81,2,是,
apps,系统应用换肤,安全中心,【安全中心】list_small_item_single_bg_pressed_light.9.png,com.miui.securitycenter,framework-miui-res/res/drawable-xxhdpi/list_small_item_single_bg_pressed_light.9.png,81,2,是,
apps,系统应用换肤,安全中心,【安全中心】list_small_view_item_group_header_bg_light.9.png,com.miui.securitycenter,framework-miui-res/res/drawable-xxhdpi/list_small_view_item_group_header_bg_light.9.png,81,150,是,
apps,系统应用换肤,安全中心,【安全中心】list_view_item_group_header_bg_dark.9.png,com.miui.securitycenter,framework-miui-res/res/drawable-xxhdpi/list_view_item_group_header_bg_dark.9.png,40,157,是,
apps,系统应用换肤,安全中心,【安全中心】list_view_item_group_header_bg_light.9.png,com.miui.securitycenter,framework-miui-res/res/drawable-xxhdpi/list_view_item_group_header_bg_light.9.png,144,100,是,
apps,系统应用换肤,安全中心,【安全中心】main_bg_cyan.9.png,com.miui.securitycenter,framework-miui-res/res/drawable-xxhdpi/main_bg_cyan.9.png,1041,275,是,
apps,系统应用换肤,安全中心,【安全中心】miuix_appcompat_floating_window_bg_light.9.png,com.miui.securitycenter,framework-miui-res/res/drawable-xxhdpi/miuix_appcompat_floating_window_bg_light.9.png,1440,3200,是,
apps,系统应用换肤,安全中心,【安全中心】设置项图标背景,com.miui.securitycenter,framework-miui-res/res/drawable-xxhdpi/miuix_ic_preference_disconnected_bg.9.png,153,10,是,
apps,系统应用换肤,安全中心,【安全中心】设置分组标题背景,com.miui.securitycenter,framework-miui-res/res/drawable-xxhdpi/miuix_miuix_preference_category_bg_no_title_light.9.png,153,10,是,
apps,系统应用换肤,安全中心,【安全中心】设置分组标题背景,com.miui.securitycenter,framework-miui-res/res/drawable-xxhdpi/miuix_preference_category_bg_first_light.9.png,153,10,是,
apps,系统应用换肤,安全中心,【安全中心】设置分组标题背景,com.miui.securitycenter,framework-miui-res/res/drawable-xxhdpi/miuix_preference_category_bg_first_no_title_light.9.png,153,10,是,
apps,系统应用换肤,安全中心,【安全中心】设置分组标题背景,com.miui.securitycenter,framework-miui-res/res/drawable-xxhdpi/miuix_preference_category_bg_light.9.png,153,10,是,
apps,系统应用换肤,安全中心,【安全中心】设置分组标题背景,com.miui.securitycenter,framework-miui-res/res/drawable-xxhdpi/miuix_preference_category_bg_no_title_light.9.png,153,10,是,
apps,系统应用换肤,安全中心,【安全中心】设置列表项背景（首项）,com.miui.securitycenter,framework-miui-res/res/drawable-xxhdpi/miuix_preference_first_item_bg_light_normal.9.png,153,10,是,
apps,系统应用换肤,安全中心,【安全中心】miuix_preference_first_item_with_icon_bg_normal.9.png,com.miui.securitycenter,framework-miui-res/res/drawable-xxhdpi/miuix_preference_first_item_with_icon_bg_normal.9.png,153,10,是,
apps,系统应用换肤,安全中心,【安全中心】miuix_preference_item_radio_two_state_background.9.png,com.miui.securitycenter,framework-miui-res/res/drawable-xxhdpi/miuix_preference_item_radio_two_state_background.9.png,372,182,是,
apps,系统应用换肤,安全中心,【安全中心】设置列表项背景（末项）,com.miui.securitycenter,framework-miui-res/res/drawable-xxhdpi/miuix_preference_last_item_bg_light_normal.9.png,153,10,是,
apps,系统应用换肤,安全中心,【安全中心】miuix_preference_last_item_with_icon_bg_normal.9.png,com.miui.securitycenter,framework-miui-res/res/drawable-xxhdpi/miuix_preference_last_item_with_icon_bg_normal.9.png,153,10,是,
apps,系统应用换肤,安全中心,【安全中心】设置列表项背景（中间项）,com.miui.securitycenter,framework-miui-res/res/drawable-xxhdpi/miuix_preference_middle_item_bg_light_normal.9.png,153,10,是,
apps,系统应用换肤,安全中心,【安全中心】miuix_preference_middle_item_with_icon_bg_normal.9.png,com.miui.securitycenter,framework-miui-res/res/drawable-xxhdpi/miuix_preference_middle_item_with_icon_bg_normal.9.png,153,10,是,
apps,系统应用换肤,安全中心,【安全中心】设置列表项背景（单项）,com.miui.securitycenter,framework-miui-res/res/drawable-xxhdpi/miuix_preference_single_item_bg_light_normal.9.png,153,10,是,
apps,系统应用换肤,安全中心,【安全中心】miuix_preference_single_item_with_icon_bg_normal.9.png,com.miui.securitycenter,framework-miui-res/res/drawable-xxhdpi/miuix_preference_single_item_with_icon_bg_normal.9.png,153,10,是,
apps,系统应用换肤,安全中心,【安全中心】搜索框输入背景,com.miui.securitycenter,framework-miui-res/res/drawable-xxhdpi/search_mode_edit_text_bg_light.9.png,130,120,是,
apps,系统应用换肤,安全中心,【安全中心】启动页,com.miui.securitycenter,framework-miui-res/res/drawable-xxhdpi/splash_main.png,1440,3200,,
apps,系统应用换肤,安全中心,【安全中心】应用窗口背景（整页）,com.miui.securitycenter,framework-miui-res/res/drawable-xxhdpi/window_bg_light.9.png,1440,3200,是,★
apps,系统应用换肤,安全中心 · 深色 miui,【安全中心】标题栏背景,com.miui.securitycenter,nightmode/framework-miui-res/res/drawable-xxhdpi/action_bar_bg_light.9.png,1,1,是,
apps,系统应用换肤,安全中心 · 深色 miui,【安全中心】list_small_item_last_bg_normal_light.9.png,com.miui.securitycenter,nightmode/framework-miui-res/res/drawable-xxhdpi/list_small_item_last_bg_normal_light.9.png,81,2,是,
apps,系统应用换肤,安全中心 · 深色 miui,【安全中心】list_small_item_last_bg_pressed_light.9.png,com.miui.securitycenter,nightmode/framework-miui-res/res/drawable-xxhdpi/list_small_item_last_bg_pressed_light.9.png,81,2,是,
apps,系统应用换肤,安全中心 · 深色 miui,【安全中心】list_small_item_middle_bg_normal_light.9.png,com.miui.securitycenter,nightmode/framework-miui-res/res/drawable-xxhdpi/list_small_item_middle_bg_normal_light.9.png,81,2,是,
apps,系统应用换肤,安全中心 · 深色 miui,【安全中心】list_small_item_middle_bg_pressed_light.9.png,com.miui.securitycenter,nightmode/framework-miui-res/res/drawable-xxhdpi/list_small_item_middle_bg_pressed_light.9.png,81,2,是,
apps,系统应用换肤,安全中心 · 深色 miui,【安全中心】list_small_item_overstepped_pressed_light.9.png,com.miui.securitycenter,nightmode/framework-miui-res/res/drawable-xxhdpi/list_small_item_overstepped_pressed_light.9.png,81,2,是,
apps,系统应用换肤,安全中心 · 深色 miui,【安全中心】list_small_item_single_bg_normal_light.9.png,com.miui.securitycenter,nightmode/framework-miui-res/res/drawable-xxhdpi/list_small_item_single_bg_normal_light.9.png,81,2,是,
apps,系统应用换肤,安全中心 · 深色 miui,【安全中心】list_small_item_single_bg_pressed_light.9.png,com.miui.securitycenter,nightmode/framework-miui-res/res/drawable-xxhdpi/list_small_item_single_bg_pressed_light.9.png,81,2,是,
apps,系统应用换肤,安全中心 · 深色 miui,【安全中心】list_small_view_item_group_header_bg_light.9.png,com.miui.securitycenter,nightmode/framework-miui-res/res/drawable-xxhdpi/list_small_view_item_group_header_bg_light.9.png,81,150,是,
apps,系统应用换肤,安全中心 · 深色 miui,【安全中心】list_view_item_group_header_bg_dark.9.png,com.miui.securitycenter,nightmode/framework-miui-res/res/drawable-xxhdpi/list_view_item_group_header_bg_dark.9.png,40,157,是,
apps,系统应用换肤,安全中心 · 深色 miui,【安全中心】list_view_item_group_header_bg_light.9.png,com.miui.securitycenter,nightmode/framework-miui-res/res/drawable-xxhdpi/list_view_item_group_header_bg_light.9.png,144,100,是,
apps,系统应用换肤,安全中心 · 深色 miui,【安全中心】miuix_appcompat_sliding_btn_slider_off_normal_dark.png,com.miui.securitycenter,nightmode/framework-miui-res/res/drawable-xxhdpi/miuix_appcompat_sliding_btn_slider_off_normal_dark.png,93,153,,
apps,系统应用换肤,安全中心 · 深色 miui,【安全中心】miuix_appcompat_sliding_btn_slider_off_normal_light.png,com.miui.securitycenter,nightmode/framework-miui-res/res/drawable-xxhdpi/miuix_appcompat_sliding_btn_slider_off_normal_light.png,93,153,,
apps,系统应用换肤,安全中心 · 深色 miui,【安全中心】miuix_appcompat_sliding_btn_slider_off_pressed_dark.png,com.miui.securitycenter,nightmode/framework-miui-res/res/drawable-xxhdpi/miuix_appcompat_sliding_btn_slider_off_pressed_dark.png,93,153,,
apps,系统应用换肤,安全中心 · 深色 miui,【安全中心】miuix_appcompat_sliding_btn_slider_off_pressed_light.png,com.miui.securitycenter,nightmode/framework-miui-res/res/drawable-xxhdpi/miuix_appcompat_sliding_btn_slider_off_pressed_light.png,93,153,,
apps,系统应用换肤,安全中心 · 深色 miui,【安全中心】miuix_appcompat_sliding_btn_slider_on_normal_dark.png,com.miui.securitycenter,nightmode/framework-miui-res/res/drawable-xxhdpi/miuix_appcompat_sliding_btn_slider_on_normal_dark.png,93,153,,
apps,系统应用换肤,安全中心 · 深色 miui,【安全中心】miuix_appcompat_sliding_btn_slider_on_normal_light.png,com.miui.securitycenter,nightmode/framework-miui-res/res/drawable-xxhdpi/miuix_appcompat_sliding_btn_slider_on_normal_light.png,93,153,,
apps,系统应用换肤,安全中心 · 深色 miui,【安全中心】miuix_appcompat_sliding_btn_slider_on_pressed_dark.png,com.miui.securitycenter,nightmode/framework-miui-res/res/drawable-xxhdpi/miuix_appcompat_sliding_btn_slider_on_pressed_dark.png,93,153,,
apps,系统应用换肤,安全中心 · 深色 miui,【安全中心】miuix_appcompat_sliding_btn_slider_on_pressed_light.png,com.miui.securitycenter,nightmode/framework-miui-res/res/drawable-xxhdpi/miuix_appcompat_sliding_btn_slider_on_pressed_light.png,93,153,,
apps,系统应用换肤,安全中心 · 深色 miui,【安全中心】设置项图标背景,com.miui.securitycenter,nightmode/framework-miui-res/res/drawable-xxhdpi/miuix_ic_preference_disconnected_bg.9.png,153,10,是,
apps,系统应用换肤,安全中心 · 深色 miui,【安全中心】设置分组标题背景,com.miui.securitycenter,nightmode/framework-miui-res/res/drawable-xxhdpi/miuix_miuix_preference_category_bg_no_title_light.9.png,153,10,是,
apps,系统应用换肤,安全中心 · 深色 miui,【安全中心】设置分组标题背景,com.miui.securitycenter,nightmode/framework-miui-res/res/drawable-xxhdpi/miuix_preference_category_bg_first_light.9.png,153,10,是,
apps,系统应用换肤,安全中心 · 深色 miui,【安全中心】设置分组标题背景,com.miui.securitycenter,nightmode/framework-miui-res/res/drawable-xxhdpi/miuix_preference_category_bg_first_no_title_light.9.png,153,10,是,
apps,系统应用换肤,安全中心 · 深色 miui,【安全中心】设置分组标题背景,com.miui.securitycenter,nightmode/framework-miui-res/res/drawable-xxhdpi/miuix_preference_category_bg_light.9.png,153,10,是,
apps,系统应用换肤,安全中心 · 深色 miui,【安全中心】设置分组标题背景,com.miui.securitycenter,nightmode/framework-miui-res/res/drawable-xxhdpi/miuix_preference_category_bg_no_title_light.9.png,153,10,是,
apps,系统应用换肤,安全中心 · 深色 miui,【安全中心】设置列表项背景（首项）,com.miui.securitycenter,nightmode/framework-miui-res/res/drawable-xxhdpi/miuix_preference_first_item_bg_light_normal.9.png,153,10,是,
apps,系统应用换肤,安全中心 · 深色 miui,【安全中心】miuix_preference_first_item_with_icon_bg_normal.9.png,com.miui.securitycenter,nightmode/framework-miui-res/res/drawable-xxhdpi/miuix_preference_first_item_with_icon_bg_normal.9.png,153,10,是,
apps,系统应用换肤,安全中心 · 深色 miui,【安全中心】设置列表项背景（末项）,com.miui.securitycenter,nightmode/framework-miui-res/res/drawable-xxhdpi/miuix_preference_last_item_bg_light_normal.9.png,153,10,是,
apps,系统应用换肤,安全中心 · 深色 miui,【安全中心】miuix_preference_last_item_with_icon_bg_normal.9.png,com.miui.securitycenter,nightmode/framework-miui-res/res/drawable-xxhdpi/miuix_preference_last_item_with_icon_bg_normal.9.png,153,10,是,
apps,系统应用换肤,安全中心 · 深色 miui,【安全中心】设置列表项背景（中间项）,com.miui.securitycenter,nightmode/framework-miui-res/res/drawable-xxhdpi/miuix_preference_middle_item_bg_light_normal.9.png,153,10,是,
apps,系统应用换肤,安全中心 · 深色 miui,【安全中心】miuix_preference_middle_item_with_icon_bg_normal.9.png,com.miui.securitycenter,nightmode/framework-miui-res/res/drawable-xxhdpi/miuix_preference_middle_item_with_icon_bg_normal.9.png,153,10,是,
apps,系统应用换肤,安全中心 · 深色 miui,【安全中心】设置列表项背景（单项）,com.miui.securitycenter,nightmode/framework-miui-res/res/drawable-xxhdpi/miuix_preference_single_item_bg_light_normal.9.png,153,10,是,
apps,系统应用换肤,安全中心 · 深色 miui,【安全中心】miuix_preference_single_item_with_icon_bg_normal.9.png,com.miui.securitycenter,nightmode/framework-miui-res/res/drawable-xxhdpi/miuix_preference_single_item_with_icon_bg_normal.9.png,153,10,是,
apps,系统应用换肤,安全中心 · 深色 miui,【安全中心】搜索框输入背景,com.miui.securitycenter,nightmode/framework-miui-res/res/drawable-xxhdpi/search_mode_edit_text_bg_light.9.png,130,120,是,
apps,系统应用换肤,安全中心 · 深色 miui,【安全中心】启动页,com.miui.securitycenter,nightmode/framework-miui-res/res/drawable-xxhdpi/splash_main.png,1440,3200,,
apps,系统应用换肤,安全中心 · 深色 miui,【安全中心】window_bg_dark.9.png,com.miui.securitycenter,nightmode/framework-miui-res/res/drawable-xxhdpi/window_bg_dark.9.png,1440,3200,是,
apps,系统应用换肤,安全中心 · 深色 xxhdpi,【安全中心】标题栏背景,com.miui.securitycenter,nightmode/res/drawable-xxhdpi/action_bar_bg_light.9.png,1,1,是,
apps,系统应用换肤,安全中心 · 深色 xxhdpi,【安全中心】list_small_item_last_bg_normal_light.9.png,com.miui.securitycenter,nightmode/res/drawable-xxhdpi/list_small_item_last_bg_normal_light.9.png,81,2,是,
apps,系统应用换肤,安全中心 · 深色 xxhdpi,【安全中心】list_small_item_last_bg_pressed_light.9.png,com.miui.securitycenter,nightmode/res/drawable-xxhdpi/list_small_item_last_bg_pressed_light.9.png,81,2,是,
apps,系统应用换肤,安全中心 · 深色 xxhdpi,【安全中心】list_small_item_middle_bg_normal_light.9.png,com.miui.securitycenter,nightmode/res/drawable-xxhdpi/list_small_item_middle_bg_normal_light.9.png,81,2,是,
apps,系统应用换肤,安全中心 · 深色 xxhdpi,【安全中心】list_small_item_middle_bg_pressed_light.9.png,com.miui.securitycenter,nightmode/res/drawable-xxhdpi/list_small_item_middle_bg_pressed_light.9.png,81,2,是,
apps,系统应用换肤,安全中心 · 深色 xxhdpi,【安全中心】list_small_item_overstepped_pressed_light.9.png,com.miui.securitycenter,nightmode/res/drawable-xxhdpi/list_small_item_overstepped_pressed_light.9.png,81,2,是,
apps,系统应用换肤,安全中心 · 深色 xxhdpi,【安全中心】list_small_item_single_bg_normal_light.9.png,com.miui.securitycenter,nightmode/res/drawable-xxhdpi/list_small_item_single_bg_normal_light.9.png,81,2,是,
apps,系统应用换肤,安全中心 · 深色 xxhdpi,【安全中心】list_small_item_single_bg_pressed_light.9.png,com.miui.securitycenter,nightmode/res/drawable-xxhdpi/list_small_item_single_bg_pressed_light.9.png,81,2,是,
apps,系统应用换肤,安全中心 · 深色 xxhdpi,【安全中心】list_small_view_item_group_header_bg_light.9.png,com.miui.securitycenter,nightmode/res/drawable-xxhdpi/list_small_view_item_group_header_bg_light.9.png,81,150,是,
apps,系统应用换肤,安全中心 · 深色 xxhdpi,【安全中心】list_view_item_group_header_bg_dark.9.png,com.miui.securitycenter,nightmode/res/drawable-xxhdpi/list_view_item_group_header_bg_dark.9.png,40,157,是,
apps,系统应用换肤,安全中心 · 深色 xxhdpi,【安全中心】list_view_item_group_header_bg_light.9.png,com.miui.securitycenter,nightmode/res/drawable-xxhdpi/list_view_item_group_header_bg_light.9.png,144,100,是,
apps,系统应用换肤,安全中心 · 深色 xxhdpi,【安全中心】miuix_appcompat_sliding_btn_slider_off_normal_dark.png,com.miui.securitycenter,nightmode/res/drawable-xxhdpi/miuix_appcompat_sliding_btn_slider_off_normal_dark.png,93,153,,
apps,系统应用换肤,安全中心 · 深色 xxhdpi,【安全中心】miuix_appcompat_sliding_btn_slider_off_normal_light.png,com.miui.securitycenter,nightmode/res/drawable-xxhdpi/miuix_appcompat_sliding_btn_slider_off_normal_light.png,93,153,,
apps,系统应用换肤,安全中心 · 深色 xxhdpi,【安全中心】miuix_appcompat_sliding_btn_slider_off_pressed_dark.png,com.miui.securitycenter,nightmode/res/drawable-xxhdpi/miuix_appcompat_sliding_btn_slider_off_pressed_dark.png,93,153,,
apps,系统应用换肤,安全中心 · 深色 xxhdpi,【安全中心】miuix_appcompat_sliding_btn_slider_off_pressed_light.png,com.miui.securitycenter,nightmode/res/drawable-xxhdpi/miuix_appcompat_sliding_btn_slider_off_pressed_light.png,93,153,,
apps,系统应用换肤,安全中心 · 深色 xxhdpi,【安全中心】miuix_appcompat_sliding_btn_slider_on_normal_dark.png,com.miui.securitycenter,nightmode/res/drawable-xxhdpi/miuix_appcompat_sliding_btn_slider_on_normal_dark.png,93,153,,
apps,系统应用换肤,安全中心 · 深色 xxhdpi,【安全中心】miuix_appcompat_sliding_btn_slider_on_normal_light.png,com.miui.securitycenter,nightmode/res/drawable-xxhdpi/miuix_appcompat_sliding_btn_slider_on_normal_light.png,93,153,,
apps,系统应用换肤,安全中心 · 深色 xxhdpi,【安全中心】miuix_appcompat_sliding_btn_slider_on_pressed_dark.png,com.miui.securitycenter,nightmode/res/drawable-xxhdpi/miuix_appcompat_sliding_btn_slider_on_pressed_dark.png,93,153,,
apps,系统应用换肤,安全中心 · 深色 xxhdpi,【安全中心】miuix_appcompat_sliding_btn_slider_on_pressed_light.png,com.miui.securitycenter,nightmode/res/drawable-xxhdpi/miuix_appcompat_sliding_btn_slider_on_pressed_light.png,93,153,,
apps,系统应用换肤,安全中心 · 深色 xxhdpi,【安全中心】设置项图标背景,com.miui.securitycenter,nightmode/res/drawable-xxhdpi/miuix_ic_preference_disconnected_bg.9.png,153,10,是,
apps,系统应用换肤,安全中心 · 深色 xxhdpi,【安全中心】设置分组标题背景,com.miui.securitycenter,nightmode/res/drawable-xxhdpi/miuix_miuix_preference_category_bg_no_title_light.9.png,153,10,是,
apps,系统应用换肤,安全中心 · 深色 xxhdpi,【安全中心】设置分组标题背景,com.miui.securitycenter,nightmode/res/drawable-xxhdpi/miuix_preference_category_bg_first_light.9.png,153,10,是,
apps,系统应用换肤,安全中心 · 深色 xxhdpi,【安全中心】设置分组标题背景,com.miui.securitycenter,nightmode/res/drawable-xxhdpi/miuix_preference_category_bg_first_no_title_light.9.png,153,10,是,
apps,系统应用换肤,安全中心 · 深色 xxhdpi,【安全中心】设置分组标题背景,com.miui.securitycenter,nightmode/res/drawable-xxhdpi/miuix_preference_category_bg_light.9.png,153,10,是,
apps,系统应用换肤,安全中心 · 深色 xxhdpi,【安全中心】设置分组标题背景,com.miui.securitycenter,nightmode/res/drawable-xxhdpi/miuix_preference_category_bg_no_title_light.9.png,153,10,是,
apps,系统应用换肤,安全中心 · 深色 xxhdpi,【安全中心】设置列表项背景（首项）,com.miui.securitycenter,nightmode/res/drawable-xxhdpi/miuix_preference_first_item_bg_light_normal.9.png,153,10,是,
apps,系统应用换肤,安全中心 · 深色 xxhdpi,【安全中心】miuix_preference_first_item_with_icon_bg_normal.9.png,com.miui.securitycenter,nightmode/res/drawable-xxhdpi/miuix_preference_first_item_with_icon_bg_normal.9.png,153,10,是,
apps,系统应用换肤,安全中心 · 深色 xxhdpi,【安全中心】设置列表项背景（末项）,com.miui.securitycenter,nightmode/res/drawable-xxhdpi/miuix_preference_last_item_bg_light_normal.9.png,153,10,是,
apps,系统应用换肤,安全中心 · 深色 xxhdpi,【安全中心】miuix_preference_last_item_with_icon_bg_normal.9.png,com.miui.securitycenter,nightmode/res/drawable-xxhdpi/miuix_preference_last_item_with_icon_bg_normal.9.png,153,10,是,
apps,系统应用换肤,安全中心 · 深色 xxhdpi,【安全中心】设置列表项背景（中间项）,com.miui.securitycenter,nightmode/res/drawable-xxhdpi/miuix_preference_middle_item_bg_light_normal.9.png,153,10,是,
apps,系统应用换肤,安全中心 · 深色 xxhdpi,【安全中心】miuix_preference_middle_item_with_icon_bg_normal.9.png,com.miui.securitycenter,nightmode/res/drawable-xxhdpi/miuix_preference_middle_item_with_icon_bg_normal.9.png,153,10,是,
apps,系统应用换肤,安全中心 · 深色 xxhdpi,【安全中心】设置列表项背景（单项）,com.miui.securitycenter,nightmode/res/drawable-xxhdpi/miuix_preference_single_item_bg_light_normal.9.png,153,10,是,
apps,系统应用换肤,安全中心 · 深色 xxhdpi,【安全中心】miuix_preference_single_item_with_icon_bg_normal.9.png,com.miui.securitycenter,nightmode/res/drawable-xxhdpi/miuix_preference_single_item_with_icon_bg_normal.9.png,153,10,是,
apps,系统应用换肤,安全中心 · 深色 xxhdpi,【安全中心】搜索框输入背景,com.miui.securitycenter,nightmode/res/drawable-xxhdpi/search_mode_edit_text_bg_light.9.png,130,120,是,
apps,系统应用换肤,安全中心 · 深色 xxhdpi,【安全中心】启动页,com.miui.securitycenter,nightmode/res/drawable-xxhdpi/splash_main.png,1440,3200,,
apps,系统应用换肤,安全中心 · 深色 xxhdpi,【安全中心】window_bg_dark.9.png,com.miui.securitycenter,nightmode/res/drawable-xxhdpi/window_bg_dark.9.png,1440,3200,是,
apps,系统应用换肤,安全中心,【安全中心】D5B.png,com.miui.securitycenter,res/D5B.png,1080,1450,,
apps,系统应用换肤,安全中心,【安全中心】_pv.png,com.miui.securitycenter,res/_pv.png,435,242,,
apps,系统应用换肤,安全中心,【安全中心】游戏加速背景,com.miui.securitycenter,res/drawable-xxhdpi/gb_bg_performance.png,1080,1450,,
apps,系统应用换肤,安全中心,【安全中心】gb_first_guide_gameturbo.png,com.miui.securitycenter,res/drawable-xxhdpi/gb_first_guide_gameturbo.png,366,36,,
apps,系统应用换肤,安全中心,【安全中心】（WebP 资源）,com.miui.securitycenter,res/drawable-xxhdpi/gb_setting.webp,72,72,,
apps,系统应用换肤,安全中心,【安全中心】miuix_appcompat_floating_window_bg_light.9.png,com.miui.securitycenter,res/drawable-xxhdpi/miuix_appcompat_floating_window_bg_light.9.png,1440,3200,是,
apps,系统应用换肤,安全中心,【安全中心】启动页,com.miui.securitycenter,res/drawable-xxhdpi/splash_main.png,1440,3200,,
apps,系统应用换肤,安全中心,【安全中心】应用窗口背景（整页）,com.miui.securitycenter,res/drawable-xxhdpi/window_bg_light.9.png,1440,3200,是,★
apps,系统应用换肤,安全中心,【安全中心】游戏加速背景,com.miui.securitycenter,res/drawable/gb_bg_performance.png,1080,1450,,
apps,系统应用换肤,安全中心,【安全中心】privacy_protection_video_last_frame.png,com.miui.securitycenter,res/drawable/privacy_protection_video_last_frame.png,1080,1450,,
apps,系统应用换肤,安全中心,【安全中心】游戏加速背景,com.miui.securitycenter,res/gb_bg_performance.png,1080,1450,,
apps,系统应用换肤,HyperCeiler · 深色 xxhdpi,【HyperCeiler】miuix_appcompat_action_bar_bg_dark.9.png,com.sevtinge.hyperceiler,nightmode/res/drawable-xxhdpi/miuix_appcompat_action_bar_bg_dark.9.png,1080,240,是,
apps,系统应用换肤,HyperCeiler,【HyperCeiler】miuix_appcompat_action_bar_bg_dark.9.png,com.sevtinge.hyperceiler,res/drawable-xxhdpi/miuix_appcompat_action_bar_bg_dark.9.png,1080,240,是,
apps,系统应用换肤,HyperCeiler,【HyperCeiler】标题栏背景,com.sevtinge.hyperceiler,res/drawable-xxhdpi/miuix_appcompat_action_bar_bg_light.9.png,1080,240,是,
apps,系统应用换肤,小米账号,【小米账号】应用窗口背景（整页）,com.xiaomi.account,framework-miui-res/res/drawable-xxhdpi/window_bg_light.9.png,1078,2398,是,★
apps,系统应用换肤,小米账号 · 深色 miui,【小米账号】miuix_appcompat_window_bg_dark.9.png,com.xiaomi.account,nightmode/framework-miui-res/res/drawable-xxhdpi/miuix_appcompat_window_bg_dark.9.png,1078,2398,是,
apps,系统应用换肤,小米账号 · 深色 miui,【小米账号】window_bg_dark.9.png,com.xiaomi.account,nightmode/framework-miui-res/res/drawable-xxhdpi/window_bg_dark.9.png,1078,2398,是,
apps,系统应用换肤,小米账号 · 深色 xxhdpi,【小米账号】miuix_appcompat_window_bg_dark.9.png,com.xiaomi.account,nightmode/res/drawable-xxhdpi/miuix_appcompat_window_bg_dark.9.png,1078,2398,是,
apps,系统应用换肤,小米账号 · 深色 xxhdpi,【小米账号】window_bg_dark.9.png,com.xiaomi.account,nightmode/res/drawable-xxhdpi/window_bg_dark.9.png,1078,2398,是,
apps,系统应用换肤,小米账号,【小米账号】应用窗口背景（整页）,com.xiaomi.account,res/drawable-xxhdpi/miuix_appcompat_window_bg_light.9.png,1078,2398,是,★
apps,系统应用换肤,小米账号,【小米账号】设置分组标题背景,com.xiaomi.account,res/drawable-xxhdpi/miuix_preference_category_bg_first_light.9.png,153,10,是,
apps,系统应用换肤,小米账号,【小米账号】设置分组标题背景,com.xiaomi.account,res/drawable-xxhdpi/miuix_preference_category_bg_light.9.png,153,192,是,
apps,系统应用换肤,小米账号,【小米账号】设置列表项背景（首项）,com.xiaomi.account,res/drawable-xxhdpi/miuix_preference_first_item_bg_light_normal.9.png,372,182,是,
apps,系统应用换肤,小米账号,【小米账号】miuix_preference_item_radio_two_state_background.9.png,com.xiaomi.account,res/drawable-xxhdpi/miuix_preference_item_radio_two_state_background.9.png,372,182,是,
apps,系统应用换肤,小米账号,【小米账号】设置列表项背景（末项）,com.xiaomi.account,res/drawable-xxhdpi/miuix_preference_last_item_bg_light_normal.9.png,372,182,是,
apps,系统应用换肤,小米账号,【小米账号】miuix_preference_last_item_with_icon_bg_normal.9.png,com.xiaomi.account,res/drawable-xxhdpi/miuix_preference_last_item_with_icon_bg_normal.9.png,153,160,是,
apps,系统应用换肤,小米账号,【小米账号】设置列表项背景（中间项）,com.xiaomi.account,res/drawable-xxhdpi/miuix_preference_middle_item_bg_light_normal.9.png,372,182,是,
apps,系统应用换肤,小米账号,【小米账号】miuix_preference_middle_item_with_icon_bg_normal.9.png,com.xiaomi.account,res/drawable-xxhdpi/miuix_preference_middle_item_with_icon_bg_normal.9.png,153,160,是,
apps,系统应用换肤,小米账号,【小米账号】设置列表项背景（单项）,com.xiaomi.account,res/drawable-xxhdpi/miuix_preference_single_item_bg_light_normal.9.png,372,182,是,
apps,系统应用换肤,小米账号,【小米账号】miuix_preference_single_item_radio_two_state_bg.9.png,com.xiaomi.account,res/drawable-xxhdpi/miuix_preference_single_item_radio_two_state_bg.9.png,272,182,是,
apps,系统应用换肤,小米账号,【小米账号】miuix_preference_single_item_with_icon_bg_normal.9.png,com.xiaomi.account,res/drawable-xxhdpi/miuix_preference_single_item_with_icon_bg_normal.9.png,153,160,是,
apps,系统应用换肤,小米账号,【小米账号】标题栏背景,com.xiaomi.account,res/drawable-xxhdpi/passport_action_bar_bg_light.9.png,70,1,是,★
apps,系统应用换肤,小米账号,【小米账号】多选模式标题栏背景,com.xiaomi.account,res/drawable-xxhdpi/passport_action_mode_bg_dialog_light.9.png,70,1,是,★
apps,系统应用换肤,小米账号,【小米账号】账号页控件,com.xiaomi.account,res/drawable-xxhdpi/passport_alphabet_indexer_bg.9.png,70,1,是,★
apps,系统应用换肤,小爱同学,【小爱同学】主操作悬浮按钮,com.xiaomi.aiasst.service,framework-miui-res/res/drawable-nxhdpi/action_button_main_bg_light.png,148,148,,
apps,系统应用换肤,小爱同学,【小爱同学】底部导航栏背景,com.xiaomi.aiasst.service,framework-miui-res/res/drawable-nxhdpi/bottom_navigation_background.9.png,1080,204,是,
apps,系统应用换肤,小爱同学,【小爱同学】按钮背景,com.xiaomi.aiasst.service,framework-miui-res/res/drawable-nxhdpi/btn_bg_light.9.png,200,140,是,
apps,系统应用换肤,小爱同学,【小爱同学】主按钮背景,com.xiaomi.aiasst.service,framework-miui-res/res/drawable-nxhdpi/btn_bg_primary_light.9.png,200,140,是,★
apps,系统应用换肤,小爱同学,【小爱同学】context_menu_separate_item_bg_light.9.png,com.xiaomi.aiasst.service,framework-miui-res/res/drawable-nxhdpi/context_menu_separate_item_bg_light.9.png,161,124,是,
apps,系统应用换肤,小爱同学,【小爱同学】搜索模式背景,com.xiaomi.aiasst.service,framework-miui-res/res/drawable-nxhdpi/search_mode_bg_light.9.png,141,160,是,
apps,系统应用换肤,小爱同学,【小爱同学】搜索输入框背景,com.xiaomi.aiasst.service,framework-miui-res/res/drawable-nxhdpi/search_mode_input_bg_light.9.png,101,135,是,
apps,系统应用换肤,小爱同学,【小爱同学】应用窗口背景（整页）,com.xiaomi.aiasst.service,framework-miui-res/res/drawable-nxhdpi/window_bg_light.9.png,1080,2400,是,★
apps,系统应用换肤,小爱同学,【小爱同学】标题栏背景,com.xiaomi.aiasst.service,framework-miui-res/res/drawable-xxhdpi/action_bar_bg_light.9.png,1080,195,是,
apps,系统应用换肤,小爱同学,【小爱同学】主操作悬浮按钮,com.xiaomi.aiasst.service,framework-miui-res/res/drawable-xxhdpi/action_button_main_bg_light.png,150,150,,
apps,系统应用换肤,小爱同学,【小爱同学】主操作悬浮按钮,com.xiaomi.aiasst.service,framework-miui-res/res/drawable-xxhdpi/action_button_main_new_light.png,150,150,,
apps,系统应用换肤,小爱同学,【小爱同学】action_button_open_dialpad_normal_light.png,com.xiaomi.aiasst.service,framework-miui-res/res/drawable-xxhdpi/action_button_open_dialpad_normal_light.png,130,130,,
apps,系统应用换肤,小爱同学,【小爱同学】多选模式标题栏背景,com.xiaomi.aiasst.service,framework-miui-res/res/drawable-xxhdpi/action_mode_bg_light.9.png,61,135,是,
apps,系统应用换肤,小爱同学,【小爱同学】alphabet_indexer_bg.9.png,com.xiaomi.aiasst.service,framework-miui-res/res/drawable-xxhdpi/alphabet_indexer_bg.9.png,50,100,是,
apps,系统应用换肤,小爱同学,【小爱同学】底部导航栏背景,com.xiaomi.aiasst.service,framework-miui-res/res/drawable-xxhdpi/bottom_navigation_background.9.png,1080,204,是,
apps,系统应用换肤,小爱同学,【小爱同学】按钮背景,com.xiaomi.aiasst.service,framework-miui-res/res/drawable-xxhdpi/btn_bg_light.9.png,200,140,是,
apps,系统应用换肤,小爱同学,【小爱同学】主按钮背景,com.xiaomi.aiasst.service,framework-miui-res/res/drawable-xxhdpi/btn_bg_primary_light.9.png,200,140,是,★
apps,系统应用换肤,小爱同学,【小爱同学】警示按钮（普通）,com.xiaomi.aiasst.service,framework-miui-res/res/drawable-xxhdpi/btn_bg_warn_single_normal_light.9.png,200,140,是,
apps,系统应用换肤,小爱同学,【小爱同学】警示按钮（按下）,com.xiaomi.aiasst.service,framework-miui-res/res/drawable-xxhdpi/btn_bg_warn_single_pressed_light.9.png,200,140,是,
apps,系统应用换肤,小爱同学,【小爱同学】context_menu_separate_item_bg_light.9.png,com.xiaomi.aiasst.service,framework-miui-res/res/drawable-xxhdpi/context_menu_separate_item_bg_light.9.png,161,124,是,
apps,系统应用换肤,小爱同学,【小爱同学】拨号键盘数字,com.xiaomi.aiasst.service,framework-miui-res/res/drawable-xxhdpi/dial_num_0.png,102,129,,
apps,系统应用换肤,小爱同学,【小爱同学】拨号键盘数字,com.xiaomi.aiasst.service,framework-miui-res/res/drawable-xxhdpi/dial_num_1.png,102,129,,
apps,系统应用换肤,小爱同学,【小爱同学】拨号键盘数字,com.xiaomi.aiasst.service,framework-miui-res/res/drawable-xxhdpi/dial_num_2.png,102,129,,
apps,系统应用换肤,小爱同学,【小爱同学】拨号键盘数字,com.xiaomi.aiasst.service,framework-miui-res/res/drawable-xxhdpi/dial_num_3.png,102,129,,
apps,系统应用换肤,小爱同学,【小爱同学】拨号键盘数字,com.xiaomi.aiasst.service,framework-miui-res/res/drawable-xxhdpi/dial_num_4.png,102,129,,
apps,系统应用换肤,小爱同学,【小爱同学】拨号键盘数字,com.xiaomi.aiasst.service,framework-miui-res/res/drawable-xxhdpi/dial_num_5.png,102,129,,
apps,系统应用换肤,小爱同学,【小爱同学】拨号键盘数字,com.xiaomi.aiasst.service,framework-miui-res/res/drawable-xxhdpi/dial_num_6.png,102,129,,
apps,系统应用换肤,小爱同学,【小爱同学】拨号键盘数字,com.xiaomi.aiasst.service,framework-miui-res/res/drawable-xxhdpi/dial_num_7.png,102,129,,
apps,系统应用换肤,小爱同学,【小爱同学】拨号键盘数字,com.xiaomi.aiasst.service,framework-miui-res/res/drawable-xxhdpi/dial_num_8.png,102,129,,
apps,系统应用换肤,小爱同学,【小爱同学】拨号键盘数字,com.xiaomi.aiasst.service,framework-miui-res/res/drawable-xxhdpi/dial_num_9.png,102,129,,
apps,系统应用换肤,小爱同学,【小爱同学】拨号键盘数字,com.xiaomi.aiasst.service,framework-miui-res/res/drawable-xxhdpi/dial_num_pound.png,102,129,,
apps,系统应用换肤,小爱同学,【小爱同学】拨号键盘数字,com.xiaomi.aiasst.service,framework-miui-res/res/drawable-xxhdpi/dial_num_star.png,102,129,,
apps,系统应用换肤,小爱同学,【小爱同学】拨号盘,com.xiaomi.aiasst.service,framework-miui-res/res/drawable-xxhdpi/dialer_background_pad.9.png,1080,973,是,
apps,系统应用换肤,小爱同学,【小爱同学】edit_text_search_clear_btn_on_light.png,com.xiaomi.aiasst.service,framework-miui-res/res/drawable-xxhdpi/edit_text_search_clear_btn_on_light.png,120,120,,
apps,系统应用换肤,小爱同学,【小爱同学】列表项背景（普通）,com.xiaomi.aiasst.service,framework-miui-res/res/drawable-xxhdpi/list_item_bg_normal_light.9.png,144,4,是,
apps,系统应用换肤,小爱同学,【小爱同学】搜索模式背景,com.xiaomi.aiasst.service,framework-miui-res/res/drawable-xxhdpi/search_mode_bg_light.9.png,141,160,是,
apps,系统应用换肤,小爱同学,【小爱同学】搜索框输入背景,com.xiaomi.aiasst.service,framework-miui-res/res/drawable-xxhdpi/search_mode_edit_text_bg_light.9.png,154,124,是,
apps,系统应用换肤,小爱同学,【小爱同学】应用窗口背景（整页）,com.xiaomi.aiasst.service,framework-miui-res/res/drawable-xxhdpi/window_bg_light.9.png,1078,2398,是,★
apps,系统应用换肤,小爱同学,【小爱同学】word_photo_bg.png,com.xiaomi.aiasst.service,framework-miui-res/res/drawable-xxhdpi/word_photo_bg.png,120,120,,
apps,系统应用换肤,小爱同学,【小爱同学】底部导航栏背景,com.xiaomi.aiasst.service,res/drawable-nxhdpi/bottom_navigation_background.9.png,1080,204,是,
apps,系统应用换肤,小爱同学,【小爱同学】拨号键盘数字,com.xiaomi.aiasst.service,res/drawable-nxhdpi/dial_num_0.png,102,129,,
apps,系统应用换肤,小爱同学,【小爱同学】拨号键盘数字,com.xiaomi.aiasst.service,res/drawable-nxhdpi/dial_num_1.png,102,129,,
apps,系统应用换肤,小爱同学,【小爱同学】拨号键盘数字,com.xiaomi.aiasst.service,res/drawable-nxhdpi/dial_num_2.png,102,129,,
apps,系统应用换肤,小爱同学,【小爱同学】拨号键盘数字,com.xiaomi.aiasst.service,res/drawable-nxhdpi/dial_num_3.png,102,129,,
apps,系统应用换肤,小爱同学,【小爱同学】拨号键盘数字,com.xiaomi.aiasst.service,res/drawable-nxhdpi/dial_num_4.png,102,129,,
apps,系统应用换肤,小爱同学,【小爱同学】拨号键盘数字,com.xiaomi.aiasst.service,res/drawable-nxhdpi/dial_num_5.png,102,129,,
apps,系统应用换肤,小爱同学,【小爱同学】拨号键盘数字,com.xiaomi.aiasst.service,res/drawable-nxhdpi/dial_num_6.png,102,129,,
apps,系统应用换肤,小爱同学,【小爱同学】拨号键盘数字,com.xiaomi.aiasst.service,res/drawable-nxhdpi/dial_num_7.png,102,129,,
apps,系统应用换肤,小爱同学,【小爱同学】拨号键盘数字,com.xiaomi.aiasst.service,res/drawable-nxhdpi/dial_num_8.png,102,129,,
apps,系统应用换肤,小爱同学,【小爱同学】拨号键盘数字,com.xiaomi.aiasst.service,res/drawable-nxhdpi/dial_num_9.png,102,129,,
apps,系统应用换肤,小爱同学,【小爱同学】拨号键盘数字,com.xiaomi.aiasst.service,res/drawable-nxhdpi/dial_num_pound.png,102,129,,
apps,系统应用换肤,小爱同学,【小爱同学】拨号键盘数字,com.xiaomi.aiasst.service,res/drawable-nxhdpi/dial_num_star.png,102,129,,
apps,系统应用换肤,小爱同学,【小爱同学】拨号盘,com.xiaomi.aiasst.service,res/drawable-nxhdpi/dialer_background_pad.9.png,1080,973,是,
apps,系统应用换肤,小爱同学,【小爱同学】拨号盘,com.xiaomi.aiasst.service,res/drawable-nxhdpi/dialer_btn_call_bg.png,178,178,,
apps,系统应用换肤,小爱同学,【小爱同学】拨号盘,com.xiaomi.aiasst.service,res/drawable-nxhdpi/dialer_btn_close_dialpad_normal.9.png,286,84,是,
apps,系统应用换肤,小爱同学,【小爱同学】拨号盘,com.xiaomi.aiasst.service,res/drawable-nxhdpi/dialer_btn_close_dialpad_pressed.9.png,286,84,是,
apps,系统应用换肤,小爱同学,【小爱同学】拨号盘,com.xiaomi.aiasst.service,res/drawable-nxhdpi/dialer_btn_menu_dialpad_normal.9.png,286,84,是,
apps,系统应用换肤,小爱同学,【小爱同学】拨号盘,com.xiaomi.aiasst.service,res/drawable-nxhdpi/dialer_btn_menu_dialpad_pressed.9.png,286,84,是,
apps,系统应用换肤,小爱同学,【小爱同学】拨号盘,com.xiaomi.aiasst.service,res/drawable-nxhdpi/dialer_digits_clear_btn_normal.png,180,119,,
apps,系统应用换肤,小爱同学,【小爱同学】拨号盘,com.xiaomi.aiasst.service,res/drawable-nxhdpi/dialer_digits_clear_btn_pressed.png,180,119,,
apps,系统应用换肤,小爱同学,【小爱同学】拨号盘,com.xiaomi.aiasst.service,res/drawable-nxhdpi/dialer_title_up_normal.png,120,136,,
apps,系统应用换肤,小爱同学,【小爱同学】拨号盘,com.xiaomi.aiasst.service,res/drawable-nxhdpi/dialer_title_up_pressed.png,120,136,,
apps,系统应用换肤,小爱同学,【小爱同学】dialerpad_background.9.png,com.xiaomi.aiasst.service,res/drawable-nxhdpi/dialerpad_background.9.png,1,235,是,
apps,系统应用换肤,小爱同学,【小爱同学】拨号盘,com.xiaomi.aiasst.service,res/drawable-nxhdpi/dual_dialer_btn_close_dialpad_normal.9.png,202,84,是,
apps,系统应用换肤,小爱同学,【小爱同学】拨号盘,com.xiaomi.aiasst.service,res/drawable-nxhdpi/dual_dialer_btn_close_dialpad_pressed.9.png,202,84,是,
apps,系统应用换肤,小爱同学,【小爱同学】拨号盘,com.xiaomi.aiasst.service,res/drawable-nxhdpi/dual_dialer_btn_menu_dialpad_normal.9.png,202,84,是,
apps,系统应用换肤,小爱同学,【小爱同学】拨号盘,com.xiaomi.aiasst.service,res/drawable-nxhdpi/dual_dialer_btn_menu_dialpad_pressed.9.png,202,84,是,
apps,系统应用换肤,小爱同学,【小爱同学】搜索模式背景,com.xiaomi.aiasst.service,res/drawable-nxhdpi/miuix_appcompat_search_mode_bg_light.9.png,141,160,是,
apps,系统应用换肤,小爱同学,【小爱同学】应用窗口背景（整页）,com.xiaomi.aiasst.service,res/drawable-nxhdpi/miuix_appcompat_window_bg_light.9.png,1078,2398,是,★
apps,系统应用换肤,小爱同学,【小爱同学】miuix_appcompat_window_search_mask.9.png,com.xiaomi.aiasst.service,res/drawable-nxhdpi/miuix_appcompat_window_search_mask.9.png,1,1,是,
apps,系统应用换肤,小爱同学,【小爱同学】tab_fab_bg.png,com.xiaomi.aiasst.service,res/drawable-nxhdpi/tab_fab_bg.png,620,1,,
apps,系统应用换肤,小爱同学,【小爱同学】应用窗口背景（整页）,com.xiaomi.aiasst.service,res/drawable-nxhdpi/window_bg_light.9.png,1078,2398,是,★
apps,系统应用换肤,小爱同学,【小爱同学】action_button_open_dialpad_normal_light.png,com.xiaomi.aiasst.service,res/drawable-xxhdpi/action_button_open_dialpad_normal_light.png,130,130,,
apps,系统应用换肤,小爱同学,【小爱同学】多选模式标题栏背景,com.xiaomi.aiasst.service,res/drawable-xxhdpi/action_mode_bg_dialog_light.9.png,153,192,是,
apps,系统应用换肤,小爱同学,【小爱同学】bh_ic_goto.png,com.xiaomi.aiasst.service,res/drawable-xxhdpi/bh_ic_goto.png,42,39,,
apps,系统应用换肤,小爱同学,【小爱同学】bh_ic_goto_set.png,com.xiaomi.aiasst.service,res/drawable-xxhdpi/bh_ic_goto_set.png,22,39,,
apps,系统应用换肤,小爱同学,【小爱同学】底部导航栏背景,com.xiaomi.aiasst.service,res/drawable-xxhdpi/bottom_navigation_background.9.png,1080,204,是,
apps,系统应用换肤,小爱同学,【小爱同学】btn_call_double_sim_fg.9.png,com.xiaomi.aiasst.service,res/drawable-xxhdpi/btn_call_double_sim_fg.9.png,620,1,是,
apps,系统应用换肤,小爱同学,【小爱同学】btn_call_sim1_normal.9.png,com.xiaomi.aiasst.service,res/drawable-xxhdpi/btn_call_sim1_normal.9.png,209,148,是,
apps,系统应用换肤,小爱同学,【小爱同学】btn_call_sim1_press.9.png,com.xiaomi.aiasst.service,res/drawable-xxhdpi/btn_call_sim1_press.9.png,209,148,是,
apps,系统应用换肤,小爱同学,【小爱同学】btn_call_sim2_normal.9.png,com.xiaomi.aiasst.service,res/drawable-xxhdpi/btn_call_sim2_normal.9.png,209,148,是,
apps,系统应用换肤,小爱同学,【小爱同学】btn_call_sim2_press.9.png,com.xiaomi.aiasst.service,res/drawable-xxhdpi/btn_call_sim2_press.9.png,209,148,是,
apps,系统应用换肤,小爱同学,【小爱同学】btn_live_call_sim1_normal.9.png,com.xiaomi.aiasst.service,res/drawable-xxhdpi/btn_live_call_sim1_normal.9.png,209,148,是,
apps,系统应用换肤,小爱同学,【小爱同学】btn_live_call_sim1_press.9.png,com.xiaomi.aiasst.service,res/drawable-xxhdpi/btn_live_call_sim1_press.9.png,209,148,是,
apps,系统应用换肤,小爱同学,【小爱同学】btn_live_call_sim2_normal.9.png,com.xiaomi.aiasst.service,res/drawable-xxhdpi/btn_live_call_sim2_normal.9.png,209,148,是,
apps,系统应用换肤,小爱同学,【小爱同学】btn_live_call_sim2_press.9.png,com.xiaomi.aiasst.service,res/drawable-xxhdpi/btn_live_call_sim2_press.9.png,209,148,是,
apps,系统应用换肤,小爱同学,【小爱同学】cloud_recommend_bar_bg.9.png,com.xiaomi.aiasst.service,res/drawable-xxhdpi/cloud_recommend_bar_bg.9.png,150,134,是,
apps,系统应用换肤,小爱同学,【小爱同学】分割线,com.xiaomi.aiasst.service,res/drawable-xxhdpi/contact_detail_action_divider.9.png,1,98,是,
apps,系统应用换肤,小爱同学,【小爱同学】联系人列表项背景,com.xiaomi.aiasst.service,res/drawable-xxhdpi/contact_detail_list_item_action_bg_single.9.png,112,2,是,
apps,系统应用换肤,小爱同学,【小爱同学】联系人列表项背景,com.xiaomi.aiasst.service,res/drawable-xxhdpi/contact_detail_list_item_first_bg_n.9.png,141,153,是,
apps,系统应用换肤,小爱同学,【小爱同学】联系人列表项背景,com.xiaomi.aiasst.service,res/drawable-xxhdpi/contact_detail_list_item_last_bg_n.9.png,141,153,是,
apps,系统应用换肤,小爱同学,【小爱同学】联系人列表项背景,com.xiaomi.aiasst.service,res/drawable-xxhdpi/contact_detail_list_item_middle_bg_n.9.png,141,153,是,
apps,系统应用换肤,小爱同学,【小爱同学】联系人列表项背景,com.xiaomi.aiasst.service,res/drawable-xxhdpi/contact_detail_list_item_single_bg_n.9.png,141,153,是,
apps,系统应用换肤,小爱同学,【小爱同学】（WebP 资源）,com.xiaomi.aiasst.service,res/drawable-xxhdpi/decorate_line.webp,0,0,,
apps,系统应用换肤,小爱同学,【小爱同学】拨号键盘数字,com.xiaomi.aiasst.service,res/drawable-xxhdpi/dial_num_0.png,102,129,,
apps,系统应用换肤,小爱同学,【小爱同学】拨号键盘数字,com.xiaomi.aiasst.service,res/drawable-xxhdpi/dial_num_1.png,102,129,,
apps,系统应用换肤,小爱同学,【小爱同学】拨号键盘数字,com.xiaomi.aiasst.service,res/drawable-xxhdpi/dial_num_2.png,102,129,,
apps,系统应用换肤,小爱同学,【小爱同学】拨号键盘数字,com.xiaomi.aiasst.service,res/drawable-xxhdpi/dial_num_3.png,102,129,,
apps,系统应用换肤,小爱同学,【小爱同学】拨号键盘数字,com.xiaomi.aiasst.service,res/drawable-xxhdpi/dial_num_4.png,102,129,,
apps,系统应用换肤,小爱同学,【小爱同学】拨号键盘数字,com.xiaomi.aiasst.service,res/drawable-xxhdpi/dial_num_5.png,102,129,,
apps,系统应用换肤,小爱同学,【小爱同学】拨号键盘数字,com.xiaomi.aiasst.service,res/drawable-xxhdpi/dial_num_6.png,102,129,,
apps,系统应用换肤,小爱同学,【小爱同学】拨号键盘数字,com.xiaomi.aiasst.service,res/drawable-xxhdpi/dial_num_7.png,102,129,,
apps,系统应用换肤,小爱同学,【小爱同学】拨号键盘数字,com.xiaomi.aiasst.service,res/drawable-xxhdpi/dial_num_8.png,102,129,,
apps,系统应用换肤,小爱同学,【小爱同学】拨号键盘数字,com.xiaomi.aiasst.service,res/drawable-xxhdpi/dial_num_9.png,102,129,,
apps,系统应用换肤,小爱同学,【小爱同学】拨号键盘数字,com.xiaomi.aiasst.service,res/drawable-xxhdpi/dial_num_pound.png,102,129,,
apps,系统应用换肤,小爱同学,【小爱同学】拨号键盘数字,com.xiaomi.aiasst.service,res/drawable-xxhdpi/dial_num_star.png,102,129,,
apps,系统应用换肤,小爱同学,【小爱同学】拨号盘,com.xiaomi.aiasst.service,res/drawable-xxhdpi/dialer_background_pad.9.png,1080,973,是,
apps,系统应用换肤,小爱同学,【小爱同学】拨号盘,com.xiaomi.aiasst.service,res/drawable-xxhdpi/dialer_btn_call_bg.png,85,85,,
apps,系统应用换肤,小爱同学,【小爱同学】拨号盘,com.xiaomi.aiasst.service,res/drawable-xxhdpi/dialer_btn_close_dialpad_normal.9.png,286,84,是,
apps,系统应用换肤,小爱同学,【小爱同学】拨号盘,com.xiaomi.aiasst.service,res/drawable-xxhdpi/dialer_btn_close_dialpad_pressed.9.png,286,84,是,
apps,系统应用换肤,小爱同学,【小爱同学】拨号盘,com.xiaomi.aiasst.service,res/drawable-xxhdpi/dialer_btn_menu_dialpad_normal.9.png,286,84,是,
apps,系统应用换肤,小爱同学,【小爱同学】拨号盘,com.xiaomi.aiasst.service,res/drawable-xxhdpi/dialer_btn_menu_dialpad_pressed.9.png,286,84,是,
apps,系统应用换肤,小爱同学,【小爱同学】拨号盘,com.xiaomi.aiasst.service,res/drawable-xxhdpi/dialer_digits_clear_btn_normal.png,180,119,,
apps,系统应用换肤,小爱同学,【小爱同学】拨号盘,com.xiaomi.aiasst.service,res/drawable-xxhdpi/dialer_digits_clear_btn_pressed.png,180,119,,
apps,系统应用换肤,小爱同学,【小爱同学】拨号盘,com.xiaomi.aiasst.service,res/drawable-xxhdpi/dialer_title_up_normal.png,120,136,,
apps,系统应用换肤,小爱同学,【小爱同学】拨号盘,com.xiaomi.aiasst.service,res/drawable-xxhdpi/dialer_title_up_pressed.png,120,136,,
apps,系统应用换肤,小爱同学,【小爱同学】dialerpad_background.9.png,com.xiaomi.aiasst.service,res/drawable-xxhdpi/dialerpad_background.9.png,1,235,是,
apps,系统应用换肤,小爱同学,【小爱同学】拨号盘,com.xiaomi.aiasst.service,res/drawable-xxhdpi/dual_dialer_btn_close_dialpad_normal.9.png,202,84,是,
apps,系统应用换肤,小爱同学,【小爱同学】拨号盘,com.xiaomi.aiasst.service,res/drawable-xxhdpi/dual_dialer_btn_close_dialpad_pressed.9.png,202,84,是,
apps,系统应用换肤,小爱同学,【小爱同学】拨号盘,com.xiaomi.aiasst.service,res/drawable-xxhdpi/dual_dialer_btn_menu_dialpad_normal.9.png,202,84,是,
apps,系统应用换肤,小爱同学,【小爱同学】拨号盘,com.xiaomi.aiasst.service,res/drawable-xxhdpi/dual_dialer_btn_menu_dialpad_pressed.9.png,202,84,是,
apps,系统应用换肤,小爱同学,【小爱同学】editor_button_bg_n.9.png,com.xiaomi.aiasst.service,res/drawable-xxhdpi/editor_button_bg_n.9.png,8,158,是,
apps,系统应用换肤,小爱同学,【小爱同学】editor_button_bg_p.9.png,com.xiaomi.aiasst.service,res/drawable-xxhdpi/editor_button_bg_p.9.png,500,100,是,
apps,系统应用换肤,小爱同学,【小爱同学】列表项背景（普通）,com.xiaomi.aiasst.service,res/drawable-xxhdpi/list_item_bg_normal_light.9.png,269,170,是,
apps,系统应用换肤,小爱同学,【小爱同学】list_view_item_group_header_bg_light.9.png,com.xiaomi.aiasst.service,res/drawable-xxhdpi/list_view_item_group_header_bg_light.9.png,144,100,是,
apps,系统应用换肤,小爱同学,【小爱同学】list_view_item_group_header_top_bg_light.9.png,com.xiaomi.aiasst.service,res/drawable-xxhdpi/list_view_item_group_header_top_bg_light.9.png,161,112,是,
apps,系统应用换肤,小爱同学,【小爱同学】miuix_appcompat_action_bar_back_light.png,com.xiaomi.aiasst.service,res/drawable-xxhdpi/miuix_appcompat_action_bar_back_light.png,101,101,,
apps,系统应用换肤,小爱同学,【小爱同学】miuix_appcompat_action_bar_bg_navigation_light.9.png,com.xiaomi.aiasst.service,res/drawable-xxhdpi/miuix_appcompat_action_bar_bg_navigation_light.9.png,153,192,是,
apps,系统应用换肤,小爱同学,【小爱同学】主操作悬浮按钮,com.xiaomi.aiasst.service,res/drawable-xxhdpi/miuix_appcompat_action_button_main_new_light.png,150,150,,
apps,系统应用换肤,小爱同学,【小爱同学】多选模式标题栏背景,com.xiaomi.aiasst.service,res/drawable-xxhdpi/miuix_appcompat_action_mode_bg_navigation_light.9.png,153,192,是,
apps,系统应用换肤,小爱同学,【小爱同学】多选模式按钮图标,com.xiaomi.aiasst.service,res/drawable-xxhdpi/miuix_appcompat_action_mode_title_button_deselect_all_disable_light.png,131,130,,
apps,系统应用换肤,小爱同学,【小爱同学】多选模式按钮图标,com.xiaomi.aiasst.service,res/drawable-xxhdpi/miuix_appcompat_action_mode_title_button_deselect_all_normal_light.png,131,130,,
apps,系统应用换肤,小爱同学,【小爱同学】多选模式按钮图标,com.xiaomi.aiasst.service,res/drawable-xxhdpi/miuix_appcompat_action_mode_title_button_select_all_disable_light.png,130,130,,
apps,系统应用换肤,小爱同学,【小爱同学】多选模式按钮图标,com.xiaomi.aiasst.service,res/drawable-xxhdpi/miuix_appcompat_action_mode_title_button_select_all_normal_light.png,130,130,,
apps,系统应用换肤,小爱同学,【小爱同学】主按钮背景,com.xiaomi.aiasst.service,res/drawable-xxhdpi/miuix_appcompat_btn_bg_primary_light.9.png,200,140,是,★
apps,系统应用换肤,小爱同学,【小爱同学】复选框（关→开动画）,com.xiaomi.aiasst.service,res/drawable-xxhdpi/miuix_appcompat_btn_checkbox_off_to_on_light.9.png,90,90,是,
apps,系统应用换肤,小爱同学,【小爱同学】复选框（开→关动画）,com.xiaomi.aiasst.service,res/drawable-xxhdpi/miuix_appcompat_btn_checkbox_on_to_off_light.9.png,90,90,是,
apps,系统应用换肤,小爱同学,【小爱同学】单选按钮（关→开）,com.xiaomi.aiasst.service,res/drawable-xxhdpi/miuix_appcompat_btn_radio_off_to_on_light.9.png,90,90,是,
apps,系统应用换肤,小爱同学,【小爱同学】单选按钮（开→关）,com.xiaomi.aiasst.service,res/drawable-xxhdpi/miuix_appcompat_btn_radio_on_to_off_dark.9.png,10,10,是,
apps,系统应用换肤,小爱同学,【小爱同学】沉浸式窗口背景,com.xiaomi.aiasst.service,res/drawable-xxhdpi/miuix_appcompat_immersion_window_bg_light.9.png,132,122,是,
apps,系统应用换肤,小爱同学,【小爱同学】miuix_appcompat_list_view_item_group_header_bg_light.9.png,com.xiaomi.aiasst.service,res/drawable-xxhdpi/miuix_appcompat_list_view_item_group_header_bg_light.9.png,144,100,是,
apps,系统应用换肤,小爱同学,【小爱同学】搜索模式背景,com.xiaomi.aiasst.service,res/drawable-xxhdpi/miuix_appcompat_search_mode_bg_light.9.png,141,160,是,
apps,系统应用换肤,小爱同学,【小爱同学】搜索模式背景,com.xiaomi.aiasst.service,res/drawable-xxhdpi/miuix_appcompat_search_mode_bg_light.png,38,141,,
apps,系统应用换肤,小爱同学,【小爱同学】搜索框输入背景,com.xiaomi.aiasst.service,res/drawable-xxhdpi/miuix_appcompat_search_mode_edit_text_bg_light.9.png,50,50,是,
apps,系统应用换肤,小爱同学,【小爱同学】搜索输入框背景,com.xiaomi.aiasst.service,res/drawable-xxhdpi/miuix_appcompat_search_mode_input_bg_light.9.png,3,5,是,
apps,系统应用换肤,小爱同学,【小爱同学】按钮背景,com.xiaomi.aiasst.service,res/drawable-xxhdpi/miuix_appcompat_sliding_btn_bg_light.png,153,10,,★
apps,系统应用换肤,小爱同学,【小爱同学】miuix_appcompat_sliding_panel_visualization_bg.png,com.xiaomi.aiasst.service,res/drawable-xxhdpi/miuix_appcompat_sliding_panel_visualization_bg.png,120,146,,
apps,系统应用换肤,小爱同学,【小爱同学】miuix_appcompat_spinner_popup_item_bg_light.9.png,com.xiaomi.aiasst.service,res/drawable-xxhdpi/miuix_appcompat_spinner_popup_item_bg_light.9.png,372,182,是,
apps,系统应用换肤,小爱同学,【小爱同学】应用窗口背景（整页）,com.xiaomi.aiasst.service,res/drawable-xxhdpi/miuix_appcompat_window_bg_light.9.png,1078,2398,是,★
apps,系统应用换肤,小爱同学,【小爱同学】miuix_appcompat_window_search_mask.9.png,com.xiaomi.aiasst.service,res/drawable-xxhdpi/miuix_appcompat_window_search_mask.9.png,1,1,是,
apps,系统应用换肤,小爱同学,【小爱同学】设置项图标背景,com.xiaomi.aiasst.service,res/drawable-xxhdpi/miuix_ic_preference_disconnected_bg.9.png,153,10,是,
apps,系统应用换肤,小爱同学,【小爱同学】设置分组标题背景,com.xiaomi.aiasst.service,res/drawable-xxhdpi/miuix_miuix_preference_category_bg_no_title_light.9.png,153,10,是,
apps,系统应用换肤,小爱同学,【小爱同学】设置分组标题背景,com.xiaomi.aiasst.service,res/drawable-xxhdpi/miuix_preference_category_bg_first_light.9.png,153,100,是,
apps,系统应用换肤,小爱同学,【小爱同学】设置分组标题背景,com.xiaomi.aiasst.service,res/drawable-xxhdpi/miuix_preference_category_bg_first_no_title_light.9.png,153,1,是,
apps,系统应用换肤,小爱同学,【小爱同学】设置分组标题背景,com.xiaomi.aiasst.service,res/drawable-xxhdpi/miuix_preference_category_bg_light.9.png,153,192,是,
apps,系统应用换肤,小爱同学,【小爱同学】设置分组标题背景,com.xiaomi.aiasst.service,res/drawable-xxhdpi/miuix_preference_category_bg_no_title_dark.9.png,1076,98,是,
apps,系统应用换肤,小爱同学,【小爱同学】设置分组标题背景,com.xiaomi.aiasst.service,res/drawable-xxhdpi/miuix_preference_category_bg_no_title_light.9.png,155,122,是,
apps,系统应用换肤,小爱同学,【小爱同学】设置列表项背景（首项）,com.xiaomi.aiasst.service,res/drawable-xxhdpi/miuix_preference_first_item_bg_light.9.png,153,10,是,
apps,系统应用换肤,小爱同学,【小爱同学】设置列表项背景（首项）,com.xiaomi.aiasst.service,res/drawable-xxhdpi/miuix_preference_first_item_bg_light_normal.9.png,153,155,是,
apps,系统应用换肤,小爱同学,【小爱同学】miuix_preference_first_item_with_icon_bg_normal.9.png,com.xiaomi.aiasst.service,res/drawable-xxhdpi/miuix_preference_first_item_with_icon_bg_normal.9.png,153,160,是,
apps,系统应用换肤,小爱同学,【小爱同学】miuix_preference_item_background_light.png,com.xiaomi.aiasst.service,res/drawable-xxhdpi/miuix_preference_item_background_light.png,372,182,,
apps,系统应用换肤,小爱同学,【小爱同学】miuix_preference_item_radio_two_state_background.9.png,com.xiaomi.aiasst.service,res/drawable-xxhdpi/miuix_preference_item_radio_two_state_background.9.png,372,182,是,
apps,系统应用换肤,小爱同学,【小爱同学】设置列表项背景（末项）,com.xiaomi.aiasst.service,res/drawable-xxhdpi/miuix_preference_last_item_bg_light.9.png,153,10,是,
apps,系统应用换肤,小爱同学,【小爱同学】设置列表项背景（末项）,com.xiaomi.aiasst.service,res/drawable-xxhdpi/miuix_preference_last_item_bg_light_normal.9.png,153,160,是,
apps,系统应用换肤,小爱同学,【小爱同学】miuix_preference_last_item_with_icon_bg_normal.9.png,com.xiaomi.aiasst.service,res/drawable-xxhdpi/miuix_preference_last_item_with_icon_bg_normal.9.png,153,160,是,
apps,系统应用换肤,小爱同学,【小爱同学】设置列表项背景（中间项）,com.xiaomi.aiasst.service,res/drawable-xxhdpi/miuix_preference_middle_item_bg_light.9.png,153,10,是,
apps,系统应用换肤,小爱同学,【小爱同学】设置列表项背景（中间项）,com.xiaomi.aiasst.service,res/drawable-xxhdpi/miuix_preference_middle_item_bg_light_normal.9.png,153,160,是,
apps,系统应用换肤,小爱同学,【小爱同学】miuix_preference_middle_item_with_icon_bg_normal.9.png,com.xiaomi.aiasst.service,res/drawable-xxhdpi/miuix_preference_middle_item_with_icon_bg_normal.9.png,153,160,是,
apps,系统应用换肤,小爱同学,【小爱同学】设置列表项背景（单项）,com.xiaomi.aiasst.service,res/drawable-xxhdpi/miuix_preference_single_item_bg_light.9.png,153,10,是,
apps,系统应用换肤,小爱同学,【小爱同学】设置列表项背景（单项）,com.xiaomi.aiasst.service,res/drawable-xxhdpi/miuix_preference_single_item_bg_light_normal.9.png,153,160,是,
apps,系统应用换肤,小爱同学,【小爱同学】miuix_preference_single_item_with_icon_bg_normal.9.png,com.xiaomi.aiasst.service,res/drawable-xxhdpi/miuix_preference_single_item_with_icon_bg_normal.9.png,153,160,是,
apps,系统应用换肤,小爱同学,【小爱同学】nodata.png,com.xiaomi.aiasst.service,res/drawable-xxhdpi/nodata.png,72,172,,
apps,系统应用换肤,小爱同学,【小爱同学】标题栏背景,com.xiaomi.aiasst.service,res/drawable-xxhdpi/passport_action_bar_bg_light.9.png,70,1,是,★
apps,系统应用换肤,小爱同学,【小爱同学】多选模式标题栏背景,com.xiaomi.aiasst.service,res/drawable-xxhdpi/passport_action_mode_bg_dialog_light.9.png,70,1,是,★
apps,系统应用换肤,小爱同学,【小爱同学】账号页控件,com.xiaomi.aiasst.service,res/drawable-xxhdpi/passport_alphabet_indexer_bg.9.png,70,1,是,★
apps,系统应用换肤,小爱同学,【小爱同学】账号页控件,com.xiaomi.aiasst.service,res/drawable-xxhdpi/passport_btn_bg_single_normal_light.9.png,136,146,是,★
apps,系统应用换肤,小爱同学,【小爱同学】账号页控件,com.xiaomi.aiasst.service,res/drawable-xxhdpi/passport_dialog_button_bar_bg.9.png,3,102,是,★
apps,系统应用换肤,小爱同学,【小爱同学】账号页控件,com.xiaomi.aiasst.service,res/drawable-xxhdpi/passport_list_item_bg_light.9.png,285,19,是,★
apps,系统应用换肤,小爱同学,【小爱同学】账号页控件,com.xiaomi.aiasst.service,res/drawable-xxhdpi/passport_list_item_last_bg_normal.9.png,285,19,是,★
apps,系统应用换肤,小爱同学,【小爱同学】账号页控件,com.xiaomi.aiasst.service,res/drawable-xxhdpi/passport_list_item_single_bg_normal_light.9.png,285,19,是,★
apps,系统应用换肤,小爱同学,【小爱同学】photo_page_action_bar_background.png,com.xiaomi.aiasst.service,res/drawable-xxhdpi/photo_page_action_bar_background.png,372,182,,
apps,系统应用换肤,小爱同学,【小爱同学】preference_category_background_no_title.9.png,com.xiaomi.aiasst.service,res/drawable-xxhdpi/preference_category_background_no_title.9.png,1076,98,是,
apps,系统应用换肤,小爱同学,【小爱同学】投屏进度条,com.xiaomi.aiasst.service,res/drawable-xxhdpi/projection_seekbar_progress.9.png,620,1,是,
apps,系统应用换肤,小爱同学,【小爱同学】扫码失败提示背景,com.xiaomi.aiasst.service,res/drawable-xxhdpi/qr_error_bg.9.png,1,1,是,
apps,系统应用换肤,小爱同学,【小爱同学】quickcontact_window_footer.png,com.xiaomi.aiasst.service,res/drawable-xxhdpi/quickcontact_window_footer.png,1,1,,
apps,系统应用换肤,小爱同学,【小爱同学】色彩预览图,com.xiaomi.aiasst.service,res/drawable-xxhdpi/screen_foreground.9.png,264,235,是,
apps,系统应用换肤,小爱同学,【小爱同学】秒表指针,com.xiaomi.aiasst.service,res/drawable-xxhdpi/stopwatch_second_hand.png,39,870,,
apps,系统应用换肤,小爱同学,【小爱同学】tab_fab_bg.png,com.xiaomi.aiasst.service,res/drawable-xxhdpi/tab_fab_bg.png,620,1,,
apps,系统应用换肤,小爱同学,【小爱同学】应用窗口背景（整页）,com.xiaomi.aiasst.service,res/drawable-xxhdpi/window_bg_light.9.png,1078,2398,是,★
apps,系统应用换肤,小爱同学,【小爱同学】window_bg_secondary_light.9.png,com.xiaomi.aiasst.service,res/drawable-xxhdpi/window_bg_secondary_light.9.png,1,1,是,
apps,系统应用换肤,小爱视觉,【小爱视觉】应用窗口背景（整页）,com.xiaomi.aiasst.vision,framework-miui-res/res/drawable-xxhdpi/miuix_appcompat_window_bg_light.9.png,1440,3200,是,★
apps,系统应用换肤,小爱视觉,【小爱视觉】应用窗口背景（整页）,com.xiaomi.aiasst.vision,framework-miui-res/res/drawable-xxhdpi/window_bg_light.9.png,1440,3200,是,★
apps,系统应用换肤,小爱视觉,【小爱视觉】多选模式标题栏背景,com.xiaomi.aiasst.vision,res/drawable-xxhdpi/action_mode_bg_dialog_light.9.png,153,192,是,
apps,系统应用换肤,小爱视觉,【小爱视觉】（WebP 资源）,com.xiaomi.aiasst.vision,res/drawable-xxhdpi/decorate_line.webp,0,0,,
apps,系统应用换肤,小爱视觉,【小爱视觉】miuix_appcompat_action_bar_bg_navigation_light.9.png,com.xiaomi.aiasst.vision,res/drawable-xxhdpi/miuix_appcompat_action_bar_bg_navigation_light.9.png,153,192,是,
apps,系统应用换肤,小爱视觉,【小爱视觉】多选模式标题栏背景,com.xiaomi.aiasst.vision,res/drawable-xxhdpi/miuix_appcompat_action_mode_bg_navigation_light.9.png,153,192,是,
apps,系统应用换肤,小爱视觉,【小爱视觉】多选模式按钮图标,com.xiaomi.aiasst.vision,res/drawable-xxhdpi/miuix_appcompat_action_mode_title_button_deselect_all_disable_light.png,131,130,,
apps,系统应用换肤,小爱视觉,【小爱视觉】多选模式按钮图标,com.xiaomi.aiasst.vision,res/drawable-xxhdpi/miuix_appcompat_action_mode_title_button_deselect_all_normal_light.png,131,130,,
apps,系统应用换肤,小爱视觉,【小爱视觉】多选模式按钮图标,com.xiaomi.aiasst.vision,res/drawable-xxhdpi/miuix_appcompat_action_mode_title_button_select_all_disable_light.png,130,130,,
apps,系统应用换肤,小爱视觉,【小爱视觉】多选模式按钮图标,com.xiaomi.aiasst.vision,res/drawable-xxhdpi/miuix_appcompat_action_mode_title_button_select_all_normal_light.png,130,130,,
apps,系统应用换肤,小爱视觉,【小爱视觉】复选框（关→开动画）,com.xiaomi.aiasst.vision,res/drawable-xxhdpi/miuix_appcompat_btn_checkbox_off_to_on_light.9.png,90,90,是,
apps,系统应用换肤,小爱视觉,【小爱视觉】复选框（开→关动画）,com.xiaomi.aiasst.vision,res/drawable-xxhdpi/miuix_appcompat_btn_checkbox_on_to_off_light.9.png,90,90,是,
apps,系统应用换肤,小爱视觉,【小爱视觉】单选按钮（关→开）,com.xiaomi.aiasst.vision,res/drawable-xxhdpi/miuix_appcompat_btn_radio_off_to_on_light.9.png,90,90,是,
apps,系统应用换肤,小爱视觉,【小爱视觉】单选按钮（开→关）,com.xiaomi.aiasst.vision,res/drawable-xxhdpi/miuix_appcompat_btn_radio_on_to_off_dark.9.png,10,10,是,
apps,系统应用换肤,小爱视觉,【小爱视觉】沉浸式窗口背景,com.xiaomi.aiasst.vision,res/drawable-xxhdpi/miuix_appcompat_immersion_window_bg_light.9.png,132,122,是,
apps,系统应用换肤,小爱视觉,【小爱视觉】搜索模式背景,com.xiaomi.aiasst.vision,res/drawable-xxhdpi/miuix_appcompat_search_mode_bg_light.9.png,50,50,是,
apps,系统应用换肤,小爱视觉,【小爱视觉】搜索模式背景,com.xiaomi.aiasst.vision,res/drawable-xxhdpi/miuix_appcompat_search_mode_bg_light.png,38,141,,
apps,系统应用换肤,小爱视觉,【小爱视觉】搜索框输入背景,com.xiaomi.aiasst.vision,res/drawable-xxhdpi/miuix_appcompat_search_mode_edit_text_bg_light.9.png,50,50,是,
apps,系统应用换肤,小爱视觉,【小爱视觉】搜索输入框背景,com.xiaomi.aiasst.vision,res/drawable-xxhdpi/miuix_appcompat_search_mode_input_bg_light.9.png,3,5,是,
apps,系统应用换肤,小爱视觉,【小爱视觉】按钮背景,com.xiaomi.aiasst.vision,res/drawable-xxhdpi/miuix_appcompat_sliding_btn_bg_light.png,153,10,,★
apps,系统应用换肤,小爱视觉,【小爱视觉】miuix_appcompat_sliding_panel_visualization_bg.png,com.xiaomi.aiasst.vision,res/drawable-xxhdpi/miuix_appcompat_sliding_panel_visualization_bg.png,120,146,,
apps,系统应用换肤,小爱视觉,【小爱视觉】miuix_appcompat_spinner_popup_item_bg_light.9.png,com.xiaomi.aiasst.vision,res/drawable-xxhdpi/miuix_appcompat_spinner_popup_item_bg_light.9.png,372,182,是,
apps,系统应用换肤,小爱视觉,【小爱视觉】应用窗口背景（整页）,com.xiaomi.aiasst.vision,res/drawable-xxhdpi/miuix_appcompat_window_bg_light.9.png,1440,3200,是,★
apps,系统应用换肤,小爱视觉,【小爱视觉】设置项图标背景,com.xiaomi.aiasst.vision,res/drawable-xxhdpi/miuix_ic_preference_disconnected_bg.9.png,153,10,是,
apps,系统应用换肤,小爱视觉,【小爱视觉】设置分组标题背景,com.xiaomi.aiasst.vision,res/drawable-xxhdpi/miuix_miuix_preference_category_bg_no_title_light.9.png,153,10,是,
apps,系统应用换肤,小爱视觉,【小爱视觉】设置分组标题背景,com.xiaomi.aiasst.vision,res/drawable-xxhdpi/miuix_preference_category_bg_first_light.9.png,153,10,是,
apps,系统应用换肤,小爱视觉,【小爱视觉】设置分组标题背景,com.xiaomi.aiasst.vision,res/drawable-xxhdpi/miuix_preference_category_bg_first_no_title_light.9.png,153,1,是,
apps,系统应用换肤,小爱视觉,【小爱视觉】设置分组标题背景,com.xiaomi.aiasst.vision,res/drawable-xxhdpi/miuix_preference_category_bg_light.9.png,153,10,是,
apps,系统应用换肤,小爱视觉,【小爱视觉】设置分组标题背景,com.xiaomi.aiasst.vision,res/drawable-xxhdpi/miuix_preference_category_bg_no_title_dark.9.png,1076,98,是,
apps,系统应用换肤,小爱视觉,【小爱视觉】设置分组标题背景,com.xiaomi.aiasst.vision,res/drawable-xxhdpi/miuix_preference_category_bg_no_title_light.9.png,1076,98,是,
apps,系统应用换肤,小爱视觉,【小爱视觉】设置列表项背景（首项）,com.xiaomi.aiasst.vision,res/drawable-xxhdpi/miuix_preference_first_item_bg_light.9.png,153,10,是,
apps,系统应用换肤,小爱视觉,【小爱视觉】设置列表项背景（首项）,com.xiaomi.aiasst.vision,res/drawable-xxhdpi/miuix_preference_first_item_bg_light_normal.9.png,153,10,是,
apps,系统应用换肤,小爱视觉,【小爱视觉】miuix_preference_first_item_with_icon_bg_normal.9.png,com.xiaomi.aiasst.vision,res/drawable-xxhdpi/miuix_preference_first_item_with_icon_bg_normal.9.png,153,10,是,
apps,系统应用换肤,小爱视觉,【小爱视觉】miuix_preference_item_background_light.png,com.xiaomi.aiasst.vision,res/drawable-xxhdpi/miuix_preference_item_background_light.png,372,182,,
apps,系统应用换肤,小爱视觉,【小爱视觉】miuix_preference_item_radio_two_state_background.9.png,com.xiaomi.aiasst.vision,res/drawable-xxhdpi/miuix_preference_item_radio_two_state_background.9.png,372,182,是,
apps,系统应用换肤,小爱视觉,【小爱视觉】设置列表项背景（末项）,com.xiaomi.aiasst.vision,res/drawable-xxhdpi/miuix_preference_last_item_bg_light.9.png,153,10,是,
apps,系统应用换肤,小爱视觉,【小爱视觉】设置列表项背景（末项）,com.xiaomi.aiasst.vision,res/drawable-xxhdpi/miuix_preference_last_item_bg_light_normal.9.png,153,10,是,
apps,系统应用换肤,小爱视觉,【小爱视觉】miuix_preference_last_item_with_icon_bg_normal.9.png,com.xiaomi.aiasst.vision,res/drawable-xxhdpi/miuix_preference_last_item_with_icon_bg_normal.9.png,153,10,是,
apps,系统应用换肤,小爱视觉,【小爱视觉】设置列表项背景（中间项）,com.xiaomi.aiasst.vision,res/drawable-xxhdpi/miuix_preference_middle_item_bg_light.9.png,153,10,是,
apps,系统应用换肤,小爱视觉,【小爱视觉】设置列表项背景（中间项）,com.xiaomi.aiasst.vision,res/drawable-xxhdpi/miuix_preference_middle_item_bg_light_normal.9.png,153,10,是,
apps,系统应用换肤,小爱视觉,【小爱视觉】miuix_preference_middle_item_with_icon_bg_normal.9.png,com.xiaomi.aiasst.vision,res/drawable-xxhdpi/miuix_preference_middle_item_with_icon_bg_normal.9.png,153,10,是,
apps,系统应用换肤,小爱视觉,【小爱视觉】设置列表项背景（单项）,com.xiaomi.aiasst.vision,res/drawable-xxhdpi/miuix_preference_single_item_bg_light.9.png,153,10,是,
apps,系统应用换肤,小爱视觉,【小爱视觉】设置列表项背景（单项）,com.xiaomi.aiasst.vision,res/drawable-xxhdpi/miuix_preference_single_item_bg_light_normal.9.png,153,10,是,
apps,系统应用换肤,小爱视觉,【小爱视觉】miuix_preference_single_item_with_icon_bg_normal.9.png,com.xiaomi.aiasst.vision,res/drawable-xxhdpi/miuix_preference_single_item_with_icon_bg_normal.9.png,153,10,是,
apps,系统应用换肤,小爱视觉,【小爱视觉】nodata.png,com.xiaomi.aiasst.vision,res/drawable-xxhdpi/nodata.png,72,172,,
apps,系统应用换肤,小爱视觉,【小爱视觉】标题栏背景,com.xiaomi.aiasst.vision,res/drawable-xxhdpi/passport_action_bar_bg_light.9.png,70,1,是,★
apps,系统应用换肤,小爱视觉,【小爱视觉】多选模式标题栏背景,com.xiaomi.aiasst.vision,res/drawable-xxhdpi/passport_action_mode_bg_dialog_light.9.png,70,1,是,★
apps,系统应用换肤,小爱视觉,【小爱视觉】账号页控件,com.xiaomi.aiasst.vision,res/drawable-xxhdpi/passport_alphabet_indexer_bg.9.png,70,1,是,★
apps,系统应用换肤,小爱视觉,【小爱视觉】账号页控件,com.xiaomi.aiasst.vision,res/drawable-xxhdpi/passport_btn_bg_single_normal_light.9.png,136,146,是,★
apps,系统应用换肤,小爱视觉,【小爱视觉】账号页控件,com.xiaomi.aiasst.vision,res/drawable-xxhdpi/passport_dialog_button_bar_bg.9.png,3,102,是,★
apps,系统应用换肤,小爱视觉,【小爱视觉】账号页控件,com.xiaomi.aiasst.vision,res/drawable-xxhdpi/passport_list_item_bg_light.9.png,285,19,是,★
apps,系统应用换肤,小爱视觉,【小爱视觉】账号页控件,com.xiaomi.aiasst.vision,res/drawable-xxhdpi/passport_list_item_last_bg_normal.9.png,285,19,是,★
apps,系统应用换肤,小爱视觉,【小爱视觉】账号页控件,com.xiaomi.aiasst.vision,res/drawable-xxhdpi/passport_list_item_single_bg_normal_light.9.png,285,19,是,★
apps,系统应用换肤,小爱视觉,【小爱视觉】photo_page_action_bar_background.png,com.xiaomi.aiasst.vision,res/drawable-xxhdpi/photo_page_action_bar_background.png,372,182,,
apps,系统应用换肤,小爱视觉,【小爱视觉】preference_category_background_no_title.9.png,com.xiaomi.aiasst.vision,res/drawable-xxhdpi/preference_category_background_no_title.9.png,1076,98,是,
apps,系统应用换肤,小爱视觉,【小爱视觉】投屏进度条,com.xiaomi.aiasst.vision,res/drawable-xxhdpi/projection_seekbar_progress.9.png,620,1,是,
apps,系统应用换肤,小爱视觉,【小爱视觉】扫码失败提示背景,com.xiaomi.aiasst.vision,res/drawable-xxhdpi/qr_error_bg.9.png,1,1,是,
apps,系统应用换肤,小爱视觉,【小爱视觉】色彩预览图,com.xiaomi.aiasst.vision,res/drawable-xxhdpi/screen_foreground.9.png,264,235,是,
apps,系统应用换肤,小爱视觉,【小爱视觉】秒表指针,com.xiaomi.aiasst.vision,res/drawable-xxhdpi/stopwatch_second_hand.png,39,870,,
apps,系统应用换肤,小爱视觉,【小爱视觉】应用窗口背景（整页）,com.xiaomi.aiasst.vision,res/drawable-xxhdpi/window_bg_light.9.png,1440,3200,是,★
apps,系统应用换肤,蓝牙,【蓝牙】标题栏背景,com.xiaomi.bluetooth,framework-miui-res/res/drawable-xxhdpi/action_bar_bg_light.9.png,1,235,是,
apps,系统应用换肤,蓝牙,【蓝牙】action_bar_embeded_tabs_bg_light.9.png,com.xiaomi.bluetooth,framework-miui-res/res/drawable-xxhdpi/action_bar_embeded_tabs_bg_light.9.png,1080,232,是,
apps,系统应用换肤,蓝牙,【蓝牙】标题栏分隔背景,com.xiaomi.bluetooth,framework-miui-res/res/drawable-xxhdpi/action_bar_split_bg_expanded_light.9.png,1080,232,是,
apps,系统应用换肤,蓝牙,【蓝牙】标题栏分隔背景,com.xiaomi.bluetooth,framework-miui-res/res/drawable-xxhdpi/action_bar_split_bg_light.9.png,1080,232,是,
apps,系统应用换肤,蓝牙,【蓝牙】action_bar_stack_bg_light.9.png,com.xiaomi.bluetooth,framework-miui-res/res/drawable-xxhdpi/action_bar_stack_bg_light.9.png,1080,232,是,
apps,系统应用换肤,蓝牙,【蓝牙】搜索输入框背景,com.xiaomi.bluetooth,framework-miui-res/res/drawable-xxhdpi/search_mode_input_bg_light.9.png,0,0,是,
apps,系统应用换肤,蓝牙 · 深色 miui,【蓝牙】action_bar_bg_dark.9.png,com.xiaomi.bluetooth,nightmode/framework-miui-res/res/drawable-xxhdpi/action_bar_bg_dark.9.png,1,235,是,
apps,系统应用换肤,蓝牙 · 深色 miui,【蓝牙】action_bar_embeded_tabs_bg_dark.9.png,com.xiaomi.bluetooth,nightmode/framework-miui-res/res/drawable-xxhdpi/action_bar_embeded_tabs_bg_dark.9.png,1080,232,是,
apps,系统应用换肤,蓝牙 · 深色 miui,【蓝牙】标题栏分隔背景,com.xiaomi.bluetooth,nightmode/framework-miui-res/res/drawable-xxhdpi/action_bar_split_bg_dark.9.png,1080,232,是,
apps,系统应用换肤,蓝牙 · 深色 miui,【蓝牙】标题栏分隔背景,com.xiaomi.bluetooth,nightmode/framework-miui-res/res/drawable-xxhdpi/action_bar_split_bg_expanded_dark.9.png,1080,232,是,
apps,系统应用换肤,蓝牙 · 深色 miui,【蓝牙】action_bar_stack_bg_dark.9.png,com.xiaomi.bluetooth,nightmode/framework-miui-res/res/drawable-xxhdpi/action_bar_stack_bg_dark.9.png,1080,232,是,
apps,系统应用换肤,蓝牙 · 深色 miui,【蓝牙】search_mode_input_bg_dark.9.png,com.xiaomi.bluetooth,nightmode/framework-miui-res/res/drawable-xxhdpi/search_mode_input_bg_dark.9.png,0,0,是,
apps,系统应用换肤,蓝牙 · 深色 xxhdpi,【蓝牙】action_bar_bg_dark.9.png,com.xiaomi.bluetooth,nightmode/res/drawable-xxhdpi/action_bar_bg_dark.9.png,90,90,是,
apps,系统应用换肤,蓝牙 · 深色 xxhdpi,【蓝牙】action_down_bg_dark.9.png,com.xiaomi.bluetooth,nightmode/res/drawable-xxhdpi/action_down_bg_dark.9.png,90,90,是,
apps,系统应用换肤,蓝牙 · 深色 xxhdpi,【蓝牙】alert_dailog_postive_button_color.png,com.xiaomi.bluetooth,nightmode/res/drawable-xxhdpi/alert_dailog_postive_button_color.png,1,1,,
apps,系统应用换肤,蓝牙 · 深色 xxhdpi,【蓝牙】dialog_bg_dark.9.png,com.xiaomi.bluetooth,nightmode/res/drawable-xxhdpi/dialog_bg_dark.9.png,1018,1273,是,
apps,系统应用换肤,蓝牙 · 深色 xxhdpi,【蓝牙】列表右箭头,com.xiaomi.bluetooth,nightmode/res/drawable-xxhdpi/miuix_appcompat_arrow_right.png,65,65,,
apps,系统应用换肤,蓝牙 · 深色 xxhdpi,【蓝牙】miuix_appcompat_btn_bg_dialog_dark.9.png,com.xiaomi.bluetooth,nightmode/res/drawable-xxhdpi/miuix_appcompat_btn_bg_dialog_dark.9.png,1,1,是,
apps,系统应用换肤,蓝牙 · 深色 xxhdpi,【蓝牙】miuix_appcompat_btn_bg_warn_dark.png,com.xiaomi.bluetooth,nightmode/res/drawable-xxhdpi/miuix_appcompat_btn_bg_warn_dark.png,1,1,,
apps,系统应用换肤,蓝牙 · 深色 xxhdpi,【蓝牙】miuix_appcompat_context_menu_separate_item_bg_dark.9.png,com.xiaomi.bluetooth,nightmode/res/drawable-xxhdpi/miuix_appcompat_context_menu_separate_item_bg_dark.9.png,161,124,是,
apps,系统应用换肤,蓝牙 · 深色 xxhdpi,【蓝牙】miuix_appcompat_dialog_round_bg_dark.9.png,com.xiaomi.bluetooth,nightmode/res/drawable-xxhdpi/miuix_appcompat_dialog_round_bg_dark.9.png,1018,1273,是,
apps,系统应用换肤,蓝牙 · 深色 xxhdpi,【蓝牙】miuix_appcompat_list_item_bg_dialog_dark.png,com.xiaomi.bluetooth,nightmode/res/drawable-xxhdpi/miuix_appcompat_list_item_bg_dialog_dark.png,1,1,,
apps,系统应用换肤,蓝牙 · 深色 xxhdpi,【蓝牙】miuix_appcompat_search_mode_bg_dark.9.png,com.xiaomi.bluetooth,nightmode/res/drawable-xxhdpi/miuix_appcompat_search_mode_bg_dark.9.png,141,160,是,
apps,系统应用换肤,蓝牙 · 深色 xxhdpi,【蓝牙】miuix_appcompat_search_mode_edit_text_bg_dark.9.png,com.xiaomi.bluetooth,nightmode/res/drawable-xxhdpi/miuix_appcompat_search_mode_edit_text_bg_dark.9.png,1,1,是,
apps,系统应用换肤,蓝牙 · 深色 xxhdpi,【蓝牙】miuix_appcompat_spinner_popup_item_bg_dark.png,com.xiaomi.bluetooth,nightmode/res/drawable-xxhdpi/miuix_appcompat_spinner_popup_item_bg_dark.png,1,1,,
apps,系统应用换肤,蓝牙 · 深色 xxhdpi,【蓝牙】miuix_appcompat_window_search_mask.9.png,com.xiaomi.bluetooth,nightmode/res/drawable-xxhdpi/miuix_appcompat_window_search_mask.9.png,1,1,是,
apps,系统应用换肤,蓝牙 · 深色 xxhdpi,【蓝牙】设置项图标背景,com.xiaomi.bluetooth,nightmode/res/drawable-xxhdpi/miuix_ic_preference_disconnected_bg.9.png,1,1,是,
apps,系统应用换肤,蓝牙 · 深色 xxhdpi,【蓝牙】列表右箭头,com.xiaomi.bluetooth,nightmode/res/drawable-xxhdpi/miuix_preference_arrow_right.png,65,65,,
apps,系统应用换肤,蓝牙 · 深色 xxhdpi,【蓝牙】miuix_preference_category_background.png,com.xiaomi.bluetooth,nightmode/res/drawable-xxhdpi/miuix_preference_category_background.png,1,1,,
apps,系统应用换肤,蓝牙 · 深色 xxhdpi,【蓝牙】设置分组标题背景,com.xiaomi.bluetooth,nightmode/res/drawable-xxhdpi/miuix_preference_category_bg_dark.9.png,153,192,是,
apps,系统应用换肤,蓝牙 · 深色 xxhdpi,【蓝牙】设置分组标题背景,com.xiaomi.bluetooth,nightmode/res/drawable-xxhdpi/miuix_preference_category_bg_first_dark.9.png,153,100,是,
apps,系统应用换肤,蓝牙 · 深色 xxhdpi,【蓝牙】设置分组标题背景,com.xiaomi.bluetooth,nightmode/res/drawable-xxhdpi/miuix_preference_category_bg_first_no_title_dark.9.png,153,1,是,
apps,系统应用换肤,蓝牙 · 深色 xxhdpi,【蓝牙】设置分组标题背景,com.xiaomi.bluetooth,nightmode/res/drawable-xxhdpi/miuix_preference_category_bg_no_title_dark.9.png,153,1,是,
apps,系统应用换肤,蓝牙 · 深色 xxhdpi,【蓝牙】设置列表项背景（首项）,com.xiaomi.bluetooth,nightmode/res/drawable-xxhdpi/miuix_preference_first_item_bg_dark_normal.9.png,1,1,是,
apps,系统应用换肤,蓝牙 · 深色 xxhdpi,【蓝牙】miuix_preference_first_item_radio_two_state_bg.9.png,com.xiaomi.bluetooth,nightmode/res/drawable-xxhdpi/miuix_preference_first_item_radio_two_state_bg.9.png,1,1,是,
apps,系统应用换肤,蓝牙 · 深色 xxhdpi,【蓝牙】miuix_preference_first_item_with_icon_bg_normal.9.png,com.xiaomi.bluetooth,nightmode/res/drawable-xxhdpi/miuix_preference_first_item_with_icon_bg_normal.9.png,153,160,是,
apps,系统应用换肤,蓝牙 · 深色 xxhdpi,【蓝牙】设置列表项背景（末项）,com.xiaomi.bluetooth,nightmode/res/drawable-xxhdpi/miuix_preference_last_item_bg_dark_normal.9.png,1,1,是,
apps,系统应用换肤,蓝牙 · 深色 xxhdpi,【蓝牙】miuix_preference_last_item_radio_two_state_bg.9.png,com.xiaomi.bluetooth,nightmode/res/drawable-xxhdpi/miuix_preference_last_item_radio_two_state_bg.9.png,1,1,是,
apps,系统应用换肤,蓝牙 · 深色 xxhdpi,【蓝牙】miuix_preference_last_item_with_icon_bg_normal.9.png,com.xiaomi.bluetooth,nightmode/res/drawable-xxhdpi/miuix_preference_last_item_with_icon_bg_normal.9.png,153,160,是,
apps,系统应用换肤,蓝牙 · 深色 xxhdpi,【蓝牙】设置列表项背景（中间项）,com.xiaomi.bluetooth,nightmode/res/drawable-xxhdpi/miuix_preference_middle_item_bg_dark_normal.9.png,1,1,是,
apps,系统应用换肤,蓝牙 · 深色 xxhdpi,【蓝牙】miuix_preference_middle_item_radio_two_state_bg.9.png,com.xiaomi.bluetooth,nightmode/res/drawable-xxhdpi/miuix_preference_middle_item_radio_two_state_bg.9.png,1,1,是,
apps,系统应用换肤,蓝牙 · 深色 xxhdpi,【蓝牙】miuix_preference_middle_item_with_icon_bg_normal.9.png,com.xiaomi.bluetooth,nightmode/res/drawable-xxhdpi/miuix_preference_middle_item_with_icon_bg_normal.9.png,153,160,是,
apps,系统应用换肤,蓝牙 · 深色 xxhdpi,【蓝牙】设置列表项背景（单项）,com.xiaomi.bluetooth,nightmode/res/drawable-xxhdpi/miuix_preference_single_item_bg_dark_normal.9.png,1,1,是,
apps,系统应用换肤,蓝牙 · 深色 xxhdpi,【蓝牙】miuix_preference_single_item_radio_two_state_bg.9.png,com.xiaomi.bluetooth,nightmode/res/drawable-xxhdpi/miuix_preference_single_item_radio_two_state_bg.9.png,1,1,是,
apps,系统应用换肤,蓝牙 · 深色 xxhdpi,【蓝牙】miuix_preference_single_item_with_icon_bg_normal.9.png,com.xiaomi.bluetooth,nightmode/res/drawable-xxhdpi/miuix_preference_single_item_with_icon_bg_normal.9.png,153,160,是,
apps,系统应用换肤,蓝牙 · 深色 xxhdpi,【蓝牙】设置列表项背景（普通）,com.xiaomi.bluetooth,nightmode/res/drawable-xxhdpi/preference_item_bg_dark.9.png,153,1,是,
apps,系统应用换肤,蓝牙 · 深色 xxhdpi,【蓝牙】search_mode_input_bg_dark.9.png,com.xiaomi.bluetooth,nightmode/res/drawable-xxhdpi/search_mode_input_bg_dark.9.png,0,0,是,
apps,系统应用换肤,蓝牙 · 深色 xxhdpi,【蓝牙】shape_background_with_top_line.9.png,com.xiaomi.bluetooth,nightmode/res/drawable-xxhdpi/shape_background_with_top_line.9.png,1,1,是,
apps,系统应用换肤,蓝牙 · 深色 xxhdpi,【蓝牙】spinner_background.png,com.xiaomi.bluetooth,nightmode/res/drawable-xxhdpi/spinner_background.png,1,1,,
apps,系统应用换肤,蓝牙 · drawable,【蓝牙】ic_back.png,com.xiaomi.bluetooth,nightmode/res/drawable/ic_back.png,180,85,,
apps,系统应用换肤,蓝牙,【蓝牙】标题栏背景,com.xiaomi.bluetooth,res/drawable-xxhdpi/action_bar_bg_light.9.png,90,90,是,
apps,系统应用换肤,蓝牙,【蓝牙】按下反馈背景,com.xiaomi.bluetooth,res/drawable-xxhdpi/action_down_bg_light.9.png,90,90,是,
apps,系统应用换肤,蓝牙,【蓝牙】alert_dailog_postive_button_color.png,com.xiaomi.bluetooth,res/drawable-xxhdpi/alert_dailog_postive_button_color.png,1,1,,
apps,系统应用换肤,蓝牙,【蓝牙】miuix_appcompat_btn_bg_dialog_light.9.png,com.xiaomi.bluetooth,res/drawable-xxhdpi/miuix_appcompat_btn_bg_dialog_light.9.png,1,1,是,
apps,系统应用换肤,蓝牙,【蓝牙】miuix_appcompat_btn_bg_warn_light.png,com.xiaomi.bluetooth,res/drawable-xxhdpi/miuix_appcompat_btn_bg_warn_light.png,1,1,,
apps,系统应用换肤,蓝牙,【蓝牙】miuix_appcompat_context_menu_separate_item_bg_light.9.png,com.xiaomi.bluetooth,res/drawable-xxhdpi/miuix_appcompat_context_menu_separate_item_bg_light.9.png,161,124,是,
apps,系统应用换肤,蓝牙,【蓝牙】圆角对话框背景,com.xiaomi.bluetooth,res/drawable-xxhdpi/miuix_appcompat_dialog_round_bg_light.9.png,1018,1273,是,
apps,系统应用换肤,蓝牙,【蓝牙】miuix_appcompat_list_item_bg_dialog_light.png,com.xiaomi.bluetooth,res/drawable-xxhdpi/miuix_appcompat_list_item_bg_dialog_light.png,1,1,,
apps,系统应用换肤,蓝牙,【蓝牙】搜索模式背景,com.xiaomi.bluetooth,res/drawable-xxhdpi/miuix_appcompat_search_mode_bg_light.9.png,141,160,是,
apps,系统应用换肤,蓝牙,【蓝牙】搜索框输入背景,com.xiaomi.bluetooth,res/drawable-xxhdpi/miuix_appcompat_search_mode_edit_text_bg_light.9.png,1,1,是,
apps,系统应用换肤,蓝牙,【蓝牙】miuix_appcompat_spinner_popup_item_bg_light.png,com.xiaomi.bluetooth,res/drawable-xxhdpi/miuix_appcompat_spinner_popup_item_bg_light.png,1,1,,
apps,系统应用换肤,蓝牙,【蓝牙】miuix_appcompat_window_search_mask.9.png,com.xiaomi.bluetooth,res/drawable-xxhdpi/miuix_appcompat_window_search_mask.9.png,1,1,是,
apps,系统应用换肤,蓝牙,【蓝牙】设置项图标背景,com.xiaomi.bluetooth,res/drawable-xxhdpi/miuix_ic_preference_disconnected_bg.9.png,1,1,是,
apps,系统应用换肤,蓝牙,【蓝牙】miuix_preference_category_background.png,com.xiaomi.bluetooth,res/drawable-xxhdpi/miuix_preference_category_background.png,1,1,,
apps,系统应用换肤,蓝牙,【蓝牙】设置分组标题背景,com.xiaomi.bluetooth,res/drawable-xxhdpi/miuix_preference_category_bg_first_light.9.png,153,100,是,
apps,系统应用换肤,蓝牙,【蓝牙】设置分组标题背景,com.xiaomi.bluetooth,res/drawable-xxhdpi/miuix_preference_category_bg_first_no_title_light.9.png,153,1,是,
apps,系统应用换肤,蓝牙,【蓝牙】设置分组标题背景,com.xiaomi.bluetooth,res/drawable-xxhdpi/miuix_preference_category_bg_light.9.png,153,192,是,
apps,系统应用换肤,蓝牙,【蓝牙】设置分组标题背景,com.xiaomi.bluetooth,res/drawable-xxhdpi/miuix_preference_category_bg_no_title_light.9.png,153,1,是,
apps,系统应用换肤,蓝牙,【蓝牙】设置列表项背景（首项）,com.xiaomi.bluetooth,res/drawable-xxhdpi/miuix_preference_first_item_bg_light_normal.9.png,1,1,是,
apps,系统应用换肤,蓝牙,【蓝牙】miuix_preference_first_item_radio_two_state_bg.9.png,com.xiaomi.bluetooth,res/drawable-xxhdpi/miuix_preference_first_item_radio_two_state_bg.9.png,1,1,是,
apps,系统应用换肤,蓝牙,【蓝牙】miuix_preference_first_item_with_icon_bg_normal.9.png,com.xiaomi.bluetooth,res/drawable-xxhdpi/miuix_preference_first_item_with_icon_bg_normal.9.png,153,160,是,
apps,系统应用换肤,蓝牙,【蓝牙】设置列表项背景（末项）,com.xiaomi.bluetooth,res/drawable-xxhdpi/miuix_preference_last_item_bg_light_normal.9.png,1,1,是,
apps,系统应用换肤,蓝牙,【蓝牙】miuix_preference_last_item_radio_two_state_bg.9.png,com.xiaomi.bluetooth,res/drawable-xxhdpi/miuix_preference_last_item_radio_two_state_bg.9.png,1,1,是,
apps,系统应用换肤,蓝牙,【蓝牙】miuix_preference_last_item_with_icon_bg_normal.9.png,com.xiaomi.bluetooth,res/drawable-xxhdpi/miuix_preference_last_item_with_icon_bg_normal.9.png,153,160,是,
apps,系统应用换肤,蓝牙,【蓝牙】设置列表项背景（中间项）,com.xiaomi.bluetooth,res/drawable-xxhdpi/miuix_preference_middle_item_bg_light_normal.9.png,1,1,是,
apps,系统应用换肤,蓝牙,【蓝牙】miuix_preference_middle_item_radio_two_state_bg.9.png,com.xiaomi.bluetooth,res/drawable-xxhdpi/miuix_preference_middle_item_radio_two_state_bg.9.png,1,1,是,
apps,系统应用换肤,蓝牙,【蓝牙】miuix_preference_middle_item_with_icon_bg_normal.9.png,com.xiaomi.bluetooth,res/drawable-xxhdpi/miuix_preference_middle_item_with_icon_bg_normal.9.png,153,160,是,
apps,系统应用换肤,蓝牙,【蓝牙】设置列表项背景（单项）,com.xiaomi.bluetooth,res/drawable-xxhdpi/miuix_preference_single_item_bg_light_normal.9.png,1,1,是,
apps,系统应用换肤,蓝牙,【蓝牙】miuix_preference_single_item_radio_two_state_bg.9.png,com.xiaomi.bluetooth,res/drawable-xxhdpi/miuix_preference_single_item_radio_two_state_bg.9.png,1,1,是,
apps,系统应用换肤,蓝牙,【蓝牙】miuix_preference_single_item_with_icon_bg_normal.9.png,com.xiaomi.bluetooth,res/drawable-xxhdpi/miuix_preference_single_item_with_icon_bg_normal.9.png,153,160,是,
apps,系统应用换肤,蓝牙,【蓝牙】设置列表项背景（普通）,com.xiaomi.bluetooth,res/drawable-xxhdpi/preference_item_bg_light.9.png,153,1,是,
apps,系统应用换肤,蓝牙,【蓝牙】搜索输入框背景,com.xiaomi.bluetooth,res/drawable-xxhdpi/search_mode_input_bg_light.9.png,0,0,是,
apps,系统应用换肤,蓝牙,【蓝牙】shape_background_with_top_line.9.png,com.xiaomi.bluetooth,res/drawable-xxhdpi/shape_background_with_top_line.9.png,1,1,是,
apps,系统应用换肤,蓝牙,【蓝牙】spinner_background.png,com.xiaomi.bluetooth,res/drawable-xxhdpi/spinner_background.png,1,1,,
apps,系统应用换肤,蓝牙,【蓝牙】ic_back.png,com.xiaomi.bluetooth,res/drawable/ic_back.png,180,85,,
apps,系统应用换肤,应用商店,【应用商店】应用窗口背景（整页）,com.xiaomi.market,framework-miui-res/res/drawable-xxhdpi/window_bg_light.9.png,1078,2398,是,★
apps,系统应用换肤,应用商店,【应用商店】应用窗口背景（整页）,com.xiaomi.market,res/drawable-xxhdpi/miuix_appcompat_window_bg_light.9.png,1078,2398,是,★
apps,系统应用换肤,应用商店,【应用商店】应用窗口背景（整页）,com.xiaomi.market,res/drawable-xxhdpi/window_bg_light.9.png,1078,2398,是,★
apps,系统应用换肤,小米设置,【小米设置】应用窗口背景（整页）,com.xiaomi.misettings,framework-miui-res/res/drawable-xxhdpi/miuix_appcompat_window_bg_light.9.png,1078,2398,是,★
apps,系统应用换肤,小米设置,【小米设置】设置分组标题背景,com.xiaomi.misettings,framework-miui-res/res/drawable-xxhdpi/miuix_preference_category_bg_no_title_light.9.png,1078,100,是,
apps,系统应用换肤,小米设置,【小米设置】（WebP 资源）,com.xiaomi.misettings,res/drawable-xxhdpi/anim_bg_dusk.webp,1080,3000,,
apps,系统应用换肤,小米设置,【小米设置】（WebP 资源）,com.xiaomi.misettings,res/drawable-xxhdpi/anim_bg_morning.webp,1080,3000,,
apps,系统应用换肤,小米设置,【小米设置】（WebP 资源）,com.xiaomi.misettings,res/drawable-xxhdpi/anim_bg_night.webp,1080,3000,,
apps,系统应用换肤,小米设置,【小米设置】（WebP 资源）,com.xiaomi.misettings,res/drawable-xxhdpi/anti_flicker_off.webp,1372,2853,,
apps,系统应用换肤,小米设置,【小米设置】（WebP 资源）,com.xiaomi.misettings,res/drawable-xxhdpi/anti_flicker_on.webp,1372,2853,,
apps,系统应用换肤,小米设置,【小米设置】（WebP 资源）,com.xiaomi.misettings,res/drawable-xxhdpi/bg_focus_settings.webp,1,1,,
apps,系统应用换肤,小米设置,【小米设置】contact_background.9.png,com.xiaomi.misettings,res/drawable-xxhdpi/contact_background.9.png,17,32,是,
apps,系统应用换肤,小米设置,【小米设置】ic_dialog_alert.png,com.xiaomi.misettings,res/drawable-xxhdpi/ic_dialog_alert.png,227,227,,
apps,系统应用换肤,小米设置,【小米设置】沉浸式窗口背景,com.xiaomi.misettings,res/drawable-xxhdpi/miuix_appcompat_immersion_window_bg_light.9.png,120,146,是,
apps,系统应用换肤,小米设置,【小米设置】miuix_appcompat_sliding_panel_visualization_bg.png,com.xiaomi.misettings,res/drawable-xxhdpi/miuix_appcompat_sliding_panel_visualization_bg.png,120,146,,
apps,系统应用换肤,小米设置,【小米设置】应用窗口背景（整页）,com.xiaomi.misettings,res/drawable-xxhdpi/miuix_appcompat_window_bg_light.9.png,1078,2398,是,★
apps,系统应用换肤,小米设置,【小米设置】设置分组标题背景,com.xiaomi.misettings,res/drawable-xxhdpi/miuix_preference_category_bg_first_light.9.png,1041,275,是,
apps,系统应用换肤,小米设置,【小米设置】设置分组标题背景,com.xiaomi.misettings,res/drawable-xxhdpi/miuix_preference_category_bg_light.9.png,153,192,是,
apps,系统应用换肤,小米设置,【小米设置】设置分组标题背景,com.xiaomi.misettings,res/drawable-xxhdpi/miuix_preference_category_bg_no_title_light.9.png,155,122,是,
apps,系统应用换肤,小米设置,【小米设置】设置列表项背景（首项）,com.xiaomi.misettings,res/drawable-xxhdpi/miuix_preference_first_item_bg_light_normal.9.png,372,182,是,
apps,系统应用换肤,小米设置,【小米设置】miuix_preference_item_radio_two_state_background.9.png,com.xiaomi.misettings,res/drawable-xxhdpi/miuix_preference_item_radio_two_state_background.9.png,372,182,是,
apps,系统应用换肤,小米设置,【小米设置】设置列表项背景（末项）,com.xiaomi.misettings,res/drawable-xxhdpi/miuix_preference_last_item_bg_light_normal.9.png,372,182,是,
apps,系统应用换肤,小米设置,【小米设置】miuix_preference_last_item_with_icon_bg_normal.9.png,com.xiaomi.misettings,res/drawable-xxhdpi/miuix_preference_last_item_with_icon_bg_normal.9.png,153,160,是,
apps,系统应用换肤,小米设置,【小米设置】设置列表项背景（中间项）,com.xiaomi.misettings,res/drawable-xxhdpi/miuix_preference_middle_item_bg_light_normal.9.png,372,182,是,
apps,系统应用换肤,小米设置,【小米设置】miuix_preference_middle_item_with_icon_bg_normal.9.png,com.xiaomi.misettings,res/drawable-xxhdpi/miuix_preference_middle_item_with_icon_bg_normal.9.png,153,160,是,
apps,系统应用换肤,小米设置,【小米设置】设置列表项背景（单项）,com.xiaomi.misettings,res/drawable-xxhdpi/miuix_preference_single_item_bg_light_normal.9.png,372,182,是,
apps,系统应用换肤,小米设置,【小米设置】miuix_preference_single_item_with_icon_bg_normal.9.png,com.xiaomi.misettings,res/drawable-xxhdpi/miuix_preference_single_item_with_icon_bg_normal.9.png,153,160,是,
apps,系统应用换肤,小米设置,【小米设置】photo_page_action_bar_background.png,com.xiaomi.misettings,res/drawable-xxhdpi/photo_page_action_bar_background.png,372,182,,
apps,系统应用换肤,小米设置,【小米设置】（WebP 资源）,com.xiaomi.misettings,res/drawable-xxhdpi/pic_contact.webp,1080,2340,,
apps,系统应用换肤,小米设置,【小米设置】（WebP 资源）,com.xiaomi.misettings,res/drawable-xxhdpi/pic_presence.webp,1080,2340,,
apps,系统应用换肤,小米设置,【小米设置】投屏进度条,com.xiaomi.misettings,res/drawable-xxhdpi/projection_seekbar_progress.9.png,620,1,是,
apps,系统应用换肤,小米设置,【小米设置】扫码失败提示背景,com.xiaomi.misettings,res/drawable-xxhdpi/qr_error_bg.9.png,1,1,是,
apps,系统应用换肤,小米设置,【小米设置】v8_ic_folder_bg.9.png,com.xiaomi.misettings,res/drawable-xxhdpi/v8_ic_folder_bg.9.png,1,1,是,
apps,系统应用换肤,小米设置,【小米设置】v8_ic_folder_bg_middle_normal.9.png,com.xiaomi.misettings,res/drawable-xxhdpi/v8_ic_folder_bg_middle_normal.9.png,1,1,是,
apps,系统应用换肤,小米设置,【小米设置】v8_ic_folder_bg_middle_pressed.9.png,com.xiaomi.misettings,res/drawable-xxhdpi/v8_ic_folder_bg_middle_pressed.9.png,1,1,是,
apps,系统应用换肤,小米设置,【小米设置】分割线,com.xiaomi.misettings,res/drawable-xxhdpi/v8_ic_list_divider.9.png,5,5,是,
apps,系统应用换肤,小米设置,【小米设置】v8_ic_list_item_n.9.png,com.xiaomi.misettings,res/drawable-xxhdpi/v8_ic_list_item_n.9.png,88,4,是,
apps,系统应用换肤,小米设置,【小米设置】v8_ic_list_item_p.9.png,com.xiaomi.misettings,res/drawable-xxhdpi/v8_ic_list_item_p.9.png,88,4,是,
apps,系统应用换肤,小米设置,【小米设置】v8_ic_list_last_n.9.png,com.xiaomi.misettings,res/drawable-xxhdpi/v8_ic_list_last_n.9.png,88,4,是,
apps,系统应用换肤,小米设置,【小米设置】v8_ic_list_last_p.9.png,com.xiaomi.misettings,res/drawable-xxhdpi/v8_ic_list_last_p.9.png,88,4,是,
apps,系统应用换肤,小米设置,【小米设置】v8_ic_list_section_item_n.9.png,com.xiaomi.misettings,res/drawable-xxhdpi/v8_ic_list_section_item_n.9.png,88,4,是,
apps,系统应用换肤,小米设置,【小米设置】v8_ic_list_section_item_p.9.png,com.xiaomi.misettings,res/drawable-xxhdpi/v8_ic_list_section_item_p.9.png,88,4,是,
apps,系统应用换肤,小米设置,【小米设置】v8_ic_list_tail_item_n.9.png,com.xiaomi.misettings,res/drawable-xxhdpi/v8_ic_list_tail_item_n.9.png,88,4,是,
apps,系统应用换肤,小米设置,【小米设置】v8_ic_list_tail_item_p.9.png,com.xiaomi.misettings,res/drawable-xxhdpi/v8_ic_list_tail_item_p.9.png,88,4,是,
apps,系统应用换肤,扫一扫,【扫一扫】miuix_appcompat_window_bg_dark.png,com.xiaomi.scanner,res/drawable-xxhdpi/miuix_appcompat_window_bg_dark.png,1440,3200,,
apps,系统应用换肤,扫一扫,【扫一扫】应用窗口背景（整页）,com.xiaomi.scanner,res/drawable-xxhdpi/miuix_appcompat_window_bg_light.9.png,1440,3200,是,★
apps,系统应用换肤,扫一扫,【扫一扫】应用窗口背景（整页）,com.xiaomi.scanner,res/miuix_appcompat_window_bg_light.9.png,1440,3200,是,★
framework,全局系统控件,系统框架 · 深色 xhdpi,ab_bottom_transparent_dark_holo.9.png,framework-res,nightmode/res/drawable-xhdpi/ab_bottom_transparent_dark_holo.9.png,48,48,是,
framework,全局系统控件,系统框架 · 深色 xhdpi,ab_transparent_dark_holo.9.png,framework-res,nightmode/res/drawable-xhdpi/ab_transparent_dark_holo.9.png,48,48,是,
framework,全局系统控件,系统框架 · 深色 xhdpi,ab_transparent_light_holo.9.png,framework-res,nightmode/res/drawable-xhdpi/ab_transparent_light_holo.9.png,48,48,是,
framework,全局系统控件,系统框架 · 深色 xhdpi,bottom_bar.png,framework-res,nightmode/res/drawable-xhdpi/bottom_bar.png,640,109,,
framework,全局系统控件,系统框架 · 深色 xhdpi,btn_cab_done_focused_holo_dark.9.png,framework-res,nightmode/res/drawable-xhdpi/btn_cab_done_focused_holo_dark.9.png,1,54,是,
framework,全局系统控件,系统框架 · 深色 xhdpi,btn_cab_done_focused_holo_light.9.png,framework-res,nightmode/res/drawable-xhdpi/btn_cab_done_focused_holo_light.9.png,1,54,是,
framework,全局系统控件,系统框架 · 深色 xhdpi,btn_cab_done_pressed_holo_dark.9.png,framework-res,nightmode/res/drawable-xhdpi/btn_cab_done_pressed_holo_dark.9.png,1,54,是,
framework,全局系统控件,系统框架 · 深色 xhdpi,btn_cab_done_pressed_holo_light.9.png,framework-res,nightmode/res/drawable-xhdpi/btn_cab_done_pressed_holo_light.9.png,1,54,是,
framework,全局系统控件,系统框架 · 深色 xhdpi,btn_check_on_disabled_focused_holo_dark.png,framework-res,nightmode/res/drawable-xhdpi/btn_check_on_disabled_focused_holo_dark.png,67,60,,
framework,全局系统控件,系统框架 · 深色 xhdpi,btn_check_on_disabled_focused_holo_light.png,framework-res,nightmode/res/drawable-xhdpi/btn_check_on_disabled_focused_holo_light.png,67,60,,
framework,全局系统控件,系统框架 · 深色 xhdpi,btn_check_on_disabled_holo_dark.png,framework-res,nightmode/res/drawable-xhdpi/btn_check_on_disabled_holo_dark.png,67,60,,
framework,全局系统控件,系统框架 · 深色 xhdpi,btn_check_on_disabled_holo_light.png,framework-res,nightmode/res/drawable-xhdpi/btn_check_on_disabled_holo_light.png,67,60,,
framework,全局系统控件,系统框架 · 深色 xhdpi,btn_check_on_focused_holo_dark.png,framework-res,nightmode/res/drawable-xhdpi/btn_check_on_focused_holo_dark.png,67,60,,
framework,全局系统控件,系统框架 · 深色 xhdpi,btn_check_on_focused_holo_light.png,framework-res,nightmode/res/drawable-xhdpi/btn_check_on_focused_holo_light.png,67,60,,
framework,全局系统控件,系统框架 · 深色 xhdpi,btn_check_on_holo_dark.png,framework-res,nightmode/res/drawable-xhdpi/btn_check_on_holo_dark.png,67,60,,
framework,全局系统控件,系统框架 · 深色 xhdpi,btn_check_on_holo_light.png,framework-res,nightmode/res/drawable-xhdpi/btn_check_on_holo_light.png,67,60,,
framework,全局系统控件,系统框架 · 深色 xhdpi,btn_check_on_pressed_holo_dark.png,framework-res,nightmode/res/drawable-xhdpi/btn_check_on_pressed_holo_dark.png,67,60,,
framework,全局系统控件,系统框架 · 深色 xhdpi,btn_check_on_pressed_holo_light.png,framework-res,nightmode/res/drawable-xhdpi/btn_check_on_pressed_holo_light.png,67,60,,
framework,全局系统控件,系统框架 · 深色 xhdpi,btn_default_disabled_focused_holo_dark.9.png,framework-res,nightmode/res/drawable-xhdpi/btn_default_disabled_focused_holo_dark.9.png,52,64,是,
framework,全局系统控件,系统框架 · 深色 xhdpi,btn_default_disabled_focused_holo_light.9.png,framework-res,nightmode/res/drawable-xhdpi/btn_default_disabled_focused_holo_light.9.png,69,94,是,
framework,全局系统控件,系统框架 · 深色 xhdpi,btn_default_disabled_holo_dark.9.png,framework-res,nightmode/res/drawable-xhdpi/btn_default_disabled_holo_dark.9.png,52,64,是,
framework,全局系统控件,系统框架 · 深色 xhdpi,btn_default_disabled_holo_light.9.png,framework-res,nightmode/res/drawable-xhdpi/btn_default_disabled_holo_light.9.png,69,94,是,
framework,全局系统控件,系统框架 · 深色 xhdpi,btn_default_focused_holo_dark.9.png,framework-res,nightmode/res/drawable-xhdpi/btn_default_focused_holo_dark.9.png,52,64,是,
framework,全局系统控件,系统框架 · 深色 xhdpi,btn_default_focused_holo_light.9.png,framework-res,nightmode/res/drawable-xhdpi/btn_default_focused_holo_light.9.png,69,94,是,
framework,全局系统控件,系统框架 · 深色 xhdpi,btn_default_normal.9.png,framework-res,nightmode/res/drawable-xhdpi/btn_default_normal.9.png,48,96,是,
framework,全局系统控件,系统框架 · 深色 xhdpi,btn_default_normal_disable.9.png,framework-res,nightmode/res/drawable-xhdpi/btn_default_normal_disable.9.png,48,96,是,
framework,全局系统控件,系统框架 · 深色 xhdpi,btn_default_normal_disable_focused.9.png,framework-res,nightmode/res/drawable-xhdpi/btn_default_normal_disable_focused.9.png,48,96,是,
framework,全局系统控件,系统框架 · 深色 xhdpi,btn_default_normal_holo_dark.9.png,framework-res,nightmode/res/drawable-xhdpi/btn_default_normal_holo_dark.9.png,52,64,是,
framework,全局系统控件,系统框架 · 深色 xhdpi,btn_default_normal_holo_light.9.png,framework-res,nightmode/res/drawable-xhdpi/btn_default_normal_holo_light.9.png,69,94,是,
framework,全局系统控件,系统框架 · 深色 xhdpi,btn_default_pressed.9.png,framework-res,nightmode/res/drawable-xhdpi/btn_default_pressed.9.png,48,96,是,
framework,全局系统控件,系统框架 · 深色 xhdpi,btn_default_pressed_holo_dark.9.png,framework-res,nightmode/res/drawable-xhdpi/btn_default_pressed_holo_dark.9.png,52,64,是,
framework,全局系统控件,系统框架 · 深色 xhdpi,btn_default_pressed_holo_light.9.png,framework-res,nightmode/res/drawable-xhdpi/btn_default_pressed_holo_light.9.png,69,94,是,
framework,全局系统控件,系统框架 · 深色 xhdpi,btn_default_selected.9.png,framework-res,nightmode/res/drawable-xhdpi/btn_default_selected.9.png,48,96,是,
framework,全局系统控件,系统框架 · 深色 xhdpi,btn_default_small_normal.9.png,framework-res,nightmode/res/drawable-xhdpi/btn_default_small_normal.9.png,40,72,是,
framework,全局系统控件,系统框架 · 深色 xhdpi,btn_default_small_normal_disable.9.png,framework-res,nightmode/res/drawable-xhdpi/btn_default_small_normal_disable.9.png,40,72,是,
framework,全局系统控件,系统框架 · 深色 xhdpi,btn_default_small_normal_disable_focused.9.png,framework-res,nightmode/res/drawable-xhdpi/btn_default_small_normal_disable_focused.9.png,40,72,是,
framework,全局系统控件,系统框架 · 深色 xhdpi,btn_default_small_pressed.9.png,framework-res,nightmode/res/drawable-xhdpi/btn_default_small_pressed.9.png,40,72,是,
framework,全局系统控件,系统框架 · 深色 xhdpi,btn_default_small_selected.9.png,framework-res,nightmode/res/drawable-xhdpi/btn_default_small_selected.9.png,40,72,是,
framework,全局系统控件,系统框架 · 深色 xhdpi,btn_default_transparent_normal.9.png,framework-res,nightmode/res/drawable-xhdpi/btn_default_transparent_normal.9.png,48,96,是,
framework,全局系统控件,系统框架 · 深色 xhdpi,btn_radio_on_disabled_focused_holo_dark.png,framework-res,nightmode/res/drawable-xhdpi/btn_radio_on_disabled_focused_holo_dark.png,67,60,,
framework,全局系统控件,系统框架 · 深色 xhdpi,btn_radio_on_disabled_focused_holo_light.png,framework-res,nightmode/res/drawable-xhdpi/btn_radio_on_disabled_focused_holo_light.png,67,60,,
framework,全局系统控件,系统框架 · 深色 xhdpi,btn_radio_on_disabled_holo_dark.png,framework-res,nightmode/res/drawable-xhdpi/btn_radio_on_disabled_holo_dark.png,67,60,,
framework,全局系统控件,系统框架 · 深色 xhdpi,btn_radio_on_disabled_holo_light.png,framework-res,nightmode/res/drawable-xhdpi/btn_radio_on_disabled_holo_light.png,67,60,,
framework,全局系统控件,系统框架 · 深色 xhdpi,btn_radio_on_focused_holo_dark.png,framework-res,nightmode/res/drawable-xhdpi/btn_radio_on_focused_holo_dark.png,67,60,,
framework,全局系统控件,系统框架 · 深色 xhdpi,btn_radio_on_focused_holo_light.png,framework-res,nightmode/res/drawable-xhdpi/btn_radio_on_focused_holo_light.png,67,60,,
framework,全局系统控件,系统框架 · 深色 xhdpi,btn_radio_on_holo_dark.png,framework-res,nightmode/res/drawable-xhdpi/btn_radio_on_holo_dark.png,67,60,,
framework,全局系统控件,系统框架 · 深色 xhdpi,btn_radio_on_holo_light.png,framework-res,nightmode/res/drawable-xhdpi/btn_radio_on_holo_light.png,67,60,,
framework,全局系统控件,系统框架 · 深色 xhdpi,btn_radio_on_pressed_holo_dark.png,framework-res,nightmode/res/drawable-xhdpi/btn_radio_on_pressed_holo_dark.png,67,60,,
framework,全局系统控件,系统框架 · 深色 xhdpi,btn_radio_on_pressed_holo_light.png,framework-res,nightmode/res/drawable-xhdpi/btn_radio_on_pressed_holo_light.png,67,60,,
framework,全局系统控件,系统框架 · 深色 xhdpi,cab_background_bottom_holo_dark.9.png,framework-res,nightmode/res/drawable-xhdpi/cab_background_bottom_holo_dark.9.png,48,48,是,
framework,全局系统控件,系统框架 · 深色 xhdpi,cab_background_bottom_holo_light.9.png,framework-res,nightmode/res/drawable-xhdpi/cab_background_bottom_holo_light.9.png,48,48,是,
framework,全局系统控件,系统框架 · 深色 xhdpi,cab_background_top_holo_dark.9.png,framework-res,nightmode/res/drawable-xhdpi/cab_background_top_holo_dark.9.png,48,48,是,
framework,全局系统控件,系统框架 · 深色 xhdpi,cab_background_top_holo_light.9.png,framework-res,nightmode/res/drawable-xhdpi/cab_background_top_holo_light.9.png,48,48,是,
framework,全局系统控件,系统框架 · 深色 xhdpi,contact_header_bg.9.png,framework-res,nightmode/res/drawable-xhdpi/contact_header_bg.9.png,23,131,是,
framework,全局系统控件,系统框架 · 深色 xhdpi,桌面壁纸,framework-res,nightmode/res/drawable-xhdpi/default_wallpaper.jpg,1440,1280,,
framework,全局系统控件,系统框架 · 深色 xhdpi,dialog_bottom_holo_dark.9.png,framework-res,nightmode/res/drawable-xhdpi/dialog_bottom_holo_dark.9.png,190,54,是,
framework,全局系统控件,系统框架 · 深色 xhdpi,dialog_bottom_holo_light.9.png,framework-res,nightmode/res/drawable-xhdpi/dialog_bottom_holo_light.9.png,190,54,是,
framework,全局系统控件,系统框架 · 深色 xhdpi,dialog_button_bottom_holo_dark.9.png,framework-res,nightmode/res/drawable-xhdpi/dialog_button_bottom_holo_dark.9.png,190,54,是,
framework,全局系统控件,系统框架 · 深色 xhdpi,dialog_button_bottom_holo_light.9.png,framework-res,nightmode/res/drawable-xhdpi/dialog_button_bottom_holo_light.9.png,190,54,是,
framework,全局系统控件,系统框架 · 深色 xhdpi,分割线,framework-res,nightmode/res/drawable-xhdpi/dialog_divider_horizontal_holo_dark.9.png,11,5,是,
framework,全局系统控件,系统框架 · 深色 xhdpi,分割线,framework-res,nightmode/res/drawable-xhdpi/dialog_divider_horizontal_holo_light.9.png,11,5,是,
framework,全局系统控件,系统框架 · 深色 xhdpi,分割线,framework-res,nightmode/res/drawable-xhdpi/dialog_divider_horizontal_light.9.png,517,3,是,
framework,全局系统控件,系统框架 · 深色 xhdpi,dialog_full_holo_dark.9.png,framework-res,nightmode/res/drawable-xhdpi/dialog_full_holo_dark.9.png,190,88,是,
framework,全局系统控件,系统框架 · 深色 xhdpi,dialog_full_holo_light.9.png,framework-res,nightmode/res/drawable-xhdpi/dialog_full_holo_light.9.png,190,88,是,
framework,全局系统控件,系统框架 · 深色 xhdpi,dialog_middle_holo.9.png,framework-res,nightmode/res/drawable-xhdpi/dialog_middle_holo.9.png,190,1,是,
framework,全局系统控件,系统框架 · 深色 xhdpi,dialog_middle_holo_dark.9.png,framework-res,nightmode/res/drawable-xhdpi/dialog_middle_holo_dark.9.png,190,1,是,
framework,全局系统控件,系统框架 · 深色 xhdpi,dialog_middle_holo_light.9.png,framework-res,nightmode/res/drawable-xhdpi/dialog_middle_holo_light.9.png,190,1,是,
framework,全局系统控件,系统框架 · 深色 xhdpi,dialog_top_holo_dark.9.png,framework-res,nightmode/res/drawable-xhdpi/dialog_top_holo_dark.9.png,190,54,是,
framework,全局系统控件,系统框架 · 深色 xhdpi,dialog_top_holo_light.9.png,framework-res,nightmode/res/drawable-xhdpi/dialog_top_holo_light.9.png,190,54,是,
framework,全局系统控件,系统框架 · 深色 xhdpi,分割线,framework-res,nightmode/res/drawable-xhdpi/divider_horizontal_bright.9.png,1,1,是,
framework,全局系统控件,系统框架 · 深色 xhdpi,分割线,framework-res,nightmode/res/drawable-xhdpi/divider_horizontal_bright_opaque.9.png,1,1,是,
framework,全局系统控件,系统框架 · 深色 xhdpi,分割线,framework-res,nightmode/res/drawable-xhdpi/divider_horizontal_dark.9.png,1,1,是,
framework,全局系统控件,系统框架 · 深色 xhdpi,分割线,framework-res,nightmode/res/drawable-xhdpi/divider_horizontal_dim_dark.9.png,1,1,是,
framework,全局系统控件,系统框架 · 深色 xhdpi,分割线,framework-res,nightmode/res/drawable-xhdpi/divider_horizontal_holo_dark.9.png,10,8,是,
framework,全局系统控件,系统框架 · 深色 xhdpi,分割线,framework-res,nightmode/res/drawable-xhdpi/divider_horizontal_holo_light.9.png,6,8,是,
framework,全局系统控件,系统框架 · 深色 xhdpi,分割线,framework-res,nightmode/res/drawable-xhdpi/divider_vertical_bright.9.png,1,1,是,
framework,全局系统控件,系统框架 · 深色 xhdpi,分割线,framework-res,nightmode/res/drawable-xhdpi/divider_vertical_bright_opaque.9.png,1,1,是,
framework,全局系统控件,系统框架 · 深色 xhdpi,分割线,framework-res,nightmode/res/drawable-xhdpi/divider_vertical_dark.9.png,1,1,是,
framework,全局系统控件,系统框架 · 深色 xhdpi,edit_query_background_normal.9.png,framework-res,nightmode/res/drawable-xhdpi/edit_query_background_normal.9.png,101,101,是,
framework,全局系统控件,系统框架 · 深色 xhdpi,fastscroll_thumb_default_holo.png,framework-res,nightmode/res/drawable-xhdpi/fastscroll_thumb_default_holo.png,27,74,,
framework,全局系统控件,系统框架 · 深色 xhdpi,fastscroll_thumb_pressed_holo.png,framework-res,nightmode/res/drawable-xhdpi/fastscroll_thumb_pressed_holo.png,28,76,,
framework,全局系统控件,系统框架 · 深色 xhdpi,highlight_pressed.9.png,framework-res,nightmode/res/drawable-xhdpi/highlight_pressed.9.png,12,12,是,
framework,全局系统控件,系统框架 · 深色 xhdpi,ic_ab_back_holo_light.png,framework-res,nightmode/res/drawable-xhdpi/ic_ab_back_holo_light.png,100,100,,
framework,全局系统控件,系统框架 · 深色 xhdpi,ic_btn_search.png,framework-res,nightmode/res/drawable-xhdpi/ic_btn_search.png,64,64,,
framework,全局系统控件,系统框架 · 深色 xhdpi,ic_cab_done_holo_light.png,framework-res,nightmode/res/drawable-xhdpi/ic_cab_done_holo_light.png,100,100,,
framework,全局系统控件,系统框架 · 深色 xhdpi,ic_dialog_alert_holo_dark.png,framework-res,nightmode/res/drawable-xhdpi/ic_dialog_alert_holo_dark.png,64,64,,
framework,全局系统控件,系统框架 · 深色 xhdpi,ic_dialog_alert_holo_light.png,framework-res,nightmode/res/drawable-xhdpi/ic_dialog_alert_holo_light.png,64,64,,
framework,全局系统控件,系统框架 · 深色 xhdpi,light_header.9.png,framework-res,nightmode/res/drawable-xhdpi/light_header.9.png,1,49,是,
framework,全局系统控件,系统框架 · 深色 xhdpi,list_activated_holo.9.png,framework-res,nightmode/res/drawable-xhdpi/list_activated_holo.9.png,12,12,是,
framework,全局系统控件,系统框架 · 深色 xhdpi,分割线,framework-res,nightmode/res/drawable-xhdpi/list_dashed_divider.9.png,700,1,是,
framework,全局系统控件,系统框架 · 深色 xhdpi,分割线,framework-res,nightmode/res/drawable-xhdpi/list_divider_holo_dark.9.png,2,1,是,
framework,全局系统控件,系统框架 · 深色 xhdpi,分割线,framework-res,nightmode/res/drawable-xhdpi/list_divider_holo_light.9.png,2,1,是,
framework,全局系统控件,系统框架 · 深色 xhdpi,list_focused_holo.9.png,framework-res,nightmode/res/drawable-xhdpi/list_focused_holo.9.png,12,12,是,
framework,全局系统控件,系统框架 · 深色 xhdpi,list_longpressed_holo.9.png,framework-res,nightmode/res/drawable-xhdpi/list_longpressed_holo.9.png,12,12,是,
framework,全局系统控件,系统框架 · 深色 xhdpi,list_pressed_holo_dark.9.png,framework-res,nightmode/res/drawable-xhdpi/list_pressed_holo_dark.9.png,12,12,是,
framework,全局系统控件,系统框架 · 深色 xhdpi,list_pressed_holo_light.9.png,framework-res,nightmode/res/drawable-xhdpi/list_pressed_holo_light.9.png,12,12,是,
framework,全局系统控件,系统框架 · 深色 xhdpi,分割线,framework-res,nightmode/res/drawable-xhdpi/list_section_divider_holo_light.9.png,240,50,是,
framework,全局系统控件,系统框架 · 深色 xhdpi,list_section_header_holo_light.9.png,framework-res,nightmode/res/drawable-xhdpi/list_section_header_holo_light.9.png,20,72,是,
framework,全局系统控件,系统框架 · 深色 xhdpi,list_selected_holo_dark.9.png,framework-res,nightmode/res/drawable-xhdpi/list_selected_holo_dark.9.png,12,12,是,
framework,全局系统控件,系统框架 · 深色 xhdpi,list_selected_holo_light.9.png,framework-res,nightmode/res/drawable-xhdpi/list_selected_holo_light.9.png,12,12,是,
framework,全局系统控件,系统框架 · 深色 xhdpi,list_selector_background_default.9.png,framework-res,nightmode/res/drawable-xhdpi/list_selector_background_default.9.png,96,96,是,
framework,全局系统控件,系统框架 · 深色 xhdpi,list_selector_background_default_light.9.png,framework-res,nightmode/res/drawable-xhdpi/list_selector_background_default_light.9.png,96,96,是,
framework,全局系统控件,系统框架 · 深色 xhdpi,list_selector_background_pressed.9.png,framework-res,nightmode/res/drawable-xhdpi/list_selector_background_pressed.9.png,15,21,是,
framework,全局系统控件,系统框架 · 深色 xhdpi,list_selector_background_pressed_light.9.png,framework-res,nightmode/res/drawable-xhdpi/list_selector_background_pressed_light.9.png,96,96,是,
framework,全局系统控件,系统框架 · 深色 xhdpi,menu_background.9.png,framework-res,nightmode/res/drawable-xhdpi/menu_background.9.png,53,25,是,
framework,全局系统控件,系统框架 · 深色 xhdpi,menu_background_fill_parent_width.9.png,framework-res,nightmode/res/drawable-xhdpi/menu_background_fill_parent_width.9.png,41,40,是,
framework,全局系统控件,系统框架 · 深色 xhdpi,menu_dropdown_panel_holo_light.9.png,framework-res,nightmode/res/drawable-xhdpi/menu_dropdown_panel_holo_light.9.png,52,24,是,
framework,全局系统控件,系统框架 · 深色 xhdpi,menu_hardkey_panel_holo_light.9.png,framework-res,nightmode/res/drawable-xhdpi/menu_hardkey_panel_holo_light.9.png,62,80,是,
framework,全局系统控件,系统框架 · 深色 xhdpi,分割线,framework-res,nightmode/res/drawable-xhdpi/numberpicker_selection_divider.9.png,4,4,是,
framework,全局系统控件,系统框架 · 深色 xhdpi,overscroll_edge.png,framework-res,nightmode/res/drawable-xhdpi/overscroll_edge.png,1044,24,,
framework,全局系统控件,系统框架 · 深色 xhdpi,overscroll_glow.png,framework-res,nightmode/res/drawable-xhdpi/overscroll_glow.png,1044,270,,
framework,全局系统控件,系统框架 · 深色 xhdpi,panel_background.9.png,framework-res,nightmode/res/drawable-xhdpi/panel_background.9.png,190,88,是,
framework,全局系统控件,系统框架 · 深色 xhdpi,picture_frame.9.png,framework-res,nightmode/res/drawable-xhdpi/picture_frame.9.png,56,52,是,
framework,全局系统控件,系统框架 · 深色 xhdpi,popup_bottom_bright.9.png,framework-res,nightmode/res/drawable-xhdpi/popup_bottom_bright.9.png,101,76,是,
framework,全局系统控件,系统框架 · 深色 xhdpi,popup_bottom_dark.9.png,framework-res,nightmode/res/drawable-xhdpi/popup_bottom_dark.9.png,101,76,是,
framework,全局系统控件,系统框架 · 深色 xhdpi,popup_bottom_medium.9.png,framework-res,nightmode/res/drawable-xhdpi/popup_bottom_medium.9.png,101,76,是,
framework,全局系统控件,系统框架 · 深色 xhdpi,popup_center_bright.9.png,framework-res,nightmode/res/drawable-xhdpi/popup_center_bright.9.png,101,9,是,
framework,全局系统控件,系统框架 · 深色 xhdpi,popup_center_dark.9.png,framework-res,nightmode/res/drawable-xhdpi/popup_center_dark.9.png,101,9,是,
framework,全局系统控件,系统框架 · 深色 xhdpi,popup_center_medium.9.png,framework-res,nightmode/res/drawable-xhdpi/popup_center_medium.9.png,101,9,是,
framework,全局系统控件,系统框架 · 深色 xhdpi,popup_full_bright.9.png,framework-res,nightmode/res/drawable-xhdpi/popup_full_bright.9.png,101,101,是,
framework,全局系统控件,系统框架 · 深色 xhdpi,popup_full_dark.9.png,framework-res,nightmode/res/drawable-xhdpi/popup_full_dark.9.png,101,101,是,
framework,全局系统控件,系统框架 · 深色 xhdpi,popup_top_bright.9.png,framework-res,nightmode/res/drawable-xhdpi/popup_top_bright.9.png,101,76,是,
framework,全局系统控件,系统框架 · 深色 xhdpi,popup_top_dark.9.png,framework-res,nightmode/res/drawable-xhdpi/popup_top_dark.9.png,101,76,是,
framework,全局系统控件,系统框架 · 深色 xhdpi,progress_bg_holo_dark.9.png,framework-res,nightmode/res/drawable-xhdpi/progress_bg_holo_dark.9.png,8,32,是,
framework,全局系统控件,系统框架 · 深色 xhdpi,progress_bg_holo_light.9.png,framework-res,nightmode/res/drawable-xhdpi/progress_bg_holo_light.9.png,8,32,是,
framework,全局系统控件,系统框架 · 深色 xhdpi,progress_primary_holo_dark.9.png,framework-res,nightmode/res/drawable-xhdpi/progress_primary_holo_dark.9.png,15,32,是,
framework,全局系统控件,系统框架 · 深色 xhdpi,progress_primary_holo_light.9.png,framework-res,nightmode/res/drawable-xhdpi/progress_primary_holo_light.9.png,15,32,是,
framework,全局系统控件,系统框架 · 深色 xhdpi,progress_secondary_holo_dark.9.png,framework-res,nightmode/res/drawable-xhdpi/progress_secondary_holo_dark.9.png,8,32,是,
framework,全局系统控件,系统框架 · 深色 xhdpi,progress_secondary_holo_light.9.png,framework-res,nightmode/res/drawable-xhdpi/progress_secondary_holo_light.9.png,8,32,是,
framework,全局系统控件,系统框架 · 深色 xhdpi,进度条,framework-res,nightmode/res/drawable-xhdpi/progressbar_indeterminate_holo1.png,1212,18,,
framework,全局系统控件,系统框架 · 深色 xhdpi,进度条,framework-res,nightmode/res/drawable-xhdpi/progressbar_indeterminate_holo2.png,1212,18,,
framework,全局系统控件,系统框架 · 深色 xhdpi,进度条,framework-res,nightmode/res/drawable-xhdpi/progressbar_indeterminate_holo3.png,1212,18,,
framework,全局系统控件,系统框架 · 深色 xhdpi,进度条,framework-res,nightmode/res/drawable-xhdpi/progressbar_indeterminate_holo4.png,1212,18,,
framework,全局系统控件,系统框架 · 深色 xhdpi,进度条,framework-res,nightmode/res/drawable-xhdpi/progressbar_indeterminate_holo5.png,1212,18,,
framework,全局系统控件,系统框架 · 深色 xhdpi,进度条,framework-res,nightmode/res/drawable-xhdpi/progressbar_indeterminate_holo6.png,1212,18,,
framework,全局系统控件,系统框架 · 深色 xhdpi,进度条,framework-res,nightmode/res/drawable-xhdpi/progressbar_indeterminate_holo7.png,1212,18,,
framework,全局系统控件,系统框架 · 深色 xhdpi,进度条,framework-res,nightmode/res/drawable-xhdpi/progressbar_indeterminate_holo8.png,1212,18,,
framework,全局系统控件,系统框架 · 深色 xhdpi,quickcontact_badge_overlay_pressed_light.9.png,framework-res,nightmode/res/drawable-xhdpi/quickcontact_badge_overlay_pressed_light.9.png,48,48,是,
framework,全局系统控件,系统框架 · 深色 xhdpi,search_plate_global.9.png,framework-res,nightmode/res/drawable-xhdpi/search_plate_global.9.png,40,108,是,
framework,全局系统控件,系统框架 · 深色 xhdpi,spinner_16_inner_holo.png,framework-res,nightmode/res/drawable-xhdpi/spinner_16_inner_holo.png,32,32,,
framework,全局系统控件,系统框架 · 深色 xhdpi,spinner_16_outer_holo.png,framework-res,nightmode/res/drawable-xhdpi/spinner_16_outer_holo.png,32,32,,
framework,全局系统控件,系统框架 · 深色 xhdpi,spinner_20_inner_holo.png,framework-res,nightmode/res/drawable-xhdpi/spinner_20_inner_holo.png,40,40,,
framework,全局系统控件,系统框架 · 深色 xhdpi,spinner_20_outer_holo.png,framework-res,nightmode/res/drawable-xhdpi/spinner_20_outer_holo.png,40,40,,
framework,全局系统控件,系统框架 · 深色 xhdpi,spinner_48_inner_holo.png,framework-res,nightmode/res/drawable-xhdpi/spinner_48_inner_holo.png,96,96,,
framework,全局系统控件,系统框架 · 深色 xhdpi,spinner_48_outer_holo.png,framework-res,nightmode/res/drawable-xhdpi/spinner_48_outer_holo.png,96,96,,
framework,全局系统控件,系统框架 · 深色 xhdpi,spinner_76_inner_holo.png,framework-res,nightmode/res/drawable-xhdpi/spinner_76_inner_holo.png,152,152,,
framework,全局系统控件,系统框架 · 深色 xhdpi,spinner_76_outer_holo.png,framework-res,nightmode/res/drawable-xhdpi/spinner_76_outer_holo.png,152,152,,
framework,全局系统控件,系统框架 · 深色 xhdpi,spinner_ab_pressed_holo_dark.9.png,framework-res,nightmode/res/drawable-xhdpi/spinner_ab_pressed_holo_dark.9.png,33,48,是,
framework,全局系统控件,系统框架 · 深色 xhdpi,spinner_ab_pressed_holo_light.9.png,framework-res,nightmode/res/drawable-xhdpi/spinner_ab_pressed_holo_light.9.png,33,48,是,
framework,全局系统控件,系统框架 · 深色 xhdpi,spinner_black_16.png,framework-res,nightmode/res/drawable-xhdpi/spinner_black_16.png,32,32,,
framework,全局系统控件,系统框架 · 深色 xhdpi,spinner_black_20.png,framework-res,nightmode/res/drawable-xhdpi/spinner_black_20.png,40,40,,
framework,全局系统控件,系统框架 · 深色 xhdpi,spinner_black_48.png,framework-res,nightmode/res/drawable-xhdpi/spinner_black_48.png,96,96,,
framework,全局系统控件,系统框架 · 深色 xhdpi,spinner_black_76.png,framework-res,nightmode/res/drawable-xhdpi/spinner_black_76.png,144,144,,
framework,全局系统控件,系统框架 · 深色 xhdpi,spinner_pressed_holo_light.9.png,framework-res,nightmode/res/drawable-xhdpi/spinner_pressed_holo_light.9.png,33,48,是,
framework,全局系统控件,系统框架 · 深色 xhdpi,spinner_white_16.png,framework-res,nightmode/res/drawable-xhdpi/spinner_white_16.png,32,32,,
framework,全局系统控件,系统框架 · 深色 xhdpi,spinner_white_48.png,framework-res,nightmode/res/drawable-xhdpi/spinner_white_48.png,96,96,,
framework,全局系统控件,系统框架 · 深色 xhdpi,spinner_white_76.png,framework-res,nightmode/res/drawable-xhdpi/spinner_white_76.png,144,144,,
framework,全局系统控件,系统框架 · 深色 xhdpi,stat_notify_missed_call.png,framework-res,nightmode/res/drawable-xhdpi/stat_notify_missed_call.png,36,36,,
framework,全局系统控件,系统框架 · 深色 xhdpi,stat_notify_sdcard.png,framework-res,nightmode/res/drawable-xhdpi/stat_notify_sdcard.png,50,50,,
framework,全局系统控件,系统框架 · 深色 xhdpi,stat_notify_sdcard_prepare.png,framework-res,nightmode/res/drawable-xhdpi/stat_notify_sdcard_prepare.png,50,50,,
framework,全局系统控件,系统框架 · 深色 xhdpi,【状态栏】系统图标,framework-res,nightmode/res/drawable-xhdpi/stat_sys_adb.png,36,36,,
framework,全局系统控件,系统框架 · 深色 xhdpi,【状态栏】系统图标,framework-res,nightmode/res/drawable-xhdpi/stat_sys_data_usb.png,36,36,,
framework,全局系统控件,系统框架 · 深色 xhdpi,【状态栏】系统图标,framework-res,nightmode/res/drawable-xhdpi/stat_sys_download_anim0.png,36,36,,
framework,全局系统控件,系统框架 · 深色 xhdpi,【状态栏】系统图标,framework-res,nightmode/res/drawable-xhdpi/stat_sys_download_anim1.png,36,36,,
framework,全局系统控件,系统框架 · 深色 xhdpi,【状态栏】系统图标,framework-res,nightmode/res/drawable-xhdpi/stat_sys_download_anim2.png,36,36,,
framework,全局系统控件,系统框架 · 深色 xhdpi,【状态栏】系统图标,framework-res,nightmode/res/drawable-xhdpi/stat_sys_download_anim3.png,36,36,,
framework,全局系统控件,系统框架 · 深色 xhdpi,【状态栏】系统图标,framework-res,nightmode/res/drawable-xhdpi/stat_sys_download_anim4.png,36,36,,
framework,全局系统控件,系统框架 · 深色 xhdpi,【状态栏】系统图标,framework-res,nightmode/res/drawable-xhdpi/stat_sys_download_anim5.png,36,36,,
framework,全局系统控件,系统框架 · 深色 xhdpi,【状态栏】系统图标,framework-res,nightmode/res/drawable-xhdpi/stat_sys_warning.png,48,48,,
framework,全局系统控件,系统框架 · 深色 xhdpi,switch_thumb_activated_holo_dark.9.png,framework-res,nightmode/res/drawable-xhdpi/switch_thumb_activated_holo_dark.9.png,78,42,是,
framework,全局系统控件,系统框架 · 深色 xhdpi,switch_thumb_activated_holo_light.9.png,framework-res,nightmode/res/drawable-xhdpi/switch_thumb_activated_holo_light.9.png,78,42,是,
framework,全局系统控件,系统框架 · 深色 xhdpi,switch_thumb_pressed_holo_dark.9.png,framework-res,nightmode/res/drawable-xhdpi/switch_thumb_pressed_holo_dark.9.png,78,42,是,
framework,全局系统控件,系统框架 · 深色 xhdpi,switch_thumb_pressed_holo_light.9.png,framework-res,nightmode/res/drawable-xhdpi/switch_thumb_pressed_holo_light.9.png,78,42,是,
framework,全局系统控件,系统框架 · 深色 xhdpi,tab_focus_bar_left.9.png,framework-res,nightmode/res/drawable-xhdpi/tab_focus_bar_left.9.png,2,6,是,
framework,全局系统控件,系统框架 · 深色 xhdpi,tab_focus_bar_right.9.png,framework-res,nightmode/res/drawable-xhdpi/tab_focus_bar_right.9.png,2,6,是,
framework,全局系统控件,系统框架 · 深色 xhdpi,tab_press_bar_left.9.png,framework-res,nightmode/res/drawable-xhdpi/tab_press_bar_left.9.png,2,6,是,
framework,全局系统控件,系统框架 · 深色 xhdpi,tab_press_bar_right.9.png,framework-res,nightmode/res/drawable-xhdpi/tab_press_bar_right.9.png,2,6,是,
framework,全局系统控件,系统框架 · 深色 xhdpi,tab_selected_bar_left.9.png,framework-res,nightmode/res/drawable-xhdpi/tab_selected_bar_left.9.png,2,6,是,
framework,全局系统控件,系统框架 · 深色 xhdpi,tab_selected_bar_left_v4.9.png,framework-res,nightmode/res/drawable-xhdpi/tab_selected_bar_left_v4.9.png,1,5,是,
framework,全局系统控件,系统框架 · 深色 xhdpi,tab_selected_bar_right.9.png,framework-res,nightmode/res/drawable-xhdpi/tab_selected_bar_right.9.png,2,6,是,
framework,全局系统控件,系统框架 · 深色 xhdpi,tab_selected_bar_right_v4.9.png,framework-res,nightmode/res/drawable-xhdpi/tab_selected_bar_right_v4.9.png,1,5,是,
framework,全局系统控件,系统框架 · 深色 xhdpi,tab_selected_focused_holo.9.png,framework-res,nightmode/res/drawable-xhdpi/tab_selected_focused_holo.9.png,4,16,是,
framework,全局系统控件,系统框架 · 深色 xhdpi,tab_selected_holo.9.png,framework-res,nightmode/res/drawable-xhdpi/tab_selected_holo.9.png,4,16,是,
framework,全局系统控件,系统框架 · 深色 xhdpi,tab_selected_pressed_holo.9.png,framework-res,nightmode/res/drawable-xhdpi/tab_selected_pressed_holo.9.png,4,16,是,
framework,全局系统控件,系统框架 · 深色 xhdpi,tab_unselected_focused_holo.9.png,framework-res,nightmode/res/drawable-xhdpi/tab_unselected_focused_holo.9.png,4,8,是,
framework,全局系统控件,系统框架 · 深色 xhdpi,tab_unselected_holo.9.png,framework-res,nightmode/res/drawable-xhdpi/tab_unselected_holo.9.png,4,8,是,
framework,全局系统控件,系统框架 · 深色 xhdpi,tab_unselected_pressed_holo.9.png,framework-res,nightmode/res/drawable-xhdpi/tab_unselected_pressed_holo.9.png,4,8,是,
framework,全局系统控件,系统框架 · 深色 xhdpi,textfield_activated_holo_light.9.png,framework-res,nightmode/res/drawable-xhdpi/textfield_activated_holo_light.9.png,52,64,是,
framework,全局系统控件,系统框架 · 深色 xhdpi,textfield_focused_holo_light.9.png,framework-res,nightmode/res/drawable-xhdpi/textfield_focused_holo_light.9.png,52,64,是,
framework,全局系统控件,系统框架 · 深色 xhdpi,textfield_multiline_activated_holo_light.9.png,framework-res,nightmode/res/drawable-xhdpi/textfield_multiline_activated_holo_light.9.png,52,64,是,
framework,全局系统控件,系统框架 · 深色 xhdpi,textfield_multiline_focused_holo_light.9.png,framework-res,nightmode/res/drawable-xhdpi/textfield_multiline_focused_holo_light.9.png,52,64,是,
framework,全局系统控件,系统框架 · 深色 xhdpi,textfield_search_default_holo_light.9.png,framework-res,nightmode/res/drawable-xhdpi/textfield_search_default_holo_light.9.png,77,72,是,
framework,全局系统控件,系统框架 · 深色 xhdpi,textfield_search_selected_holo_light.9.png,framework-res,nightmode/res/drawable-xhdpi/textfield_search_selected_holo_light.9.png,77,72,是,
framework,全局系统控件,系统框架 · 深色 xhdpi,toast_frame.9.png,framework-res,nightmode/res/drawable-xhdpi/toast_frame.9.png,245,200,是,
framework,全局系统控件,系统框架 · 深色 xhdpi,toast_frame_holo.9.png,framework-res,nightmode/res/drawable-xhdpi/toast_frame_holo.9.png,111,90,是,
framework,全局系统控件,系统框架 · 深色 xhdpi,transportcontrol_bg.9.png,framework-res,nightmode/res/drawable-xhdpi/transportcontrol_bg.9.png,192,192,是,
framework,全局系统控件,系统框架 · 深色 xxhdpi,ab_bottom_solid_light_holo.9.png,framework-res,nightmode/res/drawable-xxhdpi/ab_bottom_solid_light_holo.9.png,72,72,是,
framework,全局系统控件,系统框架 · 深色 xxhdpi,ab_bottom_transparent_dark_holo.9.png,framework-res,nightmode/res/drawable-xxhdpi/ab_bottom_transparent_dark_holo.9.png,48,48,是,
framework,全局系统控件,系统框架 · 深色 xxhdpi,ab_bottom_transparent_light_holo.9.png,framework-res,nightmode/res/drawable-xxhdpi/ab_bottom_transparent_light_holo.9.png,72,72,是,
framework,全局系统控件,系统框架 · 深色 xxhdpi,ab_share_pack_holo_dark.9.png,framework-res,nightmode/res/drawable-xxhdpi/ab_share_pack_holo_dark.9.png,48,48,是,
framework,全局系统控件,系统框架 · 深色 xxhdpi,ab_share_pack_holo_light.9.png,framework-res,nightmode/res/drawable-xxhdpi/ab_share_pack_holo_light.9.png,48,48,是,
framework,全局系统控件,系统框架 · 深色 xxhdpi,ab_share_pack_mtrl_alpha.9.png,framework-res,nightmode/res/drawable-xxhdpi/ab_share_pack_mtrl_alpha.9.png,48,48,是,
framework,全局系统控件,系统框架 · 深色 xxhdpi,ab_solid_light_holo.9.png,framework-res,nightmode/res/drawable-xxhdpi/ab_solid_light_holo.9.png,72,72,是,
framework,全局系统控件,系统框架 · 深色 xxhdpi,ab_solid_shadow_holo.9.png,framework-res,nightmode/res/drawable-xxhdpi/ab_solid_shadow_holo.9.png,48,48,是,
framework,全局系统控件,系统框架 · 深色 xxhdpi,ab_solid_shadow_mtrl_alpha.9.png,framework-res,nightmode/res/drawable-xxhdpi/ab_solid_shadow_mtrl_alpha.9.png,48,48,是,
framework,全局系统控件,系统框架 · 深色 xxhdpi,ab_stacked_solid_light_holo.9.png,framework-res,nightmode/res/drawable-xxhdpi/ab_stacked_solid_light_holo.9.png,72,72,是,
framework,全局系统控件,系统框架 · 深色 xxhdpi,ab_stacked_transparent_dark_holo.9.png,framework-res,nightmode/res/drawable-xxhdpi/ab_stacked_transparent_dark_holo.9.png,72,72,是,
framework,全局系统控件,系统框架 · 深色 xxhdpi,ab_stacked_transparent_light_holo.9.png,framework-res,nightmode/res/drawable-xxhdpi/ab_stacked_transparent_light_holo.9.png,72,72,是,
framework,全局系统控件,系统框架 · 深色 xxhdpi,ab_transparent_dark_holo.9.png,framework-res,nightmode/res/drawable-xxhdpi/ab_transparent_dark_holo.9.png,48,48,是,
framework,全局系统控件,系统框架 · 深色 xxhdpi,ab_transparent_light_holo.9.png,framework-res,nightmode/res/drawable-xxhdpi/ab_transparent_light_holo.9.png,48,48,是,
framework,全局系统控件,系统框架 · 深色 xxhdpi,bottom_bar.png,framework-res,nightmode/res/drawable-xxhdpi/bottom_bar.png,640,109,,
framework,全局系统控件,系统框架 · 深色 xxhdpi,btn_cab_done_focused_holo_dark.9.png,framework-res,nightmode/res/drawable-xxhdpi/btn_cab_done_focused_holo_dark.9.png,1,54,是,
framework,全局系统控件,系统框架 · 深色 xxhdpi,btn_cab_done_focused_holo_light.9.png,framework-res,nightmode/res/drawable-xxhdpi/btn_cab_done_focused_holo_light.9.png,1,54,是,
framework,全局系统控件,系统框架 · 深色 xxhdpi,btn_cab_done_pressed_holo_dark.9.png,framework-res,nightmode/res/drawable-xxhdpi/btn_cab_done_pressed_holo_dark.9.png,1,54,是,
framework,全局系统控件,系统框架 · 深色 xxhdpi,btn_cab_done_pressed_holo_light.9.png,framework-res,nightmode/res/drawable-xxhdpi/btn_cab_done_pressed_holo_light.9.png,1,54,是,
framework,全局系统控件,系统框架 · 深色 xxhdpi,btn_check_on_disabled_focused_holo_dark.png,framework-res,nightmode/res/drawable-xxhdpi/btn_check_on_disabled_focused_holo_dark.png,67,60,,
framework,全局系统控件,系统框架 · 深色 xxhdpi,btn_check_on_disabled_focused_holo_light.png,framework-res,nightmode/res/drawable-xxhdpi/btn_check_on_disabled_focused_holo_light.png,67,60,,
framework,全局系统控件,系统框架 · 深色 xxhdpi,btn_check_on_disabled_holo_dark.png,framework-res,nightmode/res/drawable-xxhdpi/btn_check_on_disabled_holo_dark.png,67,60,,
framework,全局系统控件,系统框架 · 深色 xxhdpi,btn_check_on_disabled_holo_light.png,framework-res,nightmode/res/drawable-xxhdpi/btn_check_on_disabled_holo_light.png,67,60,,
framework,全局系统控件,系统框架 · 深色 xxhdpi,btn_check_on_focused_holo_dark.png,framework-res,nightmode/res/drawable-xxhdpi/btn_check_on_focused_holo_dark.png,67,60,,
framework,全局系统控件,系统框架 · 深色 xxhdpi,btn_check_on_focused_holo_light.png,framework-res,nightmode/res/drawable-xxhdpi/btn_check_on_focused_holo_light.png,67,60,,
framework,全局系统控件,系统框架 · 深色 xxhdpi,btn_check_on_holo_dark.png,framework-res,nightmode/res/drawable-xxhdpi/btn_check_on_holo_dark.png,67,60,,
framework,全局系统控件,系统框架 · 深色 xxhdpi,btn_check_on_holo_light.png,framework-res,nightmode/res/drawable-xxhdpi/btn_check_on_holo_light.png,67,60,,
framework,全局系统控件,系统框架 · 深色 xxhdpi,btn_check_on_pressed_holo_dark.png,framework-res,nightmode/res/drawable-xxhdpi/btn_check_on_pressed_holo_dark.png,67,60,,
framework,全局系统控件,系统框架 · 深色 xxhdpi,btn_check_on_pressed_holo_light.png,framework-res,nightmode/res/drawable-xxhdpi/btn_check_on_pressed_holo_light.png,67,60,,
framework,全局系统控件,系统框架 · 深色 xxhdpi,btn_default_disabled_focused_holo_dark.9.png,framework-res,nightmode/res/drawable-xxhdpi/btn_default_disabled_focused_holo_dark.9.png,52,64,是,
framework,全局系统控件,系统框架 · 深色 xxhdpi,btn_default_disabled_focused_holo_light.9.png,framework-res,nightmode/res/drawable-xxhdpi/btn_default_disabled_focused_holo_light.9.png,69,94,是,
framework,全局系统控件,系统框架 · 深色 xxhdpi,btn_default_disabled_holo.9.png,framework-res,nightmode/res/drawable-xxhdpi/btn_default_disabled_holo.9.png,32,32,是,
framework,全局系统控件,系统框架 · 深色 xxhdpi,btn_default_disabled_holo_dark.9.png,framework-res,nightmode/res/drawable-xxhdpi/btn_default_disabled_holo_dark.9.png,52,64,是,
framework,全局系统控件,系统框架 · 深色 xxhdpi,btn_default_disabled_holo_light.9.png,framework-res,nightmode/res/drawable-xxhdpi/btn_default_disabled_holo_light.9.png,69,94,是,
framework,全局系统控件,系统框架 · 深色 xxhdpi,btn_default_focused_holo.9.png,framework-res,nightmode/res/drawable-xxhdpi/btn_default_focused_holo.9.png,32,32,是,
framework,全局系统控件,系统框架 · 深色 xxhdpi,btn_default_focused_holo_dark.9.png,framework-res,nightmode/res/drawable-xxhdpi/btn_default_focused_holo_dark.9.png,52,64,是,
framework,全局系统控件,系统框架 · 深色 xxhdpi,btn_default_focused_holo_light.9.png,framework-res,nightmode/res/drawable-xxhdpi/btn_default_focused_holo_light.9.png,69,94,是,
framework,全局系统控件,系统框架 · 深色 xxhdpi,btn_default_normal.9.png,framework-res,nightmode/res/drawable-xxhdpi/btn_default_normal.9.png,48,96,是,
framework,全局系统控件,系统框架 · 深色 xxhdpi,btn_default_normal_disable.9.png,framework-res,nightmode/res/drawable-xxhdpi/btn_default_normal_disable.9.png,48,96,是,
framework,全局系统控件,系统框架 · 深色 xxhdpi,btn_default_normal_disable_focused.9.png,framework-res,nightmode/res/drawable-xxhdpi/btn_default_normal_disable_focused.9.png,48,96,是,
framework,全局系统控件,系统框架 · 深色 xxhdpi,btn_default_normal_holo.9.png,framework-res,nightmode/res/drawable-xxhdpi/btn_default_normal_holo.9.png,32,32,是,
framework,全局系统控件,系统框架 · 深色 xxhdpi,btn_default_normal_holo_dark.9.png,framework-res,nightmode/res/drawable-xxhdpi/btn_default_normal_holo_dark.9.png,52,64,是,
framework,全局系统控件,系统框架 · 深色 xxhdpi,btn_default_normal_holo_light.9.png,framework-res,nightmode/res/drawable-xxhdpi/btn_default_normal_holo_light.9.png,69,94,是,
framework,全局系统控件,系统框架 · 深色 xxhdpi,btn_default_pressed.9.png,framework-res,nightmode/res/drawable-xxhdpi/btn_default_pressed.9.png,48,96,是,
framework,全局系统控件,系统框架 · 深色 xxhdpi,btn_default_pressed_holo.9.png,framework-res,nightmode/res/drawable-xxhdpi/btn_default_pressed_holo.9.png,32,32,是,
framework,全局系统控件,系统框架 · 深色 xxhdpi,btn_default_pressed_holo_dark.9.png,framework-res,nightmode/res/drawable-xxhdpi/btn_default_pressed_holo_dark.9.png,52,64,是,
framework,全局系统控件,系统框架 · 深色 xxhdpi,btn_default_pressed_holo_light.9.png,framework-res,nightmode/res/drawable-xxhdpi/btn_default_pressed_holo_light.9.png,69,94,是,
framework,全局系统控件,系统框架 · 深色 xxhdpi,btn_default_selected.9.png,framework-res,nightmode/res/drawable-xxhdpi/btn_default_selected.9.png,48,96,是,
framework,全局系统控件,系统框架 · 深色 xxhdpi,btn_default_small_normal.9.png,framework-res,nightmode/res/drawable-xxhdpi/btn_default_small_normal.9.png,40,72,是,
framework,全局系统控件,系统框架 · 深色 xxhdpi,btn_default_small_normal_disable.9.png,framework-res,nightmode/res/drawable-xxhdpi/btn_default_small_normal_disable.9.png,40,72,是,
framework,全局系统控件,系统框架 · 深色 xxhdpi,btn_default_small_normal_disable_focused.9.png,framework-res,nightmode/res/drawable-xxhdpi/btn_default_small_normal_disable_focused.9.png,40,72,是,
framework,全局系统控件,系统框架 · 深色 xxhdpi,btn_default_small_pressed.9.png,framework-res,nightmode/res/drawable-xxhdpi/btn_default_small_pressed.9.png,40,72,是,
framework,全局系统控件,系统框架 · 深色 xxhdpi,btn_default_small_selected.9.png,framework-res,nightmode/res/drawable-xxhdpi/btn_default_small_selected.9.png,40,72,是,
framework,全局系统控件,系统框架 · 深色 xxhdpi,btn_default_transparent_normal.9.png,framework-res,nightmode/res/drawable-xxhdpi/btn_default_transparent_normal.9.png,48,96,是,
framework,全局系统控件,系统框架 · 深色 xxhdpi,btn_radio_on_disabled_focused_holo_dark.png,framework-res,nightmode/res/drawable-xxhdpi/btn_radio_on_disabled_focused_holo_dark.png,67,60,,
framework,全局系统控件,系统框架 · 深色 xxhdpi,btn_radio_on_disabled_focused_holo_light.png,framework-res,nightmode/res/drawable-xxhdpi/btn_radio_on_disabled_focused_holo_light.png,67,60,,
framework,全局系统控件,系统框架 · 深色 xxhdpi,btn_radio_on_disabled_holo_dark.png,framework-res,nightmode/res/drawable-xxhdpi/btn_radio_on_disabled_holo_dark.png,67,60,,
framework,全局系统控件,系统框架 · 深色 xxhdpi,btn_radio_on_disabled_holo_light.png,framework-res,nightmode/res/drawable-xxhdpi/btn_radio_on_disabled_holo_light.png,67,60,,
framework,全局系统控件,系统框架 · 深色 xxhdpi,btn_radio_on_focused_holo_dark.png,framework-res,nightmode/res/drawable-xxhdpi/btn_radio_on_focused_holo_dark.png,67,60,,
framework,全局系统控件,系统框架 · 深色 xxhdpi,btn_radio_on_focused_holo_light.png,framework-res,nightmode/res/drawable-xxhdpi/btn_radio_on_focused_holo_light.png,67,60,,
framework,全局系统控件,系统框架 · 深色 xxhdpi,btn_radio_on_holo_dark.png,framework-res,nightmode/res/drawable-xxhdpi/btn_radio_on_holo_dark.png,67,60,,
framework,全局系统控件,系统框架 · 深色 xxhdpi,btn_radio_on_holo_light.png,framework-res,nightmode/res/drawable-xxhdpi/btn_radio_on_holo_light.png,67,60,,
framework,全局系统控件,系统框架 · 深色 xxhdpi,btn_radio_on_pressed_holo_dark.png,framework-res,nightmode/res/drawable-xxhdpi/btn_radio_on_pressed_holo_dark.png,67,60,,
framework,全局系统控件,系统框架 · 深色 xxhdpi,btn_radio_on_pressed_holo_light.png,framework-res,nightmode/res/drawable-xxhdpi/btn_radio_on_pressed_holo_light.png,67,60,,
framework,全局系统控件,系统框架 · 深色 xxhdpi,cab_background_bottom_holo_dark.9.png,framework-res,nightmode/res/drawable-xxhdpi/cab_background_bottom_holo_dark.9.png,48,48,是,
framework,全局系统控件,系统框架 · 深色 xxhdpi,cab_background_bottom_holo_light.9.png,framework-res,nightmode/res/drawable-xxhdpi/cab_background_bottom_holo_light.9.png,48,48,是,
framework,全局系统控件,系统框架 · 深色 xxhdpi,cab_background_top_holo_dark.9.png,framework-res,nightmode/res/drawable-xxhdpi/cab_background_top_holo_dark.9.png,48,48,是,
framework,全局系统控件,系统框架 · 深色 xxhdpi,cab_background_top_holo_light.9.png,framework-res,nightmode/res/drawable-xxhdpi/cab_background_top_holo_light.9.png,48,48,是,
framework,全局系统控件,系统框架 · 深色 xxhdpi,cloud_state_disabled_bg.9.png,framework-res,nightmode/res/drawable-xxhdpi/cloud_state_disabled_bg.9.png,3,143,是,
framework,全局系统控件,系统框架 · 深色 xxhdpi,cloud_state_enabled_bg.9.png,framework-res,nightmode/res/drawable-xxhdpi/cloud_state_enabled_bg.9.png,3,143,是,
framework,全局系统控件,系统框架 · 深色 xxhdpi,contact_header_bg.9.png,framework-res,nightmode/res/drawable-xxhdpi/contact_header_bg.9.png,23,131,是,
framework,全局系统控件,系统框架 · 深色 xxhdpi,dialog_bottom_holo_dark.9.png,framework-res,nightmode/res/drawable-xxhdpi/dialog_bottom_holo_dark.9.png,190,54,是,
framework,全局系统控件,系统框架 · 深色 xxhdpi,dialog_bottom_holo_light.9.png,framework-res,nightmode/res/drawable-xxhdpi/dialog_bottom_holo_light.9.png,190,54,是,
framework,全局系统控件,系统框架 · 深色 xxhdpi,dialog_button_bottom_holo_dark.9.png,framework-res,nightmode/res/drawable-xxhdpi/dialog_button_bottom_holo_dark.9.png,190,54,是,
framework,全局系统控件,系统框架 · 深色 xxhdpi,dialog_button_bottom_holo_light.9.png,framework-res,nightmode/res/drawable-xxhdpi/dialog_button_bottom_holo_light.9.png,190,54,是,
framework,全局系统控件,系统框架 · 深色 xxhdpi,dialog_full_holo_dark.9.png,framework-res,nightmode/res/drawable-xxhdpi/dialog_full_holo_dark.9.png,190,88,是,
framework,全局系统控件,系统框架 · 深色 xxhdpi,dialog_full_holo_light.9.png,framework-res,nightmode/res/drawable-xxhdpi/dialog_full_holo_light.9.png,190,88,是,
framework,全局系统控件,系统框架 · 深色 xxhdpi,dialog_middle_holo.9.png,framework-res,nightmode/res/drawable-xxhdpi/dialog_middle_holo.9.png,190,1,是,
framework,全局系统控件,系统框架 · 深色 xxhdpi,dialog_middle_holo_dark.9.png,framework-res,nightmode/res/drawable-xxhdpi/dialog_middle_holo_dark.9.png,190,1,是,
framework,全局系统控件,系统框架 · 深色 xxhdpi,dialog_middle_holo_light.9.png,framework-res,nightmode/res/drawable-xxhdpi/dialog_middle_holo_light.9.png,190,1,是,
framework,全局系统控件,系统框架 · 深色 xxhdpi,dialog_top_holo_dark.9.png,framework-res,nightmode/res/drawable-xxhdpi/dialog_top_holo_dark.9.png,190,54,是,
framework,全局系统控件,系统框架 · 深色 xxhdpi,dialog_top_holo_light.9.png,framework-res,nightmode/res/drawable-xxhdpi/dialog_top_holo_light.9.png,190,54,是,
framework,全局系统控件,系统框架 · 深色 xxhdpi,edit_query_background_normal.9.png,framework-res,nightmode/res/drawable-xxhdpi/edit_query_background_normal.9.png,101,101,是,
framework,全局系统控件,系统框架 · 深色 xxhdpi,fastscroll_thumb_default_holo.png,framework-res,nightmode/res/drawable-xxhdpi/fastscroll_thumb_default_holo.png,27,74,,
framework,全局系统控件,系统框架 · 深色 xxhdpi,fastscroll_thumb_pressed_holo.png,framework-res,nightmode/res/drawable-xxhdpi/fastscroll_thumb_pressed_holo.png,28,76,,
framework,全局系统控件,系统框架 · 深色 xxhdpi,fastscroll_track_default_holo_dark.9.png,framework-res,nightmode/res/drawable-xxhdpi/fastscroll_track_default_holo_dark.9.png,14,15,是,
framework,全局系统控件,系统框架 · 深色 xxhdpi,fastscroll_track_default_holo_light.9.png,framework-res,nightmode/res/drawable-xxhdpi/fastscroll_track_default_holo_light.9.png,14,15,是,
framework,全局系统控件,系统框架 · 深色 xxhdpi,fastscroll_track_pressed_holo_dark.9.png,framework-res,nightmode/res/drawable-xxhdpi/fastscroll_track_pressed_holo_dark.9.png,14,15,是,
framework,全局系统控件,系统框架 · 深色 xxhdpi,fastscroll_track_pressed_holo_light.9.png,framework-res,nightmode/res/drawable-xxhdpi/fastscroll_track_pressed_holo_light.9.png,14,15,是,
framework,全局系统控件,系统框架 · 深色 xxhdpi,highlight_pressed.9.png,framework-res,nightmode/res/drawable-xxhdpi/highlight_pressed.9.png,12,12,是,
framework,全局系统控件,系统框架 · 深色 xxhdpi,ic_ab_back_holo_light.png,framework-res,nightmode/res/drawable-xxhdpi/ic_ab_back_holo_light.png,100,100,,
framework,全局系统控件,系统框架 · 深色 xxhdpi,ic_btn_search.png,framework-res,nightmode/res/drawable-xxhdpi/ic_btn_search.png,64,64,,
framework,全局系统控件,系统框架 · 深色 xxhdpi,ic_cab_done_holo_light.png,framework-res,nightmode/res/drawable-xxhdpi/ic_cab_done_holo_light.png,100,100,,
framework,全局系统控件,系统框架 · 深色 xxhdpi,ic_corp_icon.png,framework-res,nightmode/res/drawable-xxhdpi/ic_corp_icon.png,144,144,,
framework,全局系统控件,系统框架 · 深色 xxhdpi,ic_dialog_alert_holo_dark.png,framework-res,nightmode/res/drawable-xxhdpi/ic_dialog_alert_holo_dark.png,64,64,,
framework,全局系统控件,系统框架 · 深色 xxhdpi,ic_dialog_alert_holo_light.png,framework-res,nightmode/res/drawable-xxhdpi/ic_dialog_alert_holo_light.png,64,64,,
framework,全局系统控件,系统框架 · 深色 xxhdpi,list_activated_holo.9.png,framework-res,nightmode/res/drawable-xxhdpi/list_activated_holo.9.png,12,12,是,
framework,全局系统控件,系统框架 · 深色 xxhdpi,分割线,framework-res,nightmode/res/drawable-xxhdpi/list_divider_holo_dark.9.png,2,1,是,
framework,全局系统控件,系统框架 · 深色 xxhdpi,分割线,framework-res,nightmode/res/drawable-xxhdpi/list_divider_holo_light.9.png,2,1,是,
framework,全局系统控件,系统框架 · 深色 xxhdpi,list_focused_holo.9.png,framework-res,nightmode/res/drawable-xxhdpi/list_focused_holo.9.png,12,12,是,
framework,全局系统控件,系统框架 · 深色 xxhdpi,list_longpressed_holo.9.png,framework-res,nightmode/res/drawable-xxhdpi/list_longpressed_holo.9.png,12,12,是,
framework,全局系统控件,系统框架 · 深色 xxhdpi,list_longpressed_holo_dark.9.png,framework-res,nightmode/res/drawable-xxhdpi/list_longpressed_holo_dark.9.png,18,18,是,
framework,全局系统控件,系统框架 · 深色 xxhdpi,list_longpressed_holo_light.9.png,framework-res,nightmode/res/drawable-xxhdpi/list_longpressed_holo_light.9.png,18,18,是,
framework,全局系统控件,系统框架 · 深色 xxhdpi,list_pressed_holo_dark.9.png,framework-res,nightmode/res/drawable-xxhdpi/list_pressed_holo_dark.9.png,12,12,是,
framework,全局系统控件,系统框架 · 深色 xxhdpi,list_pressed_holo_light.9.png,framework-res,nightmode/res/drawable-xxhdpi/list_pressed_holo_light.9.png,12,12,是,
framework,全局系统控件,系统框架 · 深色 xxhdpi,分割线,framework-res,nightmode/res/drawable-xxhdpi/list_section_divider_holo_dark.9.png,18,96,是,
framework,全局系统控件,系统框架 · 深色 xxhdpi,分割线,framework-res,nightmode/res/drawable-xxhdpi/list_section_divider_holo_light.9.png,240,50,是,
framework,全局系统控件,系统框架 · 深色 xxhdpi,分割线,framework-res,nightmode/res/drawable-xxhdpi/list_section_divider_mtrl_alpha.9.png,18,96,是,
framework,全局系统控件,系统框架 · 深色 xxhdpi,list_selected_holo_dark.9.png,framework-res,nightmode/res/drawable-xxhdpi/list_selected_holo_dark.9.png,12,12,是,
framework,全局系统控件,系统框架 · 深色 xxhdpi,list_selected_holo_light.9.png,framework-res,nightmode/res/drawable-xxhdpi/list_selected_holo_light.9.png,12,12,是,
framework,全局系统控件,系统框架 · 深色 xxhdpi,list_selector_background_disabled.9.png,framework-res,nightmode/res/drawable-xxhdpi/list_selector_background_disabled.9.png,96,96,是,
framework,全局系统控件,系统框架 · 深色 xxhdpi,list_selector_background_pressed.9.png,framework-res,nightmode/res/drawable-xxhdpi/list_selector_background_pressed.9.png,15,21,是,
framework,全局系统控件,系统框架 · 深色 xxhdpi,menu_background.9.png,framework-res,nightmode/res/drawable-xxhdpi/menu_background.9.png,53,25,是,
framework,全局系统控件,系统框架 · 深色 xxhdpi,menu_background_fill_parent_width.9.png,framework-res,nightmode/res/drawable-xxhdpi/menu_background_fill_parent_width.9.png,41,40,是,
framework,全局系统控件,系统框架 · 深色 xxhdpi,menu_dropdown_panel_holo_light.9.png,framework-res,nightmode/res/drawable-xxhdpi/menu_dropdown_panel_holo_light.9.png,52,24,是,
framework,全局系统控件,系统框架 · 深色 xxhdpi,menu_hardkey_panel_holo_light.9.png,framework-res,nightmode/res/drawable-xxhdpi/menu_hardkey_panel_holo_light.9.png,62,80,是,
framework,全局系统控件,系统框架 · 深色 xxhdpi,设置分组标题背景,framework-res,nightmode/res/drawable-xxhdpi/miuix_preference_category_bg_light.9.png,153,192,是,
framework,全局系统控件,系统框架 · 深色 xxhdpi,设置分组标题背景,framework-res,nightmode/res/drawable-xxhdpi/miuix_preference_category_bg_no_title_light.9.png,155,122,是,
framework,全局系统控件,系统框架 · 深色 xxhdpi,设置列表项背景（首项）,framework-res,nightmode/res/drawable-xxhdpi/miuix_preference_first_item_bg_light_normal.9.png,153,10,是,
framework,全局系统控件,系统框架 · 深色 xxhdpi,miuix_preference_item_radio_two_state_background.9.png,framework-res,nightmode/res/drawable-xxhdpi/miuix_preference_item_radio_two_state_background.9.png,372,182,是,
framework,全局系统控件,系统框架 · 深色 xxhdpi,设置列表项背景（末项）,framework-res,nightmode/res/drawable-xxhdpi/miuix_preference_last_item_bg_light_normal.9.png,153,10,是,
framework,全局系统控件,系统框架 · 深色 xxhdpi,miuix_preference_last_item_with_icon_bg_normal.9.png,framework-res,nightmode/res/drawable-xxhdpi/miuix_preference_last_item_with_icon_bg_normal.9.png,153,160,是,
framework,全局系统控件,系统框架 · 深色 xxhdpi,设置列表项背景（中间项）,framework-res,nightmode/res/drawable-xxhdpi/miuix_preference_middle_item_bg_light_normal.9.png,153,10,是,
framework,全局系统控件,系统框架 · 深色 xxhdpi,miuix_preference_middle_item_with_icon_bg_normal.9.png,framework-res,nightmode/res/drawable-xxhdpi/miuix_preference_middle_item_with_icon_bg_normal.9.png,153,160,是,
framework,全局系统控件,系统框架 · 深色 xxhdpi,设置列表项背景（单项）,framework-res,nightmode/res/drawable-xxhdpi/miuix_preference_single_item_bg_light_normal.9.png,153,10,是,
framework,全局系统控件,系统框架 · 深色 xxhdpi,miuix_preference_single_item_with_icon_bg_normal.9.png,framework-res,nightmode/res/drawable-xxhdpi/miuix_preference_single_item_with_icon_bg_normal.9.png,153,160,是,
framework,全局系统控件,系统框架 · 深色 xxhdpi,分割线,framework-res,nightmode/res/drawable-xxhdpi/numberpicker_selection_divider.9.png,4,4,是,
framework,全局系统控件,系统框架 · 深色 xxhdpi,overscroll_edge.png,framework-res,nightmode/res/drawable-xxhdpi/overscroll_edge.png,1044,24,,
framework,全局系统控件,系统框架 · 深色 xxhdpi,overscroll_glow.png,framework-res,nightmode/res/drawable-xxhdpi/overscroll_glow.png,1044,270,,
framework,全局系统控件,系统框架 · 深色 xxhdpi,panel_background.9.png,framework-res,nightmode/res/drawable-xxhdpi/panel_background.9.png,190,88,是,
framework,全局系统控件,系统框架 · 深色 xxhdpi,picture_frame.9.png,framework-res,nightmode/res/drawable-xxhdpi/picture_frame.9.png,56,52,是,
framework,全局系统控件,系统框架 · 深色 xxhdpi,popup_bottom_bright.9.png,framework-res,nightmode/res/drawable-xxhdpi/popup_bottom_bright.9.png,101,76,是,
framework,全局系统控件,系统框架 · 深色 xxhdpi,popup_bottom_dark.9.png,framework-res,nightmode/res/drawable-xxhdpi/popup_bottom_dark.9.png,101,76,是,
framework,全局系统控件,系统框架 · 深色 xxhdpi,popup_bottom_medium.9.png,framework-res,nightmode/res/drawable-xxhdpi/popup_bottom_medium.9.png,101,76,是,
framework,全局系统控件,系统框架 · 深色 xxhdpi,popup_center_bright.9.png,framework-res,nightmode/res/drawable-xxhdpi/popup_center_bright.9.png,101,9,是,
framework,全局系统控件,系统框架 · 深色 xxhdpi,popup_center_dark.9.png,framework-res,nightmode/res/drawable-xxhdpi/popup_center_dark.9.png,101,9,是,
framework,全局系统控件,系统框架 · 深色 xxhdpi,popup_center_medium.9.png,framework-res,nightmode/res/drawable-xxhdpi/popup_center_medium.9.png,101,9,是,
framework,全局系统控件,系统框架 · 深色 xxhdpi,popup_full_bright.9.png,framework-res,nightmode/res/drawable-xxhdpi/popup_full_bright.9.png,101,101,是,
framework,全局系统控件,系统框架 · 深色 xxhdpi,popup_full_dark.9.png,framework-res,nightmode/res/drawable-xxhdpi/popup_full_dark.9.png,101,101,是,
framework,全局系统控件,系统框架 · 深色 xxhdpi,popup_top_bright.9.png,framework-res,nightmode/res/drawable-xxhdpi/popup_top_bright.9.png,101,76,是,
framework,全局系统控件,系统框架 · 深色 xxhdpi,popup_top_dark.9.png,framework-res,nightmode/res/drawable-xxhdpi/popup_top_dark.9.png,101,76,是,
framework,全局系统控件,系统框架 · 深色 xxhdpi,progress_bg_holo_dark.9.png,framework-res,nightmode/res/drawable-xxhdpi/progress_bg_holo_dark.9.png,8,32,是,
framework,全局系统控件,系统框架 · 深色 xxhdpi,progress_bg_holo_light.9.png,framework-res,nightmode/res/drawable-xxhdpi/progress_bg_holo_light.9.png,8,32,是,
framework,全局系统控件,系统框架 · 深色 xxhdpi,progress_primary_holo_dark.9.png,framework-res,nightmode/res/drawable-xxhdpi/progress_primary_holo_dark.9.png,15,32,是,
framework,全局系统控件,系统框架 · 深色 xxhdpi,progress_primary_holo_light.9.png,framework-res,nightmode/res/drawable-xxhdpi/progress_primary_holo_light.9.png,15,32,是,
framework,全局系统控件,系统框架 · 深色 xxhdpi,progress_secondary_holo_dark.9.png,framework-res,nightmode/res/drawable-xxhdpi/progress_secondary_holo_dark.9.png,8,32,是,
framework,全局系统控件,系统框架 · 深色 xxhdpi,progress_secondary_holo_light.9.png,framework-res,nightmode/res/drawable-xxhdpi/progress_secondary_holo_light.9.png,8,32,是,
framework,全局系统控件,系统框架 · 深色 xxhdpi,进度条,framework-res,nightmode/res/drawable-xxhdpi/progressbar_indeterminate_holo1.png,1212,18,,
framework,全局系统控件,系统框架 · 深色 xxhdpi,进度条,framework-res,nightmode/res/drawable-xxhdpi/progressbar_indeterminate_holo2.png,1212,18,,
framework,全局系统控件,系统框架 · 深色 xxhdpi,进度条,framework-res,nightmode/res/drawable-xxhdpi/progressbar_indeterminate_holo3.png,1212,18,,
framework,全局系统控件,系统框架 · 深色 xxhdpi,进度条,framework-res,nightmode/res/drawable-xxhdpi/progressbar_indeterminate_holo4.png,1212,18,,
framework,全局系统控件,系统框架 · 深色 xxhdpi,进度条,framework-res,nightmode/res/drawable-xxhdpi/progressbar_indeterminate_holo5.png,1212,18,,
framework,全局系统控件,系统框架 · 深色 xxhdpi,进度条,framework-res,nightmode/res/drawable-xxhdpi/progressbar_indeterminate_holo6.png,1212,18,,
framework,全局系统控件,系统框架 · 深色 xxhdpi,进度条,framework-res,nightmode/res/drawable-xxhdpi/progressbar_indeterminate_holo7.png,1212,18,,
framework,全局系统控件,系统框架 · 深色 xxhdpi,进度条,framework-res,nightmode/res/drawable-xxhdpi/progressbar_indeterminate_holo8.png,1212,18,,
framework,全局系统控件,系统框架 · 深色 xxhdpi,quickcontact_badge_overlay_pressed_light.9.png,framework-res,nightmode/res/drawable-xxhdpi/quickcontact_badge_overlay_pressed_light.9.png,48,48,是,
framework,全局系统控件,系统框架 · 深色 xxhdpi,scrubber_track_holo_dark.9.png,framework-res,nightmode/res/drawable-xxhdpi/scrubber_track_holo_dark.9.png,30,36,是,
framework,全局系统控件,系统框架 · 深色 xxhdpi,scrubber_track_mtrl_alpha.9.png,framework-res,nightmode/res/drawable-xxhdpi/scrubber_track_mtrl_alpha.9.png,30,36,是,
framework,全局系统控件,系统框架 · 深色 xxhdpi,seek_thumb_normal.png,framework-res,nightmode/res/drawable-xxhdpi/seek_thumb_normal.png,63,63,,
framework,全局系统控件,系统框架 · 深色 xxhdpi,seek_thumb_pressed.png,framework-res,nightmode/res/drawable-xxhdpi/seek_thumb_pressed.png,63,63,,
framework,全局系统控件,系统框架 · 深色 xxhdpi,seek_thumb_selected.png,framework-res,nightmode/res/drawable-xxhdpi/seek_thumb_selected.png,63,63,,
framework,全局系统控件,系统框架 · 深色 xxhdpi,sliding_btn_slider.png,framework-res,nightmode/res/drawable-xxhdpi/sliding_btn_slider.png,63,63,,
framework,全局系统控件,系统框架 · 深色 xxhdpi,spinner_16_inner_holo.png,framework-res,nightmode/res/drawable-xxhdpi/spinner_16_inner_holo.png,32,32,,
framework,全局系统控件,系统框架 · 深色 xxhdpi,spinner_16_outer_holo.png,framework-res,nightmode/res/drawable-xxhdpi/spinner_16_outer_holo.png,32,32,,
framework,全局系统控件,系统框架 · 深色 xxhdpi,spinner_20_inner_holo.png,framework-res,nightmode/res/drawable-xxhdpi/spinner_20_inner_holo.png,40,40,,
framework,全局系统控件,系统框架 · 深色 xxhdpi,spinner_20_outer_holo.png,framework-res,nightmode/res/drawable-xxhdpi/spinner_20_outer_holo.png,40,40,,
framework,全局系统控件,系统框架 · 深色 xxhdpi,spinner_48_inner_holo.png,framework-res,nightmode/res/drawable-xxhdpi/spinner_48_inner_holo.png,96,96,,
framework,全局系统控件,系统框架 · 深色 xxhdpi,spinner_48_outer_holo.png,framework-res,nightmode/res/drawable-xxhdpi/spinner_48_outer_holo.png,96,96,,
framework,全局系统控件,系统框架 · 深色 xxhdpi,spinner_76_inner_holo.png,framework-res,nightmode/res/drawable-xxhdpi/spinner_76_inner_holo.png,152,152,,
framework,全局系统控件,系统框架 · 深色 xxhdpi,spinner_76_outer_holo.png,framework-res,nightmode/res/drawable-xxhdpi/spinner_76_outer_holo.png,152,152,,
framework,全局系统控件,系统框架 · 深色 xxhdpi,spinner_ab_pressed_holo_dark.9.png,framework-res,nightmode/res/drawable-xxhdpi/spinner_ab_pressed_holo_dark.9.png,33,48,是,
framework,全局系统控件,系统框架 · 深色 xxhdpi,spinner_ab_pressed_holo_light.9.png,framework-res,nightmode/res/drawable-xxhdpi/spinner_ab_pressed_holo_light.9.png,33,48,是,
framework,全局系统控件,系统框架 · 深色 xxhdpi,spinner_black_16.png,framework-res,nightmode/res/drawable-xxhdpi/spinner_black_16.png,32,32,,
framework,全局系统控件,系统框架 · 深色 xxhdpi,spinner_black_20.png,framework-res,nightmode/res/drawable-xxhdpi/spinner_black_20.png,40,40,,
framework,全局系统控件,系统框架 · 深色 xxhdpi,spinner_black_48.png,framework-res,nightmode/res/drawable-xxhdpi/spinner_black_48.png,96,96,,
framework,全局系统控件,系统框架 · 深色 xxhdpi,spinner_black_76.png,framework-res,nightmode/res/drawable-xxhdpi/spinner_black_76.png,144,144,,
framework,全局系统控件,系统框架 · 深色 xxhdpi,spinner_pressed_holo_light.9.png,framework-res,nightmode/res/drawable-xxhdpi/spinner_pressed_holo_light.9.png,33,48,是,
framework,全局系统控件,系统框架 · 深色 xxhdpi,spinner_white_16.png,framework-res,nightmode/res/drawable-xxhdpi/spinner_white_16.png,32,32,,
framework,全局系统控件,系统框架 · 深色 xxhdpi,spinner_white_48.png,framework-res,nightmode/res/drawable-xxhdpi/spinner_white_48.png,96,96,,
framework,全局系统控件,系统框架 · 深色 xxhdpi,spinner_white_76.png,framework-res,nightmode/res/drawable-xxhdpi/spinner_white_76.png,144,144,,
framework,全局系统控件,系统框架 · 深色 xxhdpi,stat_notify_missed_call.png,framework-res,nightmode/res/drawable-xxhdpi/stat_notify_missed_call.png,36,36,,
framework,全局系统控件,系统框架 · 深色 xxhdpi,stat_notify_sdcard.png,framework-res,nightmode/res/drawable-xxhdpi/stat_notify_sdcard.png,50,50,,
framework,全局系统控件,系统框架 · 深色 xxhdpi,stat_notify_sdcard_prepare.png,framework-res,nightmode/res/drawable-xxhdpi/stat_notify_sdcard_prepare.png,50,50,,
framework,全局系统控件,系统框架 · 深色 xxhdpi,【状态栏】系统图标,framework-res,nightmode/res/drawable-xxhdpi/stat_sys_adb.png,36,36,,
framework,全局系统控件,系统框架 · 深色 xxhdpi,【状态栏】系统图标,framework-res,nightmode/res/drawable-xxhdpi/stat_sys_data_usb.png,36,36,,
framework,全局系统控件,系统框架 · 深色 xxhdpi,【状态栏】系统图标,framework-res,nightmode/res/drawable-xxhdpi/stat_sys_download_anim0.png,36,36,,
framework,全局系统控件,系统框架 · 深色 xxhdpi,【状态栏】系统图标,framework-res,nightmode/res/drawable-xxhdpi/stat_sys_download_anim1.png,36,36,,
framework,全局系统控件,系统框架 · 深色 xxhdpi,【状态栏】系统图标,framework-res,nightmode/res/drawable-xxhdpi/stat_sys_download_anim2.png,36,36,,
framework,全局系统控件,系统框架 · 深色 xxhdpi,【状态栏】系统图标,framework-res,nightmode/res/drawable-xxhdpi/stat_sys_download_anim3.png,36,36,,
framework,全局系统控件,系统框架 · 深色 xxhdpi,【状态栏】系统图标,framework-res,nightmode/res/drawable-xxhdpi/stat_sys_download_anim4.png,36,36,,
framework,全局系统控件,系统框架 · 深色 xxhdpi,【状态栏】系统图标,framework-res,nightmode/res/drawable-xxhdpi/stat_sys_download_anim5.png,36,36,,
framework,全局系统控件,系统框架 · 深色 xxhdpi,【状态栏】系统图标,framework-res,nightmode/res/drawable-xxhdpi/stat_sys_warning.png,48,48,,
framework,全局系统控件,系统框架 · 深色 xxhdpi,switch_thumb_activated_holo_dark.9.png,framework-res,nightmode/res/drawable-xxhdpi/switch_thumb_activated_holo_dark.9.png,78,42,是,
framework,全局系统控件,系统框架 · 深色 xxhdpi,switch_thumb_activated_holo_light.9.png,framework-res,nightmode/res/drawable-xxhdpi/switch_thumb_activated_holo_light.9.png,78,42,是,
framework,全局系统控件,系统框架 · 深色 xxhdpi,switch_thumb_pressed_holo_dark.9.png,framework-res,nightmode/res/drawable-xxhdpi/switch_thumb_pressed_holo_dark.9.png,78,42,是,
framework,全局系统控件,系统框架 · 深色 xxhdpi,switch_thumb_pressed_holo_light.9.png,framework-res,nightmode/res/drawable-xxhdpi/switch_thumb_pressed_holo_light.9.png,78,42,是,
framework,全局系统控件,系统框架 · 深色 xxhdpi,tab_focus_bar_left.9.png,framework-res,nightmode/res/drawable-xxhdpi/tab_focus_bar_left.9.png,2,6,是,
framework,全局系统控件,系统框架 · 深色 xxhdpi,tab_focus_bar_right.9.png,framework-res,nightmode/res/drawable-xxhdpi/tab_focus_bar_right.9.png,2,6,是,
framework,全局系统控件,系统框架 · 深色 xxhdpi,tab_press_bar_left.9.png,framework-res,nightmode/res/drawable-xxhdpi/tab_press_bar_left.9.png,2,6,是,
framework,全局系统控件,系统框架 · 深色 xxhdpi,tab_press_bar_right.9.png,framework-res,nightmode/res/drawable-xxhdpi/tab_press_bar_right.9.png,2,6,是,
framework,全局系统控件,系统框架 · 深色 xxhdpi,tab_selected_focused_holo.9.png,framework-res,nightmode/res/drawable-xxhdpi/tab_selected_focused_holo.9.png,4,16,是,
framework,全局系统控件,系统框架 · 深色 xxhdpi,tab_selected_holo.9.png,framework-res,nightmode/res/drawable-xxhdpi/tab_selected_holo.9.png,4,16,是,
framework,全局系统控件,系统框架 · 深色 xxhdpi,tab_selected_pressed_holo.9.png,framework-res,nightmode/res/drawable-xxhdpi/tab_selected_pressed_holo.9.png,4,16,是,
framework,全局系统控件,系统框架 · 深色 xxhdpi,tab_unselected_focused_holo.9.png,framework-res,nightmode/res/drawable-xxhdpi/tab_unselected_focused_holo.9.png,4,8,是,
framework,全局系统控件,系统框架 · 深色 xxhdpi,tab_unselected_holo.9.png,framework-res,nightmode/res/drawable-xxhdpi/tab_unselected_holo.9.png,4,8,是,
framework,全局系统控件,系统框架 · 深色 xxhdpi,tab_unselected_pressed_holo.9.png,framework-res,nightmode/res/drawable-xxhdpi/tab_unselected_pressed_holo.9.png,4,8,是,
framework,全局系统控件,系统框架 · 深色 xxhdpi,textfield_activated_holo_light.9.png,framework-res,nightmode/res/drawable-xxhdpi/textfield_activated_holo_light.9.png,52,64,是,
framework,全局系统控件,系统框架 · 深色 xxhdpi,textfield_focused_holo_light.9.png,framework-res,nightmode/res/drawable-xxhdpi/textfield_focused_holo_light.9.png,52,64,是,
framework,全局系统控件,系统框架 · 深色 xxhdpi,textfield_multiline_activated_holo_light.9.png,framework-res,nightmode/res/drawable-xxhdpi/textfield_multiline_activated_holo_light.9.png,52,64,是,
framework,全局系统控件,系统框架 · 深色 xxhdpi,textfield_multiline_focused_holo_light.9.png,framework-res,nightmode/res/drawable-xxhdpi/textfield_multiline_focused_holo_light.9.png,52,64,是,
framework,全局系统控件,系统框架 · 深色 xxhdpi,textfield_search_activated_mtrl_alpha.9.png,framework-res,nightmode/res/drawable-xxhdpi/textfield_search_activated_mtrl_alpha.9.png,36,10,是,
framework,全局系统控件,系统框架 · 深色 xxhdpi,textfield_search_default_holo_dark.9.png,framework-res,nightmode/res/drawable-xxhdpi/textfield_search_default_holo_dark.9.png,30,13,是,
framework,全局系统控件,系统框架 · 深色 xxhdpi,textfield_search_default_holo_light.9.png,framework-res,nightmode/res/drawable-xxhdpi/textfield_search_default_holo_light.9.png,77,72,是,
framework,全局系统控件,系统框架 · 深色 xxhdpi,textfield_search_default_mtrl_alpha.9.png,framework-res,nightmode/res/drawable-xxhdpi/textfield_search_default_mtrl_alpha.9.png,36,10,是,
framework,全局系统控件,系统框架 · 深色 xxhdpi,textfield_search_right_default_holo_dark.9.png,framework-res,nightmode/res/drawable-xxhdpi/textfield_search_right_default_holo_dark.9.png,30,13,是,
framework,全局系统控件,系统框架 · 深色 xxhdpi,textfield_search_right_default_holo_light.9.png,framework-res,nightmode/res/drawable-xxhdpi/textfield_search_right_default_holo_light.9.png,30,13,是,
framework,全局系统控件,系统框架 · 深色 xxhdpi,textfield_search_right_selected_holo_dark.9.png,framework-res,nightmode/res/drawable-xxhdpi/textfield_search_right_selected_holo_dark.9.png,30,13,是,
framework,全局系统控件,系统框架 · 深色 xxhdpi,textfield_search_right_selected_holo_light.9.png,framework-res,nightmode/res/drawable-xxhdpi/textfield_search_right_selected_holo_light.9.png,30,13,是,
framework,全局系统控件,系统框架 · 深色 xxhdpi,textfield_search_selected_holo_dark.9.png,framework-res,nightmode/res/drawable-xxhdpi/textfield_search_selected_holo_dark.9.png,30,13,是,
framework,全局系统控件,系统框架 · 深色 xxhdpi,textfield_search_selected_holo_light.9.png,framework-res,nightmode/res/drawable-xxhdpi/textfield_search_selected_holo_light.9.png,77,72,是,
framework,全局系统控件,系统框架 · 深色 xxhdpi,toast_frame.9.png,framework-res,nightmode/res/drawable-xxhdpi/toast_frame.9.png,245,200,是,
framework,全局系统控件,系统框架 · 深色 xxhdpi,toast_frame_holo.9.png,framework-res,nightmode/res/drawable-xxhdpi/toast_frame_holo.9.png,111,90,是,
framework,全局系统控件,系统框架 · 深色 xxhdpi,transportcontrol_bg.9.png,framework-res,nightmode/res/drawable-xxhdpi/transportcontrol_bg.9.png,192,192,是,
framework,全局系统控件,系统框架 · xhdpi,ab_bottom_transparent_dark_holo.9.png,framework-res,res/drawable-xhdpi/ab_bottom_transparent_dark_holo.9.png,48,48,是,
framework,全局系统控件,系统框架 · xhdpi,ab_transparent_dark_holo.9.png,framework-res,res/drawable-xhdpi/ab_transparent_dark_holo.9.png,48,48,是,
framework,全局系统控件,系统框架 · xhdpi,ab_transparent_light_holo.9.png,framework-res,res/drawable-xhdpi/ab_transparent_light_holo.9.png,48,48,是,
framework,全局系统控件,系统框架 · xhdpi,bottom_bar.png,framework-res,res/drawable-xhdpi/bottom_bar.png,640,109,,
framework,全局系统控件,系统框架 · xhdpi,btn_bg_dialog.9.png,framework-res,res/drawable-xhdpi/btn_bg_dialog.9.png,166,166,是,
framework,全局系统控件,系统框架 · xhdpi,btn_cab_done_focused_holo_dark.9.png,framework-res,res/drawable-xhdpi/btn_cab_done_focused_holo_dark.9.png,1,54,是,
framework,全局系统控件,系统框架 · xhdpi,btn_cab_done_focused_holo_light.9.png,framework-res,res/drawable-xhdpi/btn_cab_done_focused_holo_light.9.png,1,54,是,
framework,全局系统控件,系统框架 · xhdpi,btn_cab_done_pressed_holo_dark.9.png,framework-res,res/drawable-xhdpi/btn_cab_done_pressed_holo_dark.9.png,1,54,是,
framework,全局系统控件,系统框架 · xhdpi,btn_cab_done_pressed_holo_light.9.png,framework-res,res/drawable-xhdpi/btn_cab_done_pressed_holo_light.9.png,1,54,是,
framework,全局系统控件,系统框架 · xhdpi,btn_check_on_disabled_focused_holo_dark.png,framework-res,res/drawable-xhdpi/btn_check_on_disabled_focused_holo_dark.png,67,60,,
framework,全局系统控件,系统框架 · xhdpi,btn_check_on_disabled_focused_holo_light.png,framework-res,res/drawable-xhdpi/btn_check_on_disabled_focused_holo_light.png,67,60,,
framework,全局系统控件,系统框架 · xhdpi,btn_check_on_disabled_holo_dark.png,framework-res,res/drawable-xhdpi/btn_check_on_disabled_holo_dark.png,67,60,,
framework,全局系统控件,系统框架 · xhdpi,btn_check_on_disabled_holo_light.png,framework-res,res/drawable-xhdpi/btn_check_on_disabled_holo_light.png,67,60,,
framework,全局系统控件,系统框架 · xhdpi,btn_check_on_focused_holo_dark.png,framework-res,res/drawable-xhdpi/btn_check_on_focused_holo_dark.png,67,60,,
framework,全局系统控件,系统框架 · xhdpi,btn_check_on_focused_holo_light.png,framework-res,res/drawable-xhdpi/btn_check_on_focused_holo_light.png,67,60,,
framework,全局系统控件,系统框架 · xhdpi,btn_check_on_holo_dark.png,framework-res,res/drawable-xhdpi/btn_check_on_holo_dark.png,67,60,,
framework,全局系统控件,系统框架 · xhdpi,btn_check_on_holo_light.png,framework-res,res/drawable-xhdpi/btn_check_on_holo_light.png,67,60,,
framework,全局系统控件,系统框架 · xhdpi,btn_check_on_pressed_holo_dark.png,framework-res,res/drawable-xhdpi/btn_check_on_pressed_holo_dark.png,67,60,,
framework,全局系统控件,系统框架 · xhdpi,btn_check_on_pressed_holo_light.png,framework-res,res/drawable-xhdpi/btn_check_on_pressed_holo_light.png,67,60,,
framework,全局系统控件,系统框架 · xhdpi,btn_default.9.png,framework-res,res/drawable-xhdpi/btn_default.9.png,166,166,是,
framework,全局系统控件,系统框架 · xhdpi,btn_default_disabled_focused_holo_dark.9.png,framework-res,res/drawable-xhdpi/btn_default_disabled_focused_holo_dark.9.png,52,64,是,
framework,全局系统控件,系统框架 · xhdpi,btn_default_disabled_focused_holo_light.9.png,framework-res,res/drawable-xhdpi/btn_default_disabled_focused_holo_light.9.png,69,94,是,
framework,全局系统控件,系统框架 · xhdpi,btn_default_disabled_holo_dark.9.png,framework-res,res/drawable-xhdpi/btn_default_disabled_holo_dark.9.png,52,64,是,
framework,全局系统控件,系统框架 · xhdpi,btn_default_disabled_holo_light.9.png,framework-res,res/drawable-xhdpi/btn_default_disabled_holo_light.9.png,69,94,是,
framework,全局系统控件,系统框架 · xhdpi,btn_default_focused_holo_dark.9.png,framework-res,res/drawable-xhdpi/btn_default_focused_holo_dark.9.png,52,64,是,
framework,全局系统控件,系统框架 · xhdpi,btn_default_focused_holo_light.9.png,framework-res,res/drawable-xhdpi/btn_default_focused_holo_light.9.png,69,94,是,
framework,全局系统控件,系统框架 · xhdpi,btn_default_normal.9.png,framework-res,res/drawable-xhdpi/btn_default_normal.9.png,48,96,是,
framework,全局系统控件,系统框架 · xhdpi,btn_default_normal_disable.9.png,framework-res,res/drawable-xhdpi/btn_default_normal_disable.9.png,48,96,是,
framework,全局系统控件,系统框架 · xhdpi,btn_default_normal_disable_focused.9.png,framework-res,res/drawable-xhdpi/btn_default_normal_disable_focused.9.png,48,96,是,
framework,全局系统控件,系统框架 · xhdpi,btn_default_normal_holo_dark.9.png,framework-res,res/drawable-xhdpi/btn_default_normal_holo_dark.9.png,52,64,是,
framework,全局系统控件,系统框架 · xhdpi,btn_default_normal_holo_light.9.png,framework-res,res/drawable-xhdpi/btn_default_normal_holo_light.9.png,69,94,是,
framework,全局系统控件,系统框架 · xhdpi,btn_default_pressed.9.png,framework-res,res/drawable-xhdpi/btn_default_pressed.9.png,48,96,是,
framework,全局系统控件,系统框架 · xhdpi,btn_default_pressed_holo_dark.9.png,framework-res,res/drawable-xhdpi/btn_default_pressed_holo_dark.9.png,52,64,是,
framework,全局系统控件,系统框架 · xhdpi,btn_default_pressed_holo_light.9.png,framework-res,res/drawable-xhdpi/btn_default_pressed_holo_light.9.png,69,94,是,
framework,全局系统控件,系统框架 · xhdpi,btn_default_selected.9.png,framework-res,res/drawable-xhdpi/btn_default_selected.9.png,48,96,是,
framework,全局系统控件,系统框架 · xhdpi,btn_default_small_normal.9.png,framework-res,res/drawable-xhdpi/btn_default_small_normal.9.png,40,72,是,
framework,全局系统控件,系统框架 · xhdpi,btn_default_small_normal_disable.9.png,framework-res,res/drawable-xhdpi/btn_default_small_normal_disable.9.png,40,72,是,
framework,全局系统控件,系统框架 · xhdpi,btn_default_small_normal_disable_focused.9.png,framework-res,res/drawable-xhdpi/btn_default_small_normal_disable_focused.9.png,40,72,是,
framework,全局系统控件,系统框架 · xhdpi,btn_default_small_pressed.9.png,framework-res,res/drawable-xhdpi/btn_default_small_pressed.9.png,40,72,是,
framework,全局系统控件,系统框架 · xhdpi,btn_default_small_selected.9.png,framework-res,res/drawable-xhdpi/btn_default_small_selected.9.png,40,72,是,
framework,全局系统控件,系统框架 · xhdpi,btn_default_transparent_normal.9.png,framework-res,res/drawable-xhdpi/btn_default_transparent_normal.9.png,48,96,是,
framework,全局系统控件,系统框架 · xhdpi,btn_radio_on_disabled_focused_holo_dark.png,framework-res,res/drawable-xhdpi/btn_radio_on_disabled_focused_holo_dark.png,67,60,,
framework,全局系统控件,系统框架 · xhdpi,btn_radio_on_disabled_focused_holo_light.png,framework-res,res/drawable-xhdpi/btn_radio_on_disabled_focused_holo_light.png,67,60,,
framework,全局系统控件,系统框架 · xhdpi,btn_radio_on_disabled_holo_dark.png,framework-res,res/drawable-xhdpi/btn_radio_on_disabled_holo_dark.png,67,60,,
framework,全局系统控件,系统框架 · xhdpi,btn_radio_on_disabled_holo_light.png,framework-res,res/drawable-xhdpi/btn_radio_on_disabled_holo_light.png,67,60,,
framework,全局系统控件,系统框架 · xhdpi,btn_radio_on_focused_holo_dark.png,framework-res,res/drawable-xhdpi/btn_radio_on_focused_holo_dark.png,67,60,,
framework,全局系统控件,系统框架 · xhdpi,btn_radio_on_focused_holo_light.png,framework-res,res/drawable-xhdpi/btn_radio_on_focused_holo_light.png,67,60,,
framework,全局系统控件,系统框架 · xhdpi,btn_radio_on_holo_dark.png,framework-res,res/drawable-xhdpi/btn_radio_on_holo_dark.png,67,60,,
framework,全局系统控件,系统框架 · xhdpi,btn_radio_on_holo_light.png,framework-res,res/drawable-xhdpi/btn_radio_on_holo_light.png,67,60,,
framework,全局系统控件,系统框架 · xhdpi,btn_radio_on_pressed_holo_dark.png,framework-res,res/drawable-xhdpi/btn_radio_on_pressed_holo_dark.png,67,60,,
framework,全局系统控件,系统框架 · xhdpi,btn_radio_on_pressed_holo_light.png,framework-res,res/drawable-xhdpi/btn_radio_on_pressed_holo_light.png,67,60,,
framework,全局系统控件,系统框架 · xhdpi,cab_background_bottom_holo_dark.9.png,framework-res,res/drawable-xhdpi/cab_background_bottom_holo_dark.9.png,48,48,是,
framework,全局系统控件,系统框架 · xhdpi,cab_background_bottom_holo_light.9.png,framework-res,res/drawable-xhdpi/cab_background_bottom_holo_light.9.png,48,48,是,
framework,全局系统控件,系统框架 · xhdpi,cab_background_top_holo_dark.9.png,framework-res,res/drawable-xhdpi/cab_background_top_holo_dark.9.png,48,48,是,
framework,全局系统控件,系统框架 · xhdpi,cab_background_top_holo_light.9.png,framework-res,res/drawable-xhdpi/cab_background_top_holo_light.9.png,48,48,是,
framework,全局系统控件,系统框架 · xhdpi,contact_header_bg.9.png,framework-res,res/drawable-xhdpi/contact_header_bg.9.png,23,131,是,
framework,全局系统控件,系统框架 · xhdpi,桌面壁纸,framework-res,res/drawable-xhdpi/default_wallpaper.jpg,1440,1280,,★
framework,全局系统控件,系统框架 · xhdpi,对话框背景,framework-res,res/drawable-xhdpi/dialog_bg_light.9.png,350,390,是,★
framework,全局系统控件,系统框架 · xhdpi,dialog_bottom_holo_dark.9.png,framework-res,res/drawable-xhdpi/dialog_bottom_holo_dark.9.png,190,54,是,
framework,全局系统控件,系统框架 · xhdpi,dialog_bottom_holo_light.9.png,framework-res,res/drawable-xhdpi/dialog_bottom_holo_light.9.png,190,54,是,
framework,全局系统控件,系统框架 · xhdpi,dialog_button_bottom_holo_dark.9.png,framework-res,res/drawable-xhdpi/dialog_button_bottom_holo_dark.9.png,190,54,是,
framework,全局系统控件,系统框架 · xhdpi,dialog_button_bottom_holo_light.9.png,framework-res,res/drawable-xhdpi/dialog_button_bottom_holo_light.9.png,190,54,是,
framework,全局系统控件,系统框架 · xhdpi,分割线,framework-res,res/drawable-xhdpi/dialog_divider_horizontal_holo_dark.9.png,11,5,是,
framework,全局系统控件,系统框架 · xhdpi,分割线,framework-res,res/drawable-xhdpi/dialog_divider_horizontal_holo_light.9.png,11,5,是,
framework,全局系统控件,系统框架 · xhdpi,分割线,framework-res,res/drawable-xhdpi/dialog_divider_horizontal_light.9.png,517,3,是,
framework,全局系统控件,系统框架 · xhdpi,dialog_full_holo_dark.9.png,framework-res,res/drawable-xhdpi/dialog_full_holo_dark.9.png,190,88,是,
framework,全局系统控件,系统框架 · xhdpi,dialog_full_holo_light.9.png,framework-res,res/drawable-xhdpi/dialog_full_holo_light.9.png,190,88,是,
framework,全局系统控件,系统框架 · xhdpi,dialog_material.9.png,framework-res,res/drawable-xhdpi/dialog_material.9.png,350,390,是,
framework,全局系统控件,系统框架 · xhdpi,dialog_menu.9.png,framework-res,res/drawable-xhdpi/dialog_menu.9.png,350,390,是,
framework,全局系统控件,系统框架 · xhdpi,dialog_middle_holo.9.png,framework-res,res/drawable-xhdpi/dialog_middle_holo.9.png,190,1,是,
framework,全局系统控件,系统框架 · xhdpi,dialog_middle_holo_dark.9.png,framework-res,res/drawable-xhdpi/dialog_middle_holo_dark.9.png,190,1,是,
framework,全局系统控件,系统框架 · xhdpi,dialog_middle_holo_light.9.png,framework-res,res/drawable-xhdpi/dialog_middle_holo_light.9.png,190,1,是,
framework,全局系统控件,系统框架 · xhdpi,dialog_top.9.png,framework-res,res/drawable-xhdpi/dialog_top.9.png,350,390,是,
framework,全局系统控件,系统框架 · xhdpi,dialog_top_holo_dark.9.png,framework-res,res/drawable-xhdpi/dialog_top_holo_dark.9.png,190,54,是,
framework,全局系统控件,系统框架 · xhdpi,dialog_top_holo_light.9.png,framework-res,res/drawable-xhdpi/dialog_top_holo_light.9.png,190,54,是,
framework,全局系统控件,系统框架 · xhdpi,分割线,framework-res,res/drawable-xhdpi/divider_horizontal_bright.9.png,1,1,是,
framework,全局系统控件,系统框架 · xhdpi,分割线,framework-res,res/drawable-xhdpi/divider_horizontal_bright_opaque.9.png,1,1,是,
framework,全局系统控件,系统框架 · xhdpi,分割线,framework-res,res/drawable-xhdpi/divider_horizontal_dark.9.png,1,1,是,
framework,全局系统控件,系统框架 · xhdpi,分割线,framework-res,res/drawable-xhdpi/divider_horizontal_dim_dark.9.png,1,1,是,
framework,全局系统控件,系统框架 · xhdpi,分割线,framework-res,res/drawable-xhdpi/divider_horizontal_holo_dark.9.png,10,8,是,
framework,全局系统控件,系统框架 · xhdpi,分割线,framework-res,res/drawable-xhdpi/divider_horizontal_holo_light.9.png,6,8,是,
framework,全局系统控件,系统框架 · xhdpi,分割线,framework-res,res/drawable-xhdpi/divider_vertical_bright.9.png,1,1,是,
framework,全局系统控件,系统框架 · xhdpi,分割线,framework-res,res/drawable-xhdpi/divider_vertical_bright_opaque.9.png,1,1,是,
framework,全局系统控件,系统框架 · xhdpi,分割线,framework-res,res/drawable-xhdpi/divider_vertical_dark.9.png,1,1,是,
framework,全局系统控件,系统框架 · xhdpi,edit_query_background_normal.9.png,framework-res,res/drawable-xhdpi/edit_query_background_normal.9.png,101,101,是,
framework,全局系统控件,系统框架 · xhdpi,edit_text_material.9.png,framework-res,res/drawable-xhdpi/edit_text_material.9.png,108,96,是,
framework,全局系统控件,系统框架 · xhdpi,fastscroll_thumb_default_holo.png,framework-res,res/drawable-xhdpi/fastscroll_thumb_default_holo.png,27,74,,
framework,全局系统控件,系统框架 · xhdpi,fastscroll_thumb_pressed_holo.png,framework-res,res/drawable-xhdpi/fastscroll_thumb_pressed_holo.png,28,76,,
framework,全局系统控件,系统框架 · xhdpi,highlight_pressed.9.png,framework-res,res/drawable-xhdpi/highlight_pressed.9.png,12,12,是,
framework,全局系统控件,系统框架 · xhdpi,ic_ab_back_holo_light.png,framework-res,res/drawable-xhdpi/ic_ab_back_holo_light.png,100,100,,
framework,全局系统控件,系统框架 · xhdpi,ic_btn_search.png,framework-res,res/drawable-xhdpi/ic_btn_search.png,64,64,,
framework,全局系统控件,系统框架 · xhdpi,ic_cab_done_holo_light.png,framework-res,res/drawable-xhdpi/ic_cab_done_holo_light.png,100,100,,
framework,全局系统控件,系统框架 · xhdpi,ic_dialog_alert_holo_dark.png,framework-res,res/drawable-xhdpi/ic_dialog_alert_holo_dark.png,64,64,,
framework,全局系统控件,系统框架 · xhdpi,ic_dialog_alert_holo_light.png,framework-res,res/drawable-xhdpi/ic_dialog_alert_holo_light.png,64,64,,
framework,全局系统控件,系统框架 · xhdpi,light_header.9.png,framework-res,res/drawable-xhdpi/light_header.9.png,1,49,是,
framework,全局系统控件,系统框架 · xhdpi,list_activated_holo.9.png,framework-res,res/drawable-xhdpi/list_activated_holo.9.png,12,12,是,
framework,全局系统控件,系统框架 · xhdpi,分割线,framework-res,res/drawable-xhdpi/list_dashed_divider.9.png,700,1,是,
framework,全局系统控件,系统框架 · xhdpi,分割线,framework-res,res/drawable-xhdpi/list_divider_holo_dark.9.png,2,1,是,
framework,全局系统控件,系统框架 · xhdpi,分割线,framework-res,res/drawable-xhdpi/list_divider_holo_light.9.png,2,1,是,
framework,全局系统控件,系统框架 · xhdpi,list_focused_holo.9.png,framework-res,res/drawable-xhdpi/list_focused_holo.9.png,12,12,是,
framework,全局系统控件,系统框架 · xhdpi,list_longpressed_holo.9.png,framework-res,res/drawable-xhdpi/list_longpressed_holo.9.png,12,12,是,
framework,全局系统控件,系统框架 · xhdpi,list_pressed_holo_dark.9.png,framework-res,res/drawable-xhdpi/list_pressed_holo_dark.9.png,12,12,是,
framework,全局系统控件,系统框架 · xhdpi,list_pressed_holo_light.9.png,framework-res,res/drawable-xhdpi/list_pressed_holo_light.9.png,12,12,是,
framework,全局系统控件,系统框架 · xhdpi,分割线,framework-res,res/drawable-xhdpi/list_section_divider_holo_light.9.png,240,50,是,
framework,全局系统控件,系统框架 · xhdpi,list_section_header_holo_light.9.png,framework-res,res/drawable-xhdpi/list_section_header_holo_light.9.png,20,72,是,
framework,全局系统控件,系统框架 · xhdpi,list_selected_holo_dark.9.png,framework-res,res/drawable-xhdpi/list_selected_holo_dark.9.png,12,12,是,
framework,全局系统控件,系统框架 · xhdpi,list_selected_holo_light.9.png,framework-res,res/drawable-xhdpi/list_selected_holo_light.9.png,12,12,是,
framework,全局系统控件,系统框架 · xhdpi,list_selector_background_default.9.png,framework-res,res/drawable-xhdpi/list_selector_background_default.9.png,96,96,是,
framework,全局系统控件,系统框架 · xhdpi,list_selector_background_default_light.9.png,framework-res,res/drawable-xhdpi/list_selector_background_default_light.9.png,96,96,是,
framework,全局系统控件,系统框架 · xhdpi,list_selector_background_pressed.9.png,framework-res,res/drawable-xhdpi/list_selector_background_pressed.9.png,15,21,是,
framework,全局系统控件,系统框架 · xhdpi,list_selector_background_pressed_light.9.png,framework-res,res/drawable-xhdpi/list_selector_background_pressed_light.9.png,96,96,是,
framework,全局系统控件,系统框架 · xhdpi,menu_background.9.png,framework-res,res/drawable-xhdpi/menu_background.9.png,53,25,是,
framework,全局系统控件,系统框架 · xhdpi,menu_background_fill_parent_width.9.png,framework-res,res/drawable-xhdpi/menu_background_fill_parent_width.9.png,41,40,是,
framework,全局系统控件,系统框架 · xhdpi,menu_dropdown_panel_holo_light.9.png,framework-res,res/drawable-xhdpi/menu_dropdown_panel_holo_light.9.png,52,24,是,
framework,全局系统控件,系统框架 · xhdpi,menu_hardkey_panel_holo_light.9.png,framework-res,res/drawable-xhdpi/menu_hardkey_panel_holo_light.9.png,62,80,是,
framework,全局系统控件,系统框架 · xhdpi,分割线,framework-res,res/drawable-xhdpi/numberpicker_selection_divider.9.png,4,4,是,
framework,全局系统控件,系统框架 · xhdpi,overscroll_edge.png,framework-res,res/drawable-xhdpi/overscroll_edge.png,1044,24,,
framework,全局系统控件,系统框架 · xhdpi,overscroll_glow.png,framework-res,res/drawable-xhdpi/overscroll_glow.png,1044,270,,
framework,全局系统控件,系统框架 · xhdpi,panel_background.9.png,framework-res,res/drawable-xhdpi/panel_background.9.png,190,88,是,
framework,全局系统控件,系统框架 · xhdpi,picture_frame.9.png,framework-res,res/drawable-xhdpi/picture_frame.9.png,56,52,是,
framework,全局系统控件,系统框架 · xhdpi,pointer_spot_touch.png,framework-res,res/drawable-xhdpi/pointer_spot_touch.png,79,77,,
framework,全局系统控件,系统框架 · xhdpi,popup_bottom_bright.9.png,framework-res,res/drawable-xhdpi/popup_bottom_bright.9.png,101,76,是,
framework,全局系统控件,系统框架 · xhdpi,popup_bottom_dark.9.png,framework-res,res/drawable-xhdpi/popup_bottom_dark.9.png,101,76,是,
framework,全局系统控件,系统框架 · xhdpi,popup_bottom_medium.9.png,framework-res,res/drawable-xhdpi/popup_bottom_medium.9.png,101,76,是,
framework,全局系统控件,系统框架 · xhdpi,popup_center_bright.9.png,framework-res,res/drawable-xhdpi/popup_center_bright.9.png,101,9,是,
framework,全局系统控件,系统框架 · xhdpi,popup_center_dark.9.png,framework-res,res/drawable-xhdpi/popup_center_dark.9.png,101,9,是,
framework,全局系统控件,系统框架 · xhdpi,popup_center_medium.9.png,framework-res,res/drawable-xhdpi/popup_center_medium.9.png,101,9,是,
framework,全局系统控件,系统框架 · xhdpi,popup_full_bright.9.png,framework-res,res/drawable-xhdpi/popup_full_bright.9.png,101,101,是,
framework,全局系统控件,系统框架 · xhdpi,popup_full_dark.9.png,framework-res,res/drawable-xhdpi/popup_full_dark.9.png,101,101,是,
framework,全局系统控件,系统框架 · xhdpi,popup_top_bright.9.png,framework-res,res/drawable-xhdpi/popup_top_bright.9.png,101,76,是,
framework,全局系统控件,系统框架 · xhdpi,popup_top_dark.9.png,framework-res,res/drawable-xhdpi/popup_top_dark.9.png,101,76,是,
framework,全局系统控件,系统框架 · xhdpi,progress_bg_holo_dark.9.png,framework-res,res/drawable-xhdpi/progress_bg_holo_dark.9.png,8,32,是,
framework,全局系统控件,系统框架 · xhdpi,progress_bg_holo_light.9.png,framework-res,res/drawable-xhdpi/progress_bg_holo_light.9.png,8,32,是,
framework,全局系统控件,系统框架 · xhdpi,progress_primary_holo_dark.9.png,framework-res,res/drawable-xhdpi/progress_primary_holo_dark.9.png,15,32,是,
framework,全局系统控件,系统框架 · xhdpi,progress_primary_holo_light.9.png,framework-res,res/drawable-xhdpi/progress_primary_holo_light.9.png,15,32,是,
framework,全局系统控件,系统框架 · xhdpi,progress_secondary_holo_dark.9.png,framework-res,res/drawable-xhdpi/progress_secondary_holo_dark.9.png,8,32,是,
framework,全局系统控件,系统框架 · xhdpi,progress_secondary_holo_light.9.png,framework-res,res/drawable-xhdpi/progress_secondary_holo_light.9.png,8,32,是,
framework,全局系统控件,系统框架 · xhdpi,进度条,framework-res,res/drawable-xhdpi/progressbar_indeterminate_holo1.png,1212,18,,
framework,全局系统控件,系统框架 · xhdpi,进度条,framework-res,res/drawable-xhdpi/progressbar_indeterminate_holo2.png,1212,18,,
framework,全局系统控件,系统框架 · xhdpi,进度条,framework-res,res/drawable-xhdpi/progressbar_indeterminate_holo3.png,1212,18,,
framework,全局系统控件,系统框架 · xhdpi,进度条,framework-res,res/drawable-xhdpi/progressbar_indeterminate_holo4.png,1212,18,,
framework,全局系统控件,系统框架 · xhdpi,进度条,framework-res,res/drawable-xhdpi/progressbar_indeterminate_holo5.png,1212,18,,
framework,全局系统控件,系统框架 · xhdpi,进度条,framework-res,res/drawable-xhdpi/progressbar_indeterminate_holo6.png,1212,18,,
framework,全局系统控件,系统框架 · xhdpi,进度条,framework-res,res/drawable-xhdpi/progressbar_indeterminate_holo7.png,1212,18,,
framework,全局系统控件,系统框架 · xhdpi,进度条,framework-res,res/drawable-xhdpi/progressbar_indeterminate_holo8.png,1212,18,,
framework,全局系统控件,系统框架 · xhdpi,quickcontact_badge_overlay_pressed_light.9.png,framework-res,res/drawable-xhdpi/quickcontact_badge_overlay_pressed_light.9.png,48,48,是,
framework,全局系统控件,系统框架 · xhdpi,search_plate_global.9.png,framework-res,res/drawable-xhdpi/search_plate_global.9.png,40,108,是,
framework,全局系统控件,系统框架 · xhdpi,spinner_16_inner_holo.png,framework-res,res/drawable-xhdpi/spinner_16_inner_holo.png,32,32,,
framework,全局系统控件,系统框架 · xhdpi,spinner_16_outer_holo.png,framework-res,res/drawable-xhdpi/spinner_16_outer_holo.png,32,32,,
framework,全局系统控件,系统框架 · xhdpi,spinner_20_inner_holo.png,framework-res,res/drawable-xhdpi/spinner_20_inner_holo.png,40,40,,
framework,全局系统控件,系统框架 · xhdpi,spinner_20_outer_holo.png,framework-res,res/drawable-xhdpi/spinner_20_outer_holo.png,40,40,,
framework,全局系统控件,系统框架 · xhdpi,spinner_48_inner_holo.png,framework-res,res/drawable-xhdpi/spinner_48_inner_holo.png,96,96,,
framework,全局系统控件,系统框架 · xhdpi,spinner_48_outer_holo.png,framework-res,res/drawable-xhdpi/spinner_48_outer_holo.png,96,96,,
framework,全局系统控件,系统框架 · xhdpi,spinner_76_inner_holo.png,framework-res,res/drawable-xhdpi/spinner_76_inner_holo.png,152,152,,
framework,全局系统控件,系统框架 · xhdpi,spinner_76_outer_holo.png,framework-res,res/drawable-xhdpi/spinner_76_outer_holo.png,152,152,,
framework,全局系统控件,系统框架 · xhdpi,spinner_ab_pressed_holo_dark.9.png,framework-res,res/drawable-xhdpi/spinner_ab_pressed_holo_dark.9.png,33,48,是,
framework,全局系统控件,系统框架 · xhdpi,spinner_ab_pressed_holo_light.9.png,framework-res,res/drawable-xhdpi/spinner_ab_pressed_holo_light.9.png,33,48,是,
framework,全局系统控件,系统框架 · xhdpi,spinner_black_16.png,framework-res,res/drawable-xhdpi/spinner_black_16.png,32,32,,
framework,全局系统控件,系统框架 · xhdpi,spinner_black_20.png,framework-res,res/drawable-xhdpi/spinner_black_20.png,40,40,,
framework,全局系统控件,系统框架 · xhdpi,spinner_black_48.png,framework-res,res/drawable-xhdpi/spinner_black_48.png,96,96,,
framework,全局系统控件,系统框架 · xhdpi,spinner_black_76.png,framework-res,res/drawable-xhdpi/spinner_black_76.png,144,144,,
framework,全局系统控件,系统框架 · xhdpi,spinner_pressed_holo_light.9.png,framework-res,res/drawable-xhdpi/spinner_pressed_holo_light.9.png,33,48,是,
framework,全局系统控件,系统框架 · xhdpi,spinner_white_16.png,framework-res,res/drawable-xhdpi/spinner_white_16.png,32,32,,
framework,全局系统控件,系统框架 · xhdpi,spinner_white_48.png,framework-res,res/drawable-xhdpi/spinner_white_48.png,96,96,,
framework,全局系统控件,系统框架 · xhdpi,spinner_white_76.png,framework-res,res/drawable-xhdpi/spinner_white_76.png,144,144,,
framework,全局系统控件,系统框架 · xhdpi,stat_notify_missed_call.png,framework-res,res/drawable-xhdpi/stat_notify_missed_call.png,36,36,,
framework,全局系统控件,系统框架 · xhdpi,stat_notify_sdcard.png,framework-res,res/drawable-xhdpi/stat_notify_sdcard.png,50,50,,
framework,全局系统控件,系统框架 · xhdpi,stat_notify_sdcard_prepare.png,framework-res,res/drawable-xhdpi/stat_notify_sdcard_prepare.png,50,50,,
framework,全局系统控件,系统框架 · xhdpi,【状态栏】系统图标,framework-res,res/drawable-xhdpi/stat_sys_adb.png,36,36,,
framework,全局系统控件,系统框架 · xhdpi,【状态栏】系统图标,framework-res,res/drawable-xhdpi/stat_sys_data_usb.png,36,36,,
framework,全局系统控件,系统框架 · xhdpi,【状态栏】系统图标,framework-res,res/drawable-xhdpi/stat_sys_download_anim0.png,36,36,,
framework,全局系统控件,系统框架 · xhdpi,【状态栏】系统图标,framework-res,res/drawable-xhdpi/stat_sys_download_anim1.png,36,36,,
framework,全局系统控件,系统框架 · xhdpi,【状态栏】系统图标,framework-res,res/drawable-xhdpi/stat_sys_download_anim2.png,36,36,,
framework,全局系统控件,系统框架 · xhdpi,【状态栏】系统图标,framework-res,res/drawable-xhdpi/stat_sys_download_anim3.png,36,36,,
framework,全局系统控件,系统框架 · xhdpi,【状态栏】系统图标,framework-res,res/drawable-xhdpi/stat_sys_download_anim4.png,36,36,,
framework,全局系统控件,系统框架 · xhdpi,【状态栏】系统图标,framework-res,res/drawable-xhdpi/stat_sys_download_anim5.png,36,36,,
framework,全局系统控件,系统框架 · xhdpi,【状态栏】系统图标,framework-res,res/drawable-xhdpi/stat_sys_warning.png,48,48,,
framework,全局系统控件,系统框架 · xhdpi,switch_thumb_activated_holo_dark.9.png,framework-res,res/drawable-xhdpi/switch_thumb_activated_holo_dark.9.png,78,42,是,
framework,全局系统控件,系统框架 · xhdpi,switch_thumb_activated_holo_light.9.png,framework-res,res/drawable-xhdpi/switch_thumb_activated_holo_light.9.png,78,42,是,
framework,全局系统控件,系统框架 · xhdpi,switch_thumb_pressed_holo_dark.9.png,framework-res,res/drawable-xhdpi/switch_thumb_pressed_holo_dark.9.png,78,42,是,
framework,全局系统控件,系统框架 · xhdpi,switch_thumb_pressed_holo_light.9.png,framework-res,res/drawable-xhdpi/switch_thumb_pressed_holo_light.9.png,78,42,是,
framework,全局系统控件,系统框架 · xhdpi,tab_focus_bar_left.9.png,framework-res,res/drawable-xhdpi/tab_focus_bar_left.9.png,2,6,是,
framework,全局系统控件,系统框架 · xhdpi,tab_focus_bar_right.9.png,framework-res,res/drawable-xhdpi/tab_focus_bar_right.9.png,2,6,是,
framework,全局系统控件,系统框架 · xhdpi,tab_indicator_ab_holo.9.png,framework-res,res/drawable-xhdpi/tab_indicator_ab_holo.9.png,108,96,是,
framework,全局系统控件,系统框架 · xhdpi,tab_press_bar_left.9.png,framework-res,res/drawable-xhdpi/tab_press_bar_left.9.png,2,6,是,
framework,全局系统控件,系统框架 · xhdpi,tab_press_bar_right.9.png,framework-res,res/drawable-xhdpi/tab_press_bar_right.9.png,2,6,是,
framework,全局系统控件,系统框架 · xhdpi,tab_selected_bar_left.9.png,framework-res,res/drawable-xhdpi/tab_selected_bar_left.9.png,2,6,是,
framework,全局系统控件,系统框架 · xhdpi,tab_selected_bar_left_v4.9.png,framework-res,res/drawable-xhdpi/tab_selected_bar_left_v4.9.png,1,5,是,
framework,全局系统控件,系统框架 · xhdpi,tab_selected_bar_right.9.png,framework-res,res/drawable-xhdpi/tab_selected_bar_right.9.png,2,6,是,
framework,全局系统控件,系统框架 · xhdpi,tab_selected_bar_right_v4.9.png,framework-res,res/drawable-xhdpi/tab_selected_bar_right_v4.9.png,1,5,是,
framework,全局系统控件,系统框架 · xhdpi,tab_selected_focused_holo.9.png,framework-res,res/drawable-xhdpi/tab_selected_focused_holo.9.png,4,16,是,
framework,全局系统控件,系统框架 · xhdpi,tab_selected_holo.9.png,framework-res,res/drawable-xhdpi/tab_selected_holo.9.png,4,16,是,
framework,全局系统控件,系统框架 · xhdpi,tab_selected_pressed_holo.9.png,framework-res,res/drawable-xhdpi/tab_selected_pressed_holo.9.png,4,16,是,
framework,全局系统控件,系统框架 · xhdpi,tab_unselected_focused_holo.9.png,framework-res,res/drawable-xhdpi/tab_unselected_focused_holo.9.png,4,8,是,
framework,全局系统控件,系统框架 · xhdpi,tab_unselected_holo.9.png,framework-res,res/drawable-xhdpi/tab_unselected_holo.9.png,4,8,是,
framework,全局系统控件,系统框架 · xhdpi,tab_unselected_pressed_holo.9.png,framework-res,res/drawable-xhdpi/tab_unselected_pressed_holo.9.png,4,8,是,
framework,全局系统控件,系统框架 · xhdpi,textfield_activated_holo_light.9.png,framework-res,res/drawable-xhdpi/textfield_activated_holo_light.9.png,52,64,是,
framework,全局系统控件,系统框架 · xhdpi,textfield_focused_holo_light.9.png,framework-res,res/drawable-xhdpi/textfield_focused_holo_light.9.png,52,64,是,
framework,全局系统控件,系统框架 · xhdpi,textfield_multiline_activated_holo_light.9.png,framework-res,res/drawable-xhdpi/textfield_multiline_activated_holo_light.9.png,52,64,是,
framework,全局系统控件,系统框架 · xhdpi,textfield_multiline_focused_holo_light.9.png,framework-res,res/drawable-xhdpi/textfield_multiline_focused_holo_light.9.png,52,64,是,
framework,全局系统控件,系统框架 · xhdpi,textfield_search_default_holo_light.9.png,framework-res,res/drawable-xhdpi/textfield_search_default_holo_light.9.png,77,72,是,
framework,全局系统控件,系统框架 · xhdpi,textfield_search_selected_holo_light.9.png,framework-res,res/drawable-xhdpi/textfield_search_selected_holo_light.9.png,77,72,是,
framework,全局系统控件,系统框架 · xhdpi,toast_frame.9.png,framework-res,res/drawable-xhdpi/toast_frame.9.png,245,200,是,
framework,全局系统控件,系统框架 · xhdpi,toast_frame_holo.9.png,framework-res,res/drawable-xhdpi/toast_frame_holo.9.png,245,200,是,
framework,全局系统控件,系统框架 · xhdpi,transportcontrol_bg.9.png,framework-res,res/drawable-xhdpi/transportcontrol_bg.9.png,108,96,是,
framework,全局系统控件,系统框架 · xxhdpi,ab_bottom_solid_light_holo.9.png,framework-res,res/drawable-xxhdpi/ab_bottom_solid_light_holo.9.png,72,72,是,
framework,全局系统控件,系统框架 · xxhdpi,ab_bottom_transparent_dark_holo.9.png,framework-res,res/drawable-xxhdpi/ab_bottom_transparent_dark_holo.9.png,48,48,是,
framework,全局系统控件,系统框架 · xxhdpi,ab_bottom_transparent_light_holo.9.png,framework-res,res/drawable-xxhdpi/ab_bottom_transparent_light_holo.9.png,72,72,是,
framework,全局系统控件,系统框架 · xxhdpi,ab_share_pack_holo_dark.9.png,framework-res,res/drawable-xxhdpi/ab_share_pack_holo_dark.9.png,48,48,是,
framework,全局系统控件,系统框架 · xxhdpi,ab_share_pack_holo_light.9.png,framework-res,res/drawable-xxhdpi/ab_share_pack_holo_light.9.png,48,48,是,
framework,全局系统控件,系统框架 · xxhdpi,ab_share_pack_mtrl_alpha.9.png,framework-res,res/drawable-xxhdpi/ab_share_pack_mtrl_alpha.9.png,48,48,是,
framework,全局系统控件,系统框架 · xxhdpi,ab_solid_light_holo.9.png,framework-res,res/drawable-xxhdpi/ab_solid_light_holo.9.png,72,72,是,
framework,全局系统控件,系统框架 · xxhdpi,ab_solid_shadow_holo.9.png,framework-res,res/drawable-xxhdpi/ab_solid_shadow_holo.9.png,48,48,是,
framework,全局系统控件,系统框架 · xxhdpi,ab_solid_shadow_mtrl_alpha.9.png,framework-res,res/drawable-xxhdpi/ab_solid_shadow_mtrl_alpha.9.png,48,48,是,
framework,全局系统控件,系统框架 · xxhdpi,ab_stacked_solid_light_holo.9.png,framework-res,res/drawable-xxhdpi/ab_stacked_solid_light_holo.9.png,72,72,是,
framework,全局系统控件,系统框架 · xxhdpi,ab_stacked_transparent_dark_holo.9.png,framework-res,res/drawable-xxhdpi/ab_stacked_transparent_dark_holo.9.png,72,72,是,
framework,全局系统控件,系统框架 · xxhdpi,ab_stacked_transparent_light_holo.9.png,framework-res,res/drawable-xxhdpi/ab_stacked_transparent_light_holo.9.png,72,72,是,
framework,全局系统控件,系统框架 · xxhdpi,ab_transparent_dark_holo.9.png,framework-res,res/drawable-xxhdpi/ab_transparent_dark_holo.9.png,48,48,是,
framework,全局系统控件,系统框架 · xxhdpi,ab_transparent_light_holo.9.png,framework-res,res/drawable-xxhdpi/ab_transparent_light_holo.9.png,48,48,是,
framework,全局系统控件,系统框架 · xxhdpi,bottom_bar.png,framework-res,res/drawable-xxhdpi/bottom_bar.png,640,109,,
framework,全局系统控件,系统框架 · xxhdpi,btn_bg_dialog.9.png,framework-res,res/drawable-xxhdpi/btn_bg_dialog.9.png,166,166,是,
framework,全局系统控件,系统框架 · xxhdpi,btn_cab_done_focused_holo_dark.9.png,framework-res,res/drawable-xxhdpi/btn_cab_done_focused_holo_dark.9.png,1,54,是,
framework,全局系统控件,系统框架 · xxhdpi,btn_cab_done_focused_holo_light.9.png,framework-res,res/drawable-xxhdpi/btn_cab_done_focused_holo_light.9.png,1,54,是,
framework,全局系统控件,系统框架 · xxhdpi,btn_cab_done_pressed_holo_dark.9.png,framework-res,res/drawable-xxhdpi/btn_cab_done_pressed_holo_dark.9.png,1,54,是,
framework,全局系统控件,系统框架 · xxhdpi,btn_cab_done_pressed_holo_light.9.png,framework-res,res/drawable-xxhdpi/btn_cab_done_pressed_holo_light.9.png,1,54,是,
framework,全局系统控件,系统框架 · xxhdpi,btn_check_on_disabled_focused_holo_dark.png,framework-res,res/drawable-xxhdpi/btn_check_on_disabled_focused_holo_dark.png,67,60,,
framework,全局系统控件,系统框架 · xxhdpi,btn_check_on_disabled_focused_holo_light.png,framework-res,res/drawable-xxhdpi/btn_check_on_disabled_focused_holo_light.png,67,60,,
framework,全局系统控件,系统框架 · xxhdpi,btn_check_on_disabled_holo_dark.png,framework-res,res/drawable-xxhdpi/btn_check_on_disabled_holo_dark.png,67,60,,
framework,全局系统控件,系统框架 · xxhdpi,btn_check_on_disabled_holo_light.png,framework-res,res/drawable-xxhdpi/btn_check_on_disabled_holo_light.png,67,60,,
framework,全局系统控件,系统框架 · xxhdpi,btn_check_on_focused_holo_dark.png,framework-res,res/drawable-xxhdpi/btn_check_on_focused_holo_dark.png,67,60,,
framework,全局系统控件,系统框架 · xxhdpi,btn_check_on_focused_holo_light.png,framework-res,res/drawable-xxhdpi/btn_check_on_focused_holo_light.png,67,60,,
framework,全局系统控件,系统框架 · xxhdpi,btn_check_on_holo_dark.png,framework-res,res/drawable-xxhdpi/btn_check_on_holo_dark.png,67,60,,
framework,全局系统控件,系统框架 · xxhdpi,btn_check_on_holo_light.png,framework-res,res/drawable-xxhdpi/btn_check_on_holo_light.png,67,60,,
framework,全局系统控件,系统框架 · xxhdpi,btn_check_on_pressed_holo_dark.png,framework-res,res/drawable-xxhdpi/btn_check_on_pressed_holo_dark.png,67,60,,
framework,全局系统控件,系统框架 · xxhdpi,btn_check_on_pressed_holo_light.png,framework-res,res/drawable-xxhdpi/btn_check_on_pressed_holo_light.png,67,60,,
framework,全局系统控件,系统框架 · xxhdpi,btn_default.9.png,framework-res,res/drawable-xxhdpi/btn_default.9.png,166,166,是,
framework,全局系统控件,系统框架 · xxhdpi,btn_default_disabled_focused_holo_dark.9.png,framework-res,res/drawable-xxhdpi/btn_default_disabled_focused_holo_dark.9.png,52,64,是,
framework,全局系统控件,系统框架 · xxhdpi,btn_default_disabled_focused_holo_light.9.png,framework-res,res/drawable-xxhdpi/btn_default_disabled_focused_holo_light.9.png,69,94,是,
framework,全局系统控件,系统框架 · xxhdpi,btn_default_disabled_holo.9.png,framework-res,res/drawable-xxhdpi/btn_default_disabled_holo.9.png,32,32,是,
framework,全局系统控件,系统框架 · xxhdpi,btn_default_disabled_holo_dark.9.png,framework-res,res/drawable-xxhdpi/btn_default_disabled_holo_dark.9.png,52,64,是,
framework,全局系统控件,系统框架 · xxhdpi,btn_default_disabled_holo_light.9.png,framework-res,res/drawable-xxhdpi/btn_default_disabled_holo_light.9.png,69,94,是,
framework,全局系统控件,系统框架 · xxhdpi,btn_default_focused_holo.9.png,framework-res,res/drawable-xxhdpi/btn_default_focused_holo.9.png,32,32,是,
framework,全局系统控件,系统框架 · xxhdpi,btn_default_focused_holo_dark.9.png,framework-res,res/drawable-xxhdpi/btn_default_focused_holo_dark.9.png,52,64,是,
framework,全局系统控件,系统框架 · xxhdpi,btn_default_focused_holo_light.9.png,framework-res,res/drawable-xxhdpi/btn_default_focused_holo_light.9.png,69,94,是,
framework,全局系统控件,系统框架 · xxhdpi,btn_default_normal.9.png,framework-res,res/drawable-xxhdpi/btn_default_normal.9.png,48,96,是,
framework,全局系统控件,系统框架 · xxhdpi,btn_default_normal_disable.9.png,framework-res,res/drawable-xxhdpi/btn_default_normal_disable.9.png,48,96,是,
framework,全局系统控件,系统框架 · xxhdpi,btn_default_normal_disable_focused.9.png,framework-res,res/drawable-xxhdpi/btn_default_normal_disable_focused.9.png,48,96,是,
framework,全局系统控件,系统框架 · xxhdpi,btn_default_normal_holo.9.png,framework-res,res/drawable-xxhdpi/btn_default_normal_holo.9.png,32,32,是,
framework,全局系统控件,系统框架 · xxhdpi,btn_default_normal_holo_dark.9.png,framework-res,res/drawable-xxhdpi/btn_default_normal_holo_dark.9.png,52,64,是,
framework,全局系统控件,系统框架 · xxhdpi,btn_default_normal_holo_light.9.png,framework-res,res/drawable-xxhdpi/btn_default_normal_holo_light.9.png,69,94,是,
framework,全局系统控件,系统框架 · xxhdpi,btn_default_pressed.9.png,framework-res,res/drawable-xxhdpi/btn_default_pressed.9.png,48,96,是,
framework,全局系统控件,系统框架 · xxhdpi,btn_default_pressed_holo.9.png,framework-res,res/drawable-xxhdpi/btn_default_pressed_holo.9.png,32,32,是,
framework,全局系统控件,系统框架 · xxhdpi,btn_default_pressed_holo_dark.9.png,framework-res,res/drawable-xxhdpi/btn_default_pressed_holo_dark.9.png,52,64,是,
framework,全局系统控件,系统框架 · xxhdpi,btn_default_pressed_holo_light.9.png,framework-res,res/drawable-xxhdpi/btn_default_pressed_holo_light.9.png,69,94,是,
framework,全局系统控件,系统框架 · xxhdpi,btn_default_selected.9.png,framework-res,res/drawable-xxhdpi/btn_default_selected.9.png,48,96,是,
framework,全局系统控件,系统框架 · xxhdpi,btn_default_small_normal.9.png,framework-res,res/drawable-xxhdpi/btn_default_small_normal.9.png,40,72,是,
framework,全局系统控件,系统框架 · xxhdpi,btn_default_small_normal_disable.9.png,framework-res,res/drawable-xxhdpi/btn_default_small_normal_disable.9.png,40,72,是,
framework,全局系统控件,系统框架 · xxhdpi,btn_default_small_normal_disable_focused.9.png,framework-res,res/drawable-xxhdpi/btn_default_small_normal_disable_focused.9.png,40,72,是,
framework,全局系统控件,系统框架 · xxhdpi,btn_default_small_pressed.9.png,framework-res,res/drawable-xxhdpi/btn_default_small_pressed.9.png,40,72,是,
framework,全局系统控件,系统框架 · xxhdpi,btn_default_small_selected.9.png,framework-res,res/drawable-xxhdpi/btn_default_small_selected.9.png,40,72,是,
framework,全局系统控件,系统框架 · xxhdpi,btn_default_transparent_normal.9.png,framework-res,res/drawable-xxhdpi/btn_default_transparent_normal.9.png,48,96,是,
framework,全局系统控件,系统框架 · xxhdpi,btn_radio_on_disabled_focused_holo_dark.png,framework-res,res/drawable-xxhdpi/btn_radio_on_disabled_focused_holo_dark.png,67,60,,
framework,全局系统控件,系统框架 · xxhdpi,btn_radio_on_disabled_focused_holo_light.png,framework-res,res/drawable-xxhdpi/btn_radio_on_disabled_focused_holo_light.png,67,60,,
framework,全局系统控件,系统框架 · xxhdpi,btn_radio_on_disabled_holo_dark.png,framework-res,res/drawable-xxhdpi/btn_radio_on_disabled_holo_dark.png,67,60,,
framework,全局系统控件,系统框架 · xxhdpi,btn_radio_on_disabled_holo_light.png,framework-res,res/drawable-xxhdpi/btn_radio_on_disabled_holo_light.png,67,60,,
framework,全局系统控件,系统框架 · xxhdpi,btn_radio_on_focused_holo_dark.png,framework-res,res/drawable-xxhdpi/btn_radio_on_focused_holo_dark.png,67,60,,
framework,全局系统控件,系统框架 · xxhdpi,btn_radio_on_focused_holo_light.png,framework-res,res/drawable-xxhdpi/btn_radio_on_focused_holo_light.png,67,60,,
framework,全局系统控件,系统框架 · xxhdpi,btn_radio_on_holo_dark.png,framework-res,res/drawable-xxhdpi/btn_radio_on_holo_dark.png,67,60,,
framework,全局系统控件,系统框架 · xxhdpi,btn_radio_on_holo_light.png,framework-res,res/drawable-xxhdpi/btn_radio_on_holo_light.png,67,60,,
framework,全局系统控件,系统框架 · xxhdpi,btn_radio_on_pressed_holo_dark.png,framework-res,res/drawable-xxhdpi/btn_radio_on_pressed_holo_dark.png,67,60,,
framework,全局系统控件,系统框架 · xxhdpi,btn_radio_on_pressed_holo_light.png,framework-res,res/drawable-xxhdpi/btn_radio_on_pressed_holo_light.png,67,60,,
framework,全局系统控件,系统框架 · xxhdpi,cab_background_bottom_holo_dark.9.png,framework-res,res/drawable-xxhdpi/cab_background_bottom_holo_dark.9.png,48,48,是,
framework,全局系统控件,系统框架 · xxhdpi,cab_background_bottom_holo_light.9.png,framework-res,res/drawable-xxhdpi/cab_background_bottom_holo_light.9.png,48,48,是,
framework,全局系统控件,系统框架 · xxhdpi,cab_background_top_holo_dark.9.png,framework-res,res/drawable-xxhdpi/cab_background_top_holo_dark.9.png,48,48,是,
framework,全局系统控件,系统框架 · xxhdpi,cab_background_top_holo_light.9.png,framework-res,res/drawable-xxhdpi/cab_background_top_holo_light.9.png,48,48,是,
framework,全局系统控件,系统框架 · xxhdpi,cloud_state_disabled_bg.9.png,framework-res,res/drawable-xxhdpi/cloud_state_disabled_bg.9.png,3,143,是,
framework,全局系统控件,系统框架 · xxhdpi,cloud_state_enabled_bg.9.png,framework-res,res/drawable-xxhdpi/cloud_state_enabled_bg.9.png,3,143,是,
framework,全局系统控件,系统框架 · xxhdpi,contact_header_bg.9.png,framework-res,res/drawable-xxhdpi/contact_header_bg.9.png,23,131,是,
framework,全局系统控件,系统框架 · xxhdpi,对话框背景,framework-res,res/drawable-xxhdpi/dialog_bg_light.9.png,350,390,是,★
framework,全局系统控件,系统框架 · xxhdpi,dialog_bottom_holo_dark.9.png,framework-res,res/drawable-xxhdpi/dialog_bottom_holo_dark.9.png,190,54,是,
framework,全局系统控件,系统框架 · xxhdpi,dialog_bottom_holo_light.9.png,framework-res,res/drawable-xxhdpi/dialog_bottom_holo_light.9.png,190,54,是,
framework,全局系统控件,系统框架 · xxhdpi,dialog_button_bottom_holo_dark.9.png,framework-res,res/drawable-xxhdpi/dialog_button_bottom_holo_dark.9.png,190,54,是,
framework,全局系统控件,系统框架 · xxhdpi,dialog_button_bottom_holo_light.9.png,framework-res,res/drawable-xxhdpi/dialog_button_bottom_holo_light.9.png,190,54,是,
framework,全局系统控件,系统框架 · xxhdpi,dialog_full_holo_dark.9.png,framework-res,res/drawable-xxhdpi/dialog_full_holo_dark.9.png,190,88,是,
framework,全局系统控件,系统框架 · xxhdpi,dialog_full_holo_light.9.png,framework-res,res/drawable-xxhdpi/dialog_full_holo_light.9.png,190,88,是,
framework,全局系统控件,系统框架 · xxhdpi,dialog_material.9.png,framework-res,res/drawable-xxhdpi/dialog_material.9.png,350,390,是,
framework,全局系统控件,系统框架 · xxhdpi,dialog_menu.9.png,framework-res,res/drawable-xxhdpi/dialog_menu.9.png,350,390,是,
framework,全局系统控件,系统框架 · xxhdpi,dialog_middle_holo.9.png,framework-res,res/drawable-xxhdpi/dialog_middle_holo.9.png,190,1,是,
framework,全局系统控件,系统框架 · xxhdpi,dialog_middle_holo_dark.9.png,framework-res,res/drawable-xxhdpi/dialog_middle_holo_dark.9.png,190,1,是,
framework,全局系统控件,系统框架 · xxhdpi,dialog_middle_holo_light.9.png,framework-res,res/drawable-xxhdpi/dialog_middle_holo_light.9.png,190,1,是,
framework,全局系统控件,系统框架 · xxhdpi,dialog_top.9.png,framework-res,res/drawable-xxhdpi/dialog_top.9.png,350,390,是,
framework,全局系统控件,系统框架 · xxhdpi,dialog_top_holo_dark.9.png,framework-res,res/drawable-xxhdpi/dialog_top_holo_dark.9.png,190,54,是,
framework,全局系统控件,系统框架 · xxhdpi,dialog_top_holo_light.9.png,framework-res,res/drawable-xxhdpi/dialog_top_holo_light.9.png,190,54,是,
framework,全局系统控件,系统框架 · xxhdpi,edit_query_background_normal.9.png,framework-res,res/drawable-xxhdpi/edit_query_background_normal.9.png,101,101,是,
framework,全局系统控件,系统框架 · xxhdpi,edit_text_material.9.png,framework-res,res/drawable-xxhdpi/edit_text_material.9.png,108,96,是,
framework,全局系统控件,系统框架 · xxhdpi,fastscroll_thumb_default_holo.png,framework-res,res/drawable-xxhdpi/fastscroll_thumb_default_holo.png,27,74,,
framework,全局系统控件,系统框架 · xxhdpi,fastscroll_thumb_pressed_holo.png,framework-res,res/drawable-xxhdpi/fastscroll_thumb_pressed_holo.png,28,76,,
framework,全局系统控件,系统框架 · xxhdpi,fastscroll_track_default_holo_dark.9.png,framework-res,res/drawable-xxhdpi/fastscroll_track_default_holo_dark.9.png,14,15,是,
framework,全局系统控件,系统框架 · xxhdpi,fastscroll_track_default_holo_light.9.png,framework-res,res/drawable-xxhdpi/fastscroll_track_default_holo_light.9.png,14,15,是,
framework,全局系统控件,系统框架 · xxhdpi,fastscroll_track_pressed_holo_dark.9.png,framework-res,res/drawable-xxhdpi/fastscroll_track_pressed_holo_dark.9.png,14,15,是,
framework,全局系统控件,系统框架 · xxhdpi,fastscroll_track_pressed_holo_light.9.png,framework-res,res/drawable-xxhdpi/fastscroll_track_pressed_holo_light.9.png,14,15,是,
framework,全局系统控件,系统框架 · xxhdpi,highlight_pressed.9.png,framework-res,res/drawable-xxhdpi/highlight_pressed.9.png,12,12,是,
framework,全局系统控件,系统框架 · xxhdpi,ic_ab_back_holo_light.png,framework-res,res/drawable-xxhdpi/ic_ab_back_holo_light.png,100,100,,
framework,全局系统控件,系统框架 · xxhdpi,ic_btn_search.png,framework-res,res/drawable-xxhdpi/ic_btn_search.png,64,64,,
framework,全局系统控件,系统框架 · xxhdpi,ic_cab_done_holo_light.png,framework-res,res/drawable-xxhdpi/ic_cab_done_holo_light.png,100,100,,
framework,全局系统控件,系统框架 · xxhdpi,ic_corp_icon.png,framework-res,res/drawable-xxhdpi/ic_corp_icon.png,144,144,,
framework,全局系统控件,系统框架 · xxhdpi,ic_dialog_alert_holo_dark.png,framework-res,res/drawable-xxhdpi/ic_dialog_alert_holo_dark.png,64,64,,
framework,全局系统控件,系统框架 · xxhdpi,ic_dialog_alert_holo_light.png,framework-res,res/drawable-xxhdpi/ic_dialog_alert_holo_light.png,64,64,,
framework,全局系统控件,系统框架 · xxhdpi,list_activated_holo.9.png,framework-res,res/drawable-xxhdpi/list_activated_holo.9.png,12,12,是,
framework,全局系统控件,系统框架 · xxhdpi,分割线,framework-res,res/drawable-xxhdpi/list_divider_holo_dark.9.png,2,1,是,
framework,全局系统控件,系统框架 · xxhdpi,分割线,framework-res,res/drawable-xxhdpi/list_divider_holo_light.9.png,2,1,是,
framework,全局系统控件,系统框架 · xxhdpi,list_focused_holo.9.png,framework-res,res/drawable-xxhdpi/list_focused_holo.9.png,12,12,是,
framework,全局系统控件,系统框架 · xxhdpi,list_longpressed_holo.9.png,framework-res,res/drawable-xxhdpi/list_longpressed_holo.9.png,12,12,是,
framework,全局系统控件,系统框架 · xxhdpi,list_longpressed_holo_dark.9.png,framework-res,res/drawable-xxhdpi/list_longpressed_holo_dark.9.png,18,18,是,
framework,全局系统控件,系统框架 · xxhdpi,list_longpressed_holo_light.9.png,framework-res,res/drawable-xxhdpi/list_longpressed_holo_light.9.png,18,18,是,
framework,全局系统控件,系统框架 · xxhdpi,list_pressed_holo_dark.9.png,framework-res,res/drawable-xxhdpi/list_pressed_holo_dark.9.png,12,12,是,
framework,全局系统控件,系统框架 · xxhdpi,list_pressed_holo_light.9.png,framework-res,res/drawable-xxhdpi/list_pressed_holo_light.9.png,12,12,是,
framework,全局系统控件,系统框架 · xxhdpi,分割线,framework-res,res/drawable-xxhdpi/list_section_divider_holo_dark.9.png,18,96,是,
framework,全局系统控件,系统框架 · xxhdpi,分割线,framework-res,res/drawable-xxhdpi/list_section_divider_holo_light.9.png,240,50,是,
framework,全局系统控件,系统框架 · xxhdpi,分割线,framework-res,res/drawable-xxhdpi/list_section_divider_mtrl_alpha.9.png,18,96,是,
framework,全局系统控件,系统框架 · xxhdpi,list_selected_holo_dark.9.png,framework-res,res/drawable-xxhdpi/list_selected_holo_dark.9.png,12,12,是,
framework,全局系统控件,系统框架 · xxhdpi,list_selected_holo_light.9.png,framework-res,res/drawable-xxhdpi/list_selected_holo_light.9.png,12,12,是,
framework,全局系统控件,系统框架 · xxhdpi,list_selector_background_disabled.9.png,framework-res,res/drawable-xxhdpi/list_selector_background_disabled.9.png,96,96,是,
framework,全局系统控件,系统框架 · xxhdpi,list_selector_background_pressed.9.png,framework-res,res/drawable-xxhdpi/list_selector_background_pressed.9.png,15,21,是,
framework,全局系统控件,系统框架 · xxhdpi,menu_background.9.png,framework-res,res/drawable-xxhdpi/menu_background.9.png,53,25,是,
framework,全局系统控件,系统框架 · xxhdpi,menu_background_fill_parent_width.9.png,framework-res,res/drawable-xxhdpi/menu_background_fill_parent_width.9.png,41,40,是,
framework,全局系统控件,系统框架 · xxhdpi,menu_dropdown_panel_holo_light.9.png,framework-res,res/drawable-xxhdpi/menu_dropdown_panel_holo_light.9.png,52,24,是,
framework,全局系统控件,系统框架 · xxhdpi,menu_hardkey_panel_holo_light.9.png,framework-res,res/drawable-xxhdpi/menu_hardkey_panel_holo_light.9.png,62,80,是,
framework,全局系统控件,系统框架 · xxhdpi,设置分组标题背景,framework-res,res/drawable-xxhdpi/miuix_preference_category_bg_light.9.png,153,192,是,
framework,全局系统控件,系统框架 · xxhdpi,设置分组标题背景,framework-res,res/drawable-xxhdpi/miuix_preference_category_bg_no_title_light.9.png,155,122,是,
framework,全局系统控件,系统框架 · xxhdpi,设置列表项背景（首项）,framework-res,res/drawable-xxhdpi/miuix_preference_first_item_bg_light_normal.9.png,153,10,是,
framework,全局系统控件,系统框架 · xxhdpi,miuix_preference_item_radio_two_state_background.9.png,framework-res,res/drawable-xxhdpi/miuix_preference_item_radio_two_state_background.9.png,372,182,是,
framework,全局系统控件,系统框架 · xxhdpi,设置列表项背景（末项）,framework-res,res/drawable-xxhdpi/miuix_preference_last_item_bg_light_normal.9.png,153,10,是,
framework,全局系统控件,系统框架 · xxhdpi,miuix_preference_last_item_with_icon_bg_normal.9.png,framework-res,res/drawable-xxhdpi/miuix_preference_last_item_with_icon_bg_normal.9.png,153,160,是,
framework,全局系统控件,系统框架 · xxhdpi,设置列表项背景（中间项）,framework-res,res/drawable-xxhdpi/miuix_preference_middle_item_bg_light_normal.9.png,153,10,是,
framework,全局系统控件,系统框架 · xxhdpi,miuix_preference_middle_item_with_icon_bg_normal.9.png,framework-res,res/drawable-xxhdpi/miuix_preference_middle_item_with_icon_bg_normal.9.png,153,160,是,
framework,全局系统控件,系统框架 · xxhdpi,设置列表项背景（单项）,framework-res,res/drawable-xxhdpi/miuix_preference_single_item_bg_light_normal.9.png,153,10,是,
framework,全局系统控件,系统框架 · xxhdpi,miuix_preference_single_item_with_icon_bg_normal.9.png,framework-res,res/drawable-xxhdpi/miuix_preference_single_item_with_icon_bg_normal.9.png,153,160,是,
framework,全局系统控件,系统框架 · xxhdpi,分割线,framework-res,res/drawable-xxhdpi/numberpicker_selection_divider.9.png,4,4,是,
framework,全局系统控件,系统框架 · xxhdpi,overscroll_edge.png,framework-res,res/drawable-xxhdpi/overscroll_edge.png,1044,24,,
framework,全局系统控件,系统框架 · xxhdpi,overscroll_glow.png,framework-res,res/drawable-xxhdpi/overscroll_glow.png,1044,270,,
framework,全局系统控件,系统框架 · xxhdpi,panel_background.9.png,framework-res,res/drawable-xxhdpi/panel_background.9.png,190,88,是,
framework,全局系统控件,系统框架 · xxhdpi,picture_frame.9.png,framework-res,res/drawable-xxhdpi/picture_frame.9.png,56,52,是,
framework,全局系统控件,系统框架 · xxhdpi,pointer_spot_touch.png,framework-res,res/drawable-xxhdpi/pointer_spot_touch.png,79,77,,
framework,全局系统控件,系统框架 · xxhdpi,popup_bottom_bright.9.png,framework-res,res/drawable-xxhdpi/popup_bottom_bright.9.png,101,76,是,
framework,全局系统控件,系统框架 · xxhdpi,popup_bottom_dark.9.png,framework-res,res/drawable-xxhdpi/popup_bottom_dark.9.png,101,76,是,
framework,全局系统控件,系统框架 · xxhdpi,popup_bottom_medium.9.png,framework-res,res/drawable-xxhdpi/popup_bottom_medium.9.png,101,76,是,
framework,全局系统控件,系统框架 · xxhdpi,popup_center_bright.9.png,framework-res,res/drawable-xxhdpi/popup_center_bright.9.png,101,9,是,
framework,全局系统控件,系统框架 · xxhdpi,popup_center_dark.9.png,framework-res,res/drawable-xxhdpi/popup_center_dark.9.png,101,9,是,
framework,全局系统控件,系统框架 · xxhdpi,popup_center_medium.9.png,framework-res,res/drawable-xxhdpi/popup_center_medium.9.png,101,9,是,
framework,全局系统控件,系统框架 · xxhdpi,popup_full_bright.9.png,framework-res,res/drawable-xxhdpi/popup_full_bright.9.png,101,101,是,
framework,全局系统控件,系统框架 · xxhdpi,popup_full_dark.9.png,framework-res,res/drawable-xxhdpi/popup_full_dark.9.png,101,101,是,
framework,全局系统控件,系统框架 · xxhdpi,popup_top_bright.9.png,framework-res,res/drawable-xxhdpi/popup_top_bright.9.png,101,76,是,
framework,全局系统控件,系统框架 · xxhdpi,popup_top_dark.9.png,framework-res,res/drawable-xxhdpi/popup_top_dark.9.png,101,76,是,
framework,全局系统控件,系统框架 · xxhdpi,progress_bg_holo_dark.9.png,framework-res,res/drawable-xxhdpi/progress_bg_holo_dark.9.png,8,32,是,
framework,全局系统控件,系统框架 · xxhdpi,progress_bg_holo_light.9.png,framework-res,res/drawable-xxhdpi/progress_bg_holo_light.9.png,8,32,是,
framework,全局系统控件,系统框架 · xxhdpi,progress_primary_holo_dark.9.png,framework-res,res/drawable-xxhdpi/progress_primary_holo_dark.9.png,15,32,是,
framework,全局系统控件,系统框架 · xxhdpi,progress_primary_holo_light.9.png,framework-res,res/drawable-xxhdpi/progress_primary_holo_light.9.png,15,32,是,
framework,全局系统控件,系统框架 · xxhdpi,progress_secondary_holo_dark.9.png,framework-res,res/drawable-xxhdpi/progress_secondary_holo_dark.9.png,8,32,是,
framework,全局系统控件,系统框架 · xxhdpi,progress_secondary_holo_light.9.png,framework-res,res/drawable-xxhdpi/progress_secondary_holo_light.9.png,8,32,是,
framework,全局系统控件,系统框架 · xxhdpi,进度条,framework-res,res/drawable-xxhdpi/progressbar_indeterminate_holo1.png,1212,18,,
framework,全局系统控件,系统框架 · xxhdpi,进度条,framework-res,res/drawable-xxhdpi/progressbar_indeterminate_holo2.png,1212,18,,
framework,全局系统控件,系统框架 · xxhdpi,进度条,framework-res,res/drawable-xxhdpi/progressbar_indeterminate_holo3.png,1212,18,,
framework,全局系统控件,系统框架 · xxhdpi,进度条,framework-res,res/drawable-xxhdpi/progressbar_indeterminate_holo4.png,1212,18,,
framework,全局系统控件,系统框架 · xxhdpi,进度条,framework-res,res/drawable-xxhdpi/progressbar_indeterminate_holo5.png,1212,18,,
framework,全局系统控件,系统框架 · xxhdpi,进度条,framework-res,res/drawable-xxhdpi/progressbar_indeterminate_holo6.png,1212,18,,
framework,全局系统控件,系统框架 · xxhdpi,进度条,framework-res,res/drawable-xxhdpi/progressbar_indeterminate_holo7.png,1212,18,,
framework,全局系统控件,系统框架 · xxhdpi,进度条,framework-res,res/drawable-xxhdpi/progressbar_indeterminate_holo8.png,1212,18,,
framework,全局系统控件,系统框架 · xxhdpi,quickcontact_badge_overlay_pressed_light.9.png,framework-res,res/drawable-xxhdpi/quickcontact_badge_overlay_pressed_light.9.png,48,48,是,
framework,全局系统控件,系统框架 · xxhdpi,scrubber_track_holo_dark.9.png,framework-res,res/drawable-xxhdpi/scrubber_track_holo_dark.9.png,30,36,是,
framework,全局系统控件,系统框架 · xxhdpi,scrubber_track_mtrl_alpha.9.png,framework-res,res/drawable-xxhdpi/scrubber_track_mtrl_alpha.9.png,30,36,是,
framework,全局系统控件,系统框架 · xxhdpi,搜索模式背景,framework-res,res/drawable-xxhdpi/search_mode_bg_light.9.png,141,160,是,
framework,全局系统控件,系统框架 · xxhdpi,seek_thumb_normal.png,framework-res,res/drawable-xxhdpi/seek_thumb_normal.png,63,63,,
framework,全局系统控件,系统框架 · xxhdpi,seek_thumb_pressed.png,framework-res,res/drawable-xxhdpi/seek_thumb_pressed.png,63,63,,
framework,全局系统控件,系统框架 · xxhdpi,seek_thumb_selected.png,framework-res,res/drawable-xxhdpi/seek_thumb_selected.png,63,63,,
framework,全局系统控件,系统框架 · xxhdpi,sliding_btn_slider.png,framework-res,res/drawable-xxhdpi/sliding_btn_slider.png,63,63,,
framework,全局系统控件,系统框架 · xxhdpi,spinner_ab_pressed_holo_dark.9.png,framework-res,res/drawable-xxhdpi/spinner_ab_pressed_holo_dark.9.png,33,48,是,
framework,全局系统控件,系统框架 · xxhdpi,spinner_ab_pressed_holo_light.9.png,framework-res,res/drawable-xxhdpi/spinner_ab_pressed_holo_light.9.png,33,48,是,
framework,全局系统控件,系统框架 · xxhdpi,spinner_pressed_holo_light.9.png,framework-res,res/drawable-xxhdpi/spinner_pressed_holo_light.9.png,33,48,是,
framework,全局系统控件,系统框架 · xxhdpi,stat_notify_missed_call.png,framework-res,res/drawable-xxhdpi/stat_notify_missed_call.png,36,36,,
framework,全局系统控件,系统框架 · xxhdpi,stat_notify_sdcard.png,framework-res,res/drawable-xxhdpi/stat_notify_sdcard.png,50,50,,
framework,全局系统控件,系统框架 · xxhdpi,stat_notify_sdcard_prepare.png,framework-res,res/drawable-xxhdpi/stat_notify_sdcard_prepare.png,50,50,,
framework,全局系统控件,系统框架 · xxhdpi,【状态栏】系统图标,framework-res,res/drawable-xxhdpi/stat_sys_adb.png,36,36,,
framework,全局系统控件,系统框架 · xxhdpi,【状态栏】系统图标,framework-res,res/drawable-xxhdpi/stat_sys_data_usb.png,36,36,,
framework,全局系统控件,系统框架 · xxhdpi,【状态栏】系统图标,framework-res,res/drawable-xxhdpi/stat_sys_download_anim0.png,36,36,,
framework,全局系统控件,系统框架 · xxhdpi,【状态栏】系统图标,framework-res,res/drawable-xxhdpi/stat_sys_download_anim1.png,36,36,,
framework,全局系统控件,系统框架 · xxhdpi,【状态栏】系统图标,framework-res,res/drawable-xxhdpi/stat_sys_download_anim2.png,36,36,,
framework,全局系统控件,系统框架 · xxhdpi,【状态栏】系统图标,framework-res,res/drawable-xxhdpi/stat_sys_download_anim3.png,36,36,,
framework,全局系统控件,系统框架 · xxhdpi,【状态栏】系统图标,framework-res,res/drawable-xxhdpi/stat_sys_download_anim4.png,36,36,,
framework,全局系统控件,系统框架 · xxhdpi,【状态栏】系统图标,framework-res,res/drawable-xxhdpi/stat_sys_download_anim5.png,36,36,,
framework,全局系统控件,系统框架 · xxhdpi,【状态栏】系统图标,framework-res,res/drawable-xxhdpi/stat_sys_warning.png,48,48,,
framework,全局系统控件,系统框架 · xxhdpi,switch_thumb_activated_holo_dark.9.png,framework-res,res/drawable-xxhdpi/switch_thumb_activated_holo_dark.9.png,78,42,是,
framework,全局系统控件,系统框架 · xxhdpi,switch_thumb_activated_holo_light.9.png,framework-res,res/drawable-xxhdpi/switch_thumb_activated_holo_light.9.png,78,42,是,
framework,全局系统控件,系统框架 · xxhdpi,switch_thumb_pressed_holo_dark.9.png,framework-res,res/drawable-xxhdpi/switch_thumb_pressed_holo_dark.9.png,78,42,是,
framework,全局系统控件,系统框架 · xxhdpi,switch_thumb_pressed_holo_light.9.png,framework-res,res/drawable-xxhdpi/switch_thumb_pressed_holo_light.9.png,78,42,是,
framework,全局系统控件,系统框架 · xxhdpi,tab_focus_bar_left.9.png,framework-res,res/drawable-xxhdpi/tab_focus_bar_left.9.png,2,6,是,
framework,全局系统控件,系统框架 · xxhdpi,tab_focus_bar_right.9.png,framework-res,res/drawable-xxhdpi/tab_focus_bar_right.9.png,2,6,是,
framework,全局系统控件,系统框架 · xxhdpi,tab_indicator_ab_holo.9.png,framework-res,res/drawable-xxhdpi/tab_indicator_ab_holo.9.png,108,96,是,
framework,全局系统控件,系统框架 · xxhdpi,tab_press_bar_left.9.png,framework-res,res/drawable-xxhdpi/tab_press_bar_left.9.png,2,6,是,
framework,全局系统控件,系统框架 · xxhdpi,tab_press_bar_right.9.png,framework-res,res/drawable-xxhdpi/tab_press_bar_right.9.png,2,6,是,
framework,全局系统控件,系统框架 · xxhdpi,tab_selected_focused_holo.9.png,framework-res,res/drawable-xxhdpi/tab_selected_focused_holo.9.png,4,16,是,
framework,全局系统控件,系统框架 · xxhdpi,tab_selected_holo.9.png,framework-res,res/drawable-xxhdpi/tab_selected_holo.9.png,4,16,是,
framework,全局系统控件,系统框架 · xxhdpi,tab_selected_pressed_holo.9.png,framework-res,res/drawable-xxhdpi/tab_selected_pressed_holo.9.png,4,16,是,
framework,全局系统控件,系统框架 · xxhdpi,tab_unselected_focused_holo.9.png,framework-res,res/drawable-xxhdpi/tab_unselected_focused_holo.9.png,4,8,是,
framework,全局系统控件,系统框架 · xxhdpi,tab_unselected_holo.9.png,framework-res,res/drawable-xxhdpi/tab_unselected_holo.9.png,4,8,是,
framework,全局系统控件,系统框架 · xxhdpi,tab_unselected_pressed_holo.9.png,framework-res,res/drawable-xxhdpi/tab_unselected_pressed_holo.9.png,4,8,是,
framework,全局系统控件,系统框架 · xxhdpi,textfield_activated_holo_light.9.png,framework-res,res/drawable-xxhdpi/textfield_activated_holo_light.9.png,52,64,是,
framework,全局系统控件,系统框架 · xxhdpi,textfield_focused_holo_light.9.png,framework-res,res/drawable-xxhdpi/textfield_focused_holo_light.9.png,52,64,是,
framework,全局系统控件,系统框架 · xxhdpi,textfield_multiline_activated_holo_light.9.png,framework-res,res/drawable-xxhdpi/textfield_multiline_activated_holo_light.9.png,52,64,是,
framework,全局系统控件,系统框架 · xxhdpi,textfield_multiline_focused_holo_light.9.png,framework-res,res/drawable-xxhdpi/textfield_multiline_focused_holo_light.9.png,52,64,是,
framework,全局系统控件,系统框架 · xxhdpi,textfield_search_activated_mtrl_alpha.9.png,framework-res,res/drawable-xxhdpi/textfield_search_activated_mtrl_alpha.9.png,36,10,是,
framework,全局系统控件,系统框架 · xxhdpi,textfield_search_default_holo_dark.9.png,framework-res,res/drawable-xxhdpi/textfield_search_default_holo_dark.9.png,30,13,是,
framework,全局系统控件,系统框架 · xxhdpi,textfield_search_default_holo_light.9.png,framework-res,res/drawable-xxhdpi/textfield_search_default_holo_light.9.png,77,72,是,
framework,全局系统控件,系统框架 · xxhdpi,textfield_search_default_mtrl_alpha.9.png,framework-res,res/drawable-xxhdpi/textfield_search_default_mtrl_alpha.9.png,36,10,是,
framework,全局系统控件,系统框架 · xxhdpi,textfield_search_right_default_holo_dark.9.png,framework-res,res/drawable-xxhdpi/textfield_search_right_default_holo_dark.9.png,30,13,是,
framework,全局系统控件,系统框架 · xxhdpi,textfield_search_right_default_holo_light.9.png,framework-res,res/drawable-xxhdpi/textfield_search_right_default_holo_light.9.png,30,13,是,
framework,全局系统控件,系统框架 · xxhdpi,textfield_search_right_selected_holo_dark.9.png,framework-res,res/drawable-xxhdpi/textfield_search_right_selected_holo_dark.9.png,30,13,是,
framework,全局系统控件,系统框架 · xxhdpi,textfield_search_right_selected_holo_light.9.png,framework-res,res/drawable-xxhdpi/textfield_search_right_selected_holo_light.9.png,30,13,是,
framework,全局系统控件,系统框架 · xxhdpi,textfield_search_selected_holo_dark.9.png,framework-res,res/drawable-xxhdpi/textfield_search_selected_holo_dark.9.png,30,13,是,
framework,全局系统控件,系统框架 · xxhdpi,textfield_search_selected_holo_light.9.png,framework-res,res/drawable-xxhdpi/textfield_search_selected_holo_light.9.png,77,72,是,
framework,全局系统控件,系统框架 · xxhdpi,toast_frame.9.png,framework-res,res/drawable-xxhdpi/toast_frame.9.png,245,200,是,
framework,全局系统控件,系统框架 · xxhdpi,toast_frame_holo.9.png,framework-res,res/drawable-xxhdpi/toast_frame_holo.9.png,245,200,是,
framework,全局系统控件,系统框架 · xxhdpi,transportcontrol_bg.9.png,framework-res,res/drawable-xxhdpi/transportcontrol_bg.9.png,108,96,是,
icons,应用图标包,图标包 · xxhdpi,air.tv.douyu.android.png,icons,res/drawable-xxhdpi/air.tv.douyu.android.png,235,235,,
icons,应用图标包,图标包 · xxhdpi,bin.mt.plus.png,icons,res/drawable-xxhdpi/bin.mt.plus.png,235,235,,
icons,应用图标包,图标包 · xxhdpi,bin.mt.termex.png,icons,res/drawable-xxhdpi/bin.mt.termex.png,235,235,,
icons,应用图标包,图标包 · xxhdpi,bluearchive.png,icons,res/drawable-xxhdpi/bluearchive.png,235,235,,
icons,应用图标包,图标包 · xxhdpi,cloud.miplus.ds.png,icons,res/drawable-xxhdpi/cloud.miplus.ds.png,235,235,,
icons,应用图标包,图标包 · xxhdpi,cmb.pb.png,icons,res/drawable-xxhdpi/cmb.pb.png,235,235,,
icons,应用图标包,图标包 · xxhdpi,cmccwm.mobilemusic.png,icons,res/drawable-xxhdpi/cmccwm.mobilemusic.png,235,235,,
icons,应用图标包,图标包 · xxhdpi,cn.TuHu.android.png,icons,res/drawable-xxhdpi/cn.TuHu.android.png,235,235,,
icons,应用图标包,图标包 · xxhdpi,cn.caocaokeji.user.png,icons,res/drawable-xxhdpi/cn.caocaokeji.user.png,235,235,,
icons,应用图标包,图标包 · xxhdpi,cn.com.chsi.chsiapp.png,icons,res/drawable-xxhdpi/cn.com.chsi.chsiapp.png,235,235,,
icons,应用图标包,图标包 · xxhdpi,cn.com.langeasy.LangEasyLexis.png,icons,res/drawable-xxhdpi/cn.com.langeasy.LangEasyLexis.png,235,235,,
icons,应用图标包,图标包 · xxhdpi,cn.cyberIdentity.certification.png,icons,res/drawable-xxhdpi/cn.cyberIdentity.certification.png,235,235,,
icons,应用图标包,图标包 · xxhdpi,cn.dreamn.qianji_auto.png,icons,res/drawable-xxhdpi/cn.dreamn.qianji_auto.png,235,235,,
icons,应用图标包,图标包 · xxhdpi,cn.geektang.privacyspace.png,icons,res/drawable-xxhdpi/cn.geektang.privacyspace.png,235,235,,
icons,应用图标包,图标包 · xxhdpi,cn.gov.chinatax.gt4.app.png,icons,res/drawable-xxhdpi/cn.gov.chinatax.gt4.app.png,235,235,,
icons,应用图标包,图标包 · xxhdpi,cn.gov.tax.its.png,icons,res/drawable-xxhdpi/cn.gov.tax.its.png,235,235,,
icons,应用图标包,图标包 · xxhdpi,cn.kuwo.player.png,icons,res/drawable-xxhdpi/cn.kuwo.player.png,235,235,,
icons,应用图标包,图标包 · xxhdpi,cn.missevan.png,icons,res/drawable-xxhdpi/cn.missevan.png,235,235,,
icons,应用图标包,图标包 · xxhdpi,cn.soulapp.android.png,icons,res/drawable-xxhdpi/cn.soulapp.android.png,235,235,,
icons,应用图标包,图标包 · xxhdpi,com.MobileTicket.png,icons,res/drawable-xxhdpi/com.MobileTicket.png,235,235,,
icons,应用图标包,图标包 · xxhdpi,com.Qunar.png,icons,res/drawable-xxhdpi/com.Qunar.png,235,235,,
icons,应用图标包,图标包 · xxhdpi,com.UCMobile.png,icons,res/drawable-xxhdpi/com.UCMobile.png,235,235,,
icons,应用图标包,图标包 · xxhdpi,com.achievo.vipshop.png,icons,res/drawable-xxhdpi/com.achievo.vipshop.png,235,235,,
icons,应用图标包,图标包 · xxhdpi,com.ai.fengyue.png,icons,res/drawable-xxhdpi/com.ai.fengyue.png,235,235,,
icons,应用图标包,图标包 · xxhdpi,com.alibaba.ailabs.tg.png,icons,res/drawable-xxhdpi/com.alibaba.ailabs.tg.png,235,235,,
icons,应用图标包,图标包 · xxhdpi,com.alibaba.android.rimet.png,icons,res/drawable-xxhdpi/com.alibaba.android.rimet.png,378,378,,
icons,应用图标包,图标包 · xxhdpi,com.alibaba.wireless.png,icons,res/drawable-xxhdpi/com.alibaba.wireless.png,235,235,,
icons,应用图标包,图标包 · xxhdpi,com.alicloud.databox.png,icons,res/drawable-xxhdpi/com.alicloud.databox.png,235,235,,
icons,应用图标包,图标包 · xxhdpi,com.aliyun.tongyi.png,icons,res/drawable-xxhdpi/com.aliyun.tongyi.png,235,235,,
icons,应用图标包,图标包 · xxhdpi,com.and.games505.TerrariaPaid.png,icons,res/drawable-xxhdpi/com.and.games505.TerrariaPaid.png,235,235,,
icons,应用图标包,图标包 · xxhdpi,com.android.bankabc.png,icons,res/drawable-xxhdpi/com.android.bankabc.png,235,235,,
icons,应用图标包,图标包 · xxhdpi,com.android.bips.png,icons,res/drawable-xxhdpi/com.android.bips.png,235,235,,
icons,应用图标包,图标包 · xxhdpi,com.android.bluetooth.png,icons,res/drawable-xxhdpi/com.android.bluetooth.png,235,235,,
icons,应用图标包,图标包 · xxhdpi,com.android.browser.png,icons,res/drawable-xxhdpi/com.android.browser.png,235,235,,
icons,应用图标包,图标包 · xxhdpi,com.android.camera.png,icons,res/drawable-xxhdpi/com.android.camera.png,235,235,,
icons,应用图标包,图标包 · xxhdpi,com.android.egg.png,icons,res/drawable-xxhdpi/com.android.egg.png,235,235,,
icons,应用图标包,图标包 · xxhdpi,com.android.email.png,icons,res/drawable-xxhdpi/com.android.email.png,235,235,,
icons,应用图标包,图标包 · xxhdpi,com.android.fileexplorer.png,icons,res/drawable-xxhdpi/com.android.fileexplorer.png,235,235,,
icons,应用图标包,图标包 · xxhdpi,com.android.healthconnect.controller.png,icons,res/drawable-xxhdpi/com.android.healthconnect.controller.png,235,235,,
icons,应用图标包,图标包 · xxhdpi,com.android.htmlviewer.png,icons,res/drawable-xxhdpi/com.android.htmlviewer.png,235,235,,
icons,应用图标包,图标包 · xxhdpi,com.android.incallui.png,icons,res/drawable-xxhdpi/com.android.incallui.png,235,235,,
icons,应用图标包,图标包 · xxhdpi,com.android.mms.png,icons,res/drawable-xxhdpi/com.android.mms.png,235,235,,
icons,应用图标包,图标包 · xxhdpi,com.android.nfc.png,icons,res/drawable-xxhdpi/com.android.nfc.png,235,235,,
icons,应用图标包,图标包 · xxhdpi,com.android.phone.png,icons,res/drawable-xxhdpi/com.android.phone.png,235,235,,
icons,应用图标包,图标包 · xxhdpi,com.android.printspooler.png,icons,res/drawable-xxhdpi/com.android.printspooler.png,235,235,,
icons,应用图标包,图标包 · xxhdpi,com.android.providers.calendar.png,icons,res/drawable-xxhdpi/com.android.providers.calendar.png,235,235,,
icons,应用图标包,图标包 · xxhdpi,com.android.providers.contacts.png,icons,res/drawable-xxhdpi/com.android.providers.contacts.png,235,235,,
icons,应用图标包,图标包 · xxhdpi,com.android.providers.downloads.png,icons,res/drawable-xxhdpi/com.android.providers.downloads.png,235,235,,
icons,应用图标包,图标包 · xxhdpi,com.android.providers.telephony.png,icons,res/drawable-xxhdpi/com.android.providers.telephony.png,235,235,,
icons,应用图标包,图标包 · xxhdpi,com.android.quicksearchbox.png,icons,res/drawable-xxhdpi/com.android.quicksearchbox.png,235,235,,
icons,应用图标包,图标包 · xxhdpi,com.android.settings.png,icons,res/drawable-xxhdpi/com.android.settings.png,235,235,,
icons,应用图标包,图标包 · xxhdpi,com.android.soundrecorder.png,icons,res/drawable-xxhdpi/com.android.soundrecorder.png,235,235,,
icons,应用图标包,图标包 · xxhdpi,com.android.stk.png,icons,res/drawable-xxhdpi/com.android.stk.png,235,235,,
icons,应用图标包,图标包 · xxhdpi,com.android.storagemanager.png,icons,res/drawable-xxhdpi/com.android.storagemanager.png,235,235,,
icons,应用图标包,图标包 · xxhdpi,com.android.systemui.png,icons,res/drawable-xxhdpi/com.android.systemui.png,235,235,,
icons,应用图标包,图标包 · xxhdpi,com.android.thememanager.png,icons,res/drawable-xxhdpi/com.android.thememanager.png,235,235,,
icons,应用图标包,图标包 · xxhdpi,com.android.updater.png,icons,res/drawable-xxhdpi/com.android.updater.png,235,235,,
icons,应用图标包,图标包 · xxhdpi,com.android.vending.png,icons,res/drawable-xxhdpi/com.android.vending.png,235,235,,
icons,应用图标包,图标包 · xxhdpi,com.antutu.ABenchMark.png,icons,res/drawable-xxhdpi/com.antutu.ABenchMark.png,235,235,,
icons,应用图标包,图标包 · xxhdpi,com.ar.ty.mp.png,icons,res/drawable-xxhdpi/com.ar.ty.mp.png,235,235,,
icons,应用图标包,图标包 · xxhdpi,com.autonavi.minimap.png,icons,res/drawable-xxhdpi/com.autonavi.minimap.png,235,235,,
icons,应用图标包,图标包 · xxhdpi,com.azure.authenticator.png,icons,res/drawable-xxhdpi/com.azure.authenticator.png,235,235,,
icons,应用图标包,图标包 · xxhdpi,com.baidu.BaiduMap.png,icons,res/drawable-xxhdpi/com.baidu.BaiduMap.png,235,235,,
icons,应用图标包,图标包 · xxhdpi,com.baidu.input.png,icons,res/drawable-xxhdpi/com.baidu.input.png,235,235,,
icons,应用图标包,图标包 · xxhdpi,com.baidu.input_mi.png,icons,res/drawable-xxhdpi/com.baidu.input_mi.png,235,235,,
icons,应用图标包,图标包 · xxhdpi,com.baidu.searchbox.lite.png,icons,res/drawable-xxhdpi/com.baidu.searchbox.lite.png,235,235,,
icons,应用图标包,图标包 · xxhdpi,com.baidu.searchbox.png,icons,res/drawable-xxhdpi/com.baidu.searchbox.png,235,235,,
icons,应用图标包,图标包 · xxhdpi,com.baidu.tieba.png,icons,res/drawable-xxhdpi/com.baidu.tieba.png,235,235,,
icons,应用图标包,图标包 · xxhdpi,com.bankcomm.Bankcomm.png,icons,res/drawable-xxhdpi/com.bankcomm.Bankcomm.png,235,235,,
icons,应用图标包,图标包 · xxhdpi,com.bankcomm.maidanba.png,icons,res/drawable-xxhdpi/com.bankcomm.maidanba.png,235,235,,
icons,应用图标包,图标包 · xxhdpi,com.baviux.voicechanger.png,icons,res/drawable-xxhdpi/com.baviux.voicechanger.png,235,235,,
icons,应用图标包,图标包 · xxhdpi,com.bilibili.app.in.png,icons,res/drawable-xxhdpi/com.bilibili.app.in.png,235,235,,
icons,应用图标包,图标包 · xxhdpi,com.bilibili.azurlane.png,icons,res/drawable-xxhdpi/com.bilibili.azurlane.png,235,235,,
icons,应用图标包,图标包 · xxhdpi,com.bilibili.comic.png,icons,res/drawable-xxhdpi/com.bilibili.comic.png,235,235,,
icons,应用图标包,图标包 · xxhdpi,com.bilibili.studio.png,icons,res/drawable-xxhdpi/com.bilibili.studio.png,235,235,,
icons,应用图标包,图标包 · xxhdpi,com.bytedance.dreamina.png,icons,res/drawable-xxhdpi/com.bytedance.dreamina.png,235,235,,
icons,应用图标包,图标包 · xxhdpi,com.byyoung.setting.png,icons,res/drawable-xxhdpi/com.byyoung.setting.png,235,235,,
icons,应用图标包,图标包 · xxhdpi,com.cainiao.wireless.png,icons,res/drawable-xxhdpi/com.cainiao.wireless.png,235,235,,
icons,应用图标包,图标包 · xxhdpi,com.cat.readall.png,icons,res/drawable-xxhdpi/com.cat.readall.png,235,235,,
icons,应用图标包,图标包 · xxhdpi,com.cctv.yangshipin.app.androidp.png,icons,res/drawable-xxhdpi/com.cctv.yangshipin.app.androidp.png,235,235,,
icons,应用图标包,图标包 · xxhdpi,com.chaoxing.mobile.png,icons,res/drawable-xxhdpi/com.chaoxing.mobile.png,235,235,,
icons,应用图标包,图标包 · xxhdpi,com.chaozhuo.texteditor.png,icons,res/drawable-xxhdpi/com.chaozhuo.texteditor.png,235,235,,
icons,应用图标包,图标包 · xxhdpi,com.chinamworld.bocmbci.png,icons,res/drawable-xxhdpi/com.chinamworld.bocmbci.png,235,235,,
icons,应用图标包,图标包 · xxhdpi,com.chinamworld.main.png,icons,res/drawable-xxhdpi/com.chinamworld.main.png,235,235,,
icons,应用图标包,图标包 · xxhdpi,com.chinatelecom.bestpayclient.png,icons,res/drawable-xxhdpi/com.chinatelecom.bestpayclient.png,235,235,,
icons,应用图标包,图标包 · xxhdpi,com.cmcc.cmvideo.png,icons,res/drawable-xxhdpi/com.cmcc.cmvideo.png,235,235,,
icons,应用图标包,图标包 · xxhdpi,com.cnspeedtest.globalspeed.png,icons,res/drawable-xxhdpi/com.cnspeedtest.globalspeed.png,235,235,,
icons,应用图标包,图标包 · xxhdpi,com.coolapk.market.png,icons,res/drawable-xxhdpi/com.coolapk.market.png,235,235,,
icons,应用图标包,图标包 · xxhdpi,com.cotticoffee.cotticlient.png,icons,res/drawable-xxhdpi/com.cotticoffee.cotticlient.png,235,235,,
icons,应用图标包,图标包 · xxhdpi,com.crgt.ilife.png,icons,res/drawable-xxhdpi/com.crgt.ilife.png,235,235,,
icons,应用图标包,图标包 · xxhdpi,com.csdroid.pkg.png,icons,res/drawable-xxhdpi/com.csdroid.pkg.png,235,235,,
icons,应用图标包,图标包 · xxhdpi,com.ct.client.png,icons,res/drawable-xxhdpi/com.ct.client.png,235,235,,
icons,应用图标包,图标包 · xxhdpi,com.cubic.autohome.png,icons,res/drawable-xxhdpi/com.cubic.autohome.png,235,235,,
icons,应用图标包,图标包 · xxhdpi,com.deepseek.chat.png,icons,res/drawable-xxhdpi/com.deepseek.chat.png,235,235,,
icons,应用图标包,图标包 · xxhdpi,com.dekovir.CraftTheWorld3839.png,icons,res/drawable-xxhdpi/com.dekovir.CraftTheWorld3839.png,235,235,,
icons,应用图标包,图标包 · xxhdpi,com.dewmobile.kuaiya.png,icons,res/drawable-xxhdpi/com.dewmobile.kuaiya.png,235,235,,
icons,应用图标包,图标包 · xxhdpi,com.dianping.v1.png,icons,res/drawable-xxhdpi/com.dianping.v1.png,235,235,,
icons,应用图标包,图标包 · xxhdpi,com.didjdk.adbhelper.png,icons,res/drawable-xxhdpi/com.didjdk.adbhelper.png,235,235,,
icons,应用图标包,图标包 · xxhdpi,com.discord.png,icons,res/drawable-xxhdpi/com.discord.png,235,235,,
icons,应用图标包,图标包 · xxhdpi,com.dmzj.manhua.png,icons,res/drawable-xxhdpi/com.dmzj.manhua.png,235,235,,
icons,应用图标包,图标包 · xxhdpi,com.douban.frodo.png,icons,res/drawable-xxhdpi/com.douban.frodo.png,235,235,,
icons,应用图标包,图标包 · xxhdpi,com.dragon.read.png,icons,res/drawable-xxhdpi/com.dragon.read.png,235,235,,
icons,应用图标包,图标包 · xxhdpi,com.duokan.phone.remotecontroller.png,icons,res/drawable-xxhdpi/com.duokan.phone.remotecontroller.png,235,235,,
icons,应用图标包,图标包 · xxhdpi,com.duokan.reader.png,icons,res/drawable-xxhdpi/com.duokan.reader.png,235,235,,
icons,应用图标包,图标包 · xxhdpi,com.duowan.kiwi.png,icons,res/drawable-xxhdpi/com.duowan.kiwi.png,235,235,,
icons,应用图标包,图标包 · xxhdpi,com.duowan.mobile.png,icons,res/drawable-xxhdpi/com.duowan.mobile.png,235,235,,
icons,应用图标包,图标包 · xxhdpi,com.eg.android.AlipayGphone.png,icons,res/drawable-xxhdpi/com.eg.android.AlipayGphone.png,235,235,,
icons,应用图标包,图标包 · xxhdpi,com.estrongs.android.pop.png,icons,res/drawable-xxhdpi/com.estrongs.android.pop.png,235,235,,
icons,应用图标包,图标包 · xxhdpi,com.excean.splay.png,icons,res/drawable-xxhdpi/com.excean.splay.png,235,235,,
icons,应用图标包,图标包 · xxhdpi,com.faloo.BookReader4Android.png,icons,res/drawable-xxhdpi/com.faloo.BookReader4Android.png,235,235,,
icons,应用图标包,图标包 · xxhdpi,com.ganji.android.haoche_c.png,icons,res/drawable-xxhdpi/com.ganji.android.haoche_c.png,235,235,,
icons,应用图标包,图标包 · xxhdpi,com.gh.gamecenter.png,icons,res/drawable-xxhdpi/com.gh.gamecenter.png,235,235,,
icons,应用图标包,图标包 · xxhdpi,com.github.kr328.clash.foss.png,icons,res/drawable-xxhdpi/com.github.kr328.clash.foss.png,235,235,,
icons,应用图标包,图标包 · xxhdpi,com.google.android.apps.books.png,icons,res/drawable-xxhdpi/com.google.android.apps.books.png,235,235,,
icons,应用图标包,图标包 · xxhdpi,com.google.android.apps.maps.png,icons,res/drawable-xxhdpi/com.google.android.apps.maps.png,235,235,,
icons,应用图标包,图标包 · xxhdpi,com.google.android.apps.translate.png,icons,res/drawable-xxhdpi/com.google.android.apps.translate.png,235,235,,
icons,应用图标包,图标包 · xxhdpi,com.google.android.documentsui.png,icons,res/drawable-xxhdpi/com.google.android.documentsui.png,235,235,,
icons,应用图标包,图标包 · xxhdpi,com.google.android.gm.png,icons,res/drawable-xxhdpi/com.google.android.gm.png,235,235,,
icons,应用图标包,图标包 · xxhdpi,com.google.android.gms.location.history.png,icons,res/drawable-xxhdpi/com.google.android.gms.location.history.png,235,235,,
icons,应用图标包,图标包 · xxhdpi,com.google.android.googlequicksearchbox.png,icons,res/drawable-xxhdpi/com.google.android.googlequicksearchbox.png,235,235,,
icons,应用图标包,图标包 · xxhdpi,com.google.android.marvin.talkback.png,icons,res/drawable-xxhdpi/com.google.android.marvin.talkback.png,235,235,,
icons,应用图标包,图标包 · xxhdpi,com.google.android.webview.png,icons,res/drawable-xxhdpi/com.google.android.webview.png,235,235,,
icons,应用图标包,图标包 · xxhdpi,com.google.android.youtube.png,icons,res/drawable-xxhdpi/com.google.android.youtube.png,235,235,,
icons,应用图标包,图标包 · xxhdpi,com.google.ar.core.png,icons,res/drawable-xxhdpi/com.google.ar.core.png,235,235,,
icons,应用图标包,图标包 · xxhdpi,com.google.earth.png,icons,res/drawable-xxhdpi/com.google.earth.png,235,235,,
icons,应用图标包,图标包 · xxhdpi,com.greenpoint.android.mc10086.activity.png,icons,res/drawable-xxhdpi/com.greenpoint.android.mc10086.activity.png,235,235,,
icons,应用图标包,图标包 · xxhdpi,com.hicorenational.antifraud.png,icons,res/drawable-xxhdpi/com.hicorenational.antifraud.png,235,235,,
icons,应用图标包,图标包 · xxhdpi,com.hikvision.sentinels.png,icons,res/drawable-xxhdpi/com.hikvision.sentinels.png,235,235,,
icons,应用图标包,图标包 · xxhdpi,com.hippo.ehviewer.png,icons,res/drawable-xxhdpi/com.hippo.ehviewer.png,235,235,,
icons,应用图标包,图标包 · xxhdpi,com.hmz.koudaiwriting.png,icons,res/drawable-xxhdpi/com.hmz.koudaiwriting.png,235,235,,
icons,应用图标包,图标包 · xxhdpi,com.huabenapp.png,icons,res/drawable-xxhdpi/com.huabenapp.png,235,235,,
icons,应用图标包,图标包 · xxhdpi,com.hunantv.imgo.activity.png,icons,res/drawable-xxhdpi/com.hunantv.imgo.activity.png,235,235,,
icons,应用图标包,图标包 · xxhdpi,com.hupu.games.png,icons,res/drawable-xxhdpi/com.hupu.games.png,235,235,,
icons,应用图标包,图标包 · xxhdpi,com.icbc.png,icons,res/drawable-xxhdpi/com.icbc.png,235,235,,
icons,应用图标包,图标包 · xxhdpi,com.iflytek.inputmethod.miui.png,icons,res/drawable-xxhdpi/com.iflytek.inputmethod.miui.png,235,235,,
icons,应用图标包,图标包 · xxhdpi,com.iflytek.inputmethod.png,icons,res/drawable-xxhdpi/com.iflytek.inputmethod.png,235,235,,
icons,应用图标包,图标包 · xxhdpi,com.immomo.momo.png,icons,res/drawable-xxhdpi/com.immomo.momo.png,235,235,,
icons,应用图标包,图标包 · xxhdpi,com.intsig.camscanner.png,icons,res/drawable-xxhdpi/com.intsig.camscanner.png,235,235,,
icons,应用图标包,图标包 · xxhdpi,com.iudesk.android.photo.editor.png,icons,res/drawable-xxhdpi/com.iudesk.android.photo.editor.png,235,235,,
icons,应用图标包,图标包 · xxhdpi,com.jingdong.app.mall.png,icons,res/drawable-xxhdpi/com.jingdong.app.mall.png,235,235,,
icons,应用图标包,图标包 · xxhdpi,com.jingyao.easybike.png,icons,res/drawable-xxhdpi/com.jingyao.easybike.png,235,235,,
icons,应用图标包,图标包 · xxhdpi,com.jiongji.andriod.card.png,icons,res/drawable-xxhdpi/com.jiongji.andriod.card.png,235,235,,
icons,应用图标包,图标包 · xxhdpi,com.jjwxc.reader.png,icons,res/drawable-xxhdpi/com.jjwxc.reader.png,235,235,,
icons,应用图标包,图标包 · xxhdpi,com.karta.tools.autoclickerfree.png,icons,res/drawable-xxhdpi/com.karta.tools.autoclickerfree.png,235,235,,
icons,应用图标包,图标包 · xxhdpi,com.kmxs.reader.png,icons,res/drawable-xxhdpi/com.kmxs.reader.png,235,235,,
icons,应用图标包,图标包 · xxhdpi,com.ktls.fileinfo.png,icons,res/drawable-xxhdpi/com.ktls.fileinfo.png,235,235,,
icons,应用图标包,图标包 · xxhdpi,com.kuaishou.nebula.png,icons,res/drawable-xxhdpi/com.kuaishou.nebula.png,235,235,,
icons,应用图标包,图标包 · xxhdpi,com.kuangxiangciweimao.novel.png,icons,res/drawable-xxhdpi/com.kuangxiangciweimao.novel.png,235,235,,
icons,应用图标包,图标包 · xxhdpi,com.kugou.android.png,icons,res/drawable-xxhdpi/com.kugou.android.png,235,235,,
icons,应用图标包,图标包 · xxhdpi,com.kwai.videoeditor.png,icons,res/drawable-xxhdpi/com.kwai.videoeditor.png,235,235,,
icons,应用图标包,图标包 · xxhdpi,com.lalamove.huolala.client.png,icons,res/drawable-xxhdpi/com.lalamove.huolala.client.png,235,235,,
icons,应用图标包,图标包 · xxhdpi,com.larus.nova.png,icons,res/drawable-xxhdpi/com.larus.nova.png,235,235,,
icons,应用图标包,图标包 · xxhdpi,com.lbe.security.miui.png,icons,res/drawable-xxhdpi/com.lbe.security.miui.png,235,235,,
icons,应用图标包,图标包 · xxhdpi,com.lcw.easydownload.png,icons,res/drawable-xxhdpi/com.lcw.easydownload.png,235,235,,
icons,应用图标包,图标包 · xxhdpi,com.lemon.lv.png,icons,res/drawable-xxhdpi/com.lemon.lv.png,235,235,,
icons,应用图标包,图标包 · xxhdpi,com.limelight.png,icons,res/drawable-xxhdpi/com.limelight.png,235,235,,
icons,应用图标包,图标包 · xxhdpi,com.lofter.android.png,icons,res/drawable-xxhdpi/com.lofter.android.png,235,235,,
icons,应用图标包,图标包 · xxhdpi,com.luna.music.png,icons,res/drawable-xxhdpi/com.luna.music.png,235,235,,
icons,应用图标包,图标包 · xxhdpi,com.maimemo.android.momo.png,icons,res/drawable-xxhdpi/com.maimemo.android.momo.png,235,235,,
icons,应用图标包,图标包 · xxhdpi,com.masadoraandroid.png,icons,res/drawable-xxhdpi/com.masadoraandroid.png,235,235,,
icons,应用图标包,图标包 · xxhdpi,com.max.xiaoheihe.png,icons,res/drawable-xxhdpi/com.max.xiaoheihe.png,235,235,,
icons,应用图标包,图标包 · xxhdpi,com.merak.png,icons,res/drawable-xxhdpi/com.merak.png,235,235,,
icons,应用图标包,图标包 · xxhdpi,com.mfashiongallery.emag.png,icons,res/drawable-xxhdpi/com.mfashiongallery.emag.png,235,235,,
icons,应用图标包,图标包 · xxhdpi,com.mfcloudcalculate.networkdisk.png,icons,res/drawable-xxhdpi/com.mfcloudcalculate.networkdisk.png,235,235,,
icons,应用图标包,图标包 · xxhdpi,com.mi.earphone.png,icons,res/drawable-xxhdpi/com.mi.earphone.png,235,235,,
icons,应用图标包,图标包 · xxhdpi,com.mi.health.png,icons,res/drawable-xxhdpi/com.mi.health.png,235,235,,
icons,应用图标包,图标包 · xxhdpi,com.mi.print.png,icons,res/drawable-xxhdpi/com.mi.print.png,235,235,,
icons,应用图标包,图标包 · xxhdpi,com.microsoft.bing.png,icons,res/drawable-xxhdpi/com.microsoft.bing.png,235,235,,
icons,应用图标包,图标包 · xxhdpi,com.microsoft.emmx.png,icons,res/drawable-xxhdpi/com.microsoft.emmx.png,235,235,,
icons,应用图标包,图标包 · xxhdpi,com.microsoft.office.excel.png,icons,res/drawable-xxhdpi/com.microsoft.office.excel.png,235,235,,
icons,应用图标包,图标包 · xxhdpi,com.microsoft.office.outlook.png,icons,res/drawable-xxhdpi/com.microsoft.office.outlook.png,235,235,,
icons,应用图标包,图标包 · xxhdpi,com.microsoft.office.word.png,icons,res/drawable-xxhdpi/com.microsoft.office.word.png,235,235,,
icons,应用图标包,图标包 · xxhdpi,com.microsoft.skydrive.png,icons,res/drawable-xxhdpi/com.microsoft.skydrive.png,235,235,,
icons,应用图标包,图标包 · xxhdpi,com.milink.service.png,icons,res/drawable-xxhdpi/com.milink.service.png,235,235,,
icons,应用图标包,图标包 · xxhdpi,com.mimikko.mimikkoui.png,icons,res/drawable-xxhdpi/com.mimikko.mimikkoui.png,235,235,,
icons,应用图标包,图标包 · xxhdpi,com.mipay.wallet.png,icons,res/drawable-xxhdpi/com.mipay.wallet.png,235,235,,
icons,应用图标包,图标包 · xxhdpi,com.miui.accessibility.png,icons,res/drawable-xxhdpi/com.miui.accessibility.png,235,235,,
icons,应用图标包,图标包 · xxhdpi,com.miui.aod.png,icons,res/drawable-xxhdpi/com.miui.aod.png,235,235,,
icons,应用图标包,图标包 · xxhdpi,com.miui.backup.png,icons,res/drawable-xxhdpi/com.miui.backup.png,235,235,,
icons,应用图标包,图标包 · xxhdpi,com.miui.bugreport.png,icons,res/drawable-xxhdpi/com.miui.bugreport.png,235,235,,
icons,应用图标包,图标包 · xxhdpi,com.miui.calculator.png,icons,res/drawable-xxhdpi/com.miui.calculator.png,235,235,,
icons,应用图标包,图标包 · xxhdpi,com.miui.carlink.png,icons,res/drawable-xxhdpi/com.miui.carlink.png,235,235,,
icons,应用图标包,图标包 · xxhdpi,com.miui.cleanmaster.png,icons,res/drawable-xxhdpi/com.miui.cleanmaster.png,235,235,,
icons,应用图标包,图标包 · xxhdpi,com.miui.cloudbackup.png,icons,res/drawable-xxhdpi/com.miui.cloudbackup.png,235,235,,
icons,应用图标包,图标包 · xxhdpi,com.miui.compass.png,icons,res/drawable-xxhdpi/com.miui.compass.png,235,235,,
icons,应用图标包,图标包 · xxhdpi,com.miui.contentcatcher.png,icons,res/drawable-xxhdpi/com.miui.contentcatcher.png,235,235,,
icons,应用图标包,图标包 · xxhdpi,com.miui.fm.png,icons,res/drawable-xxhdpi/com.miui.fm.png,235,235,,
icons,应用图标包,图标包 · xxhdpi,com.miui.gallery.png,icons,res/drawable-xxhdpi/com.miui.gallery.png,235,235,,
icons,应用图标包,图标包 · xxhdpi,com.miui.gaojishezhi.plus.png,icons,res/drawable-xxhdpi/com.miui.gaojishezhi.plus.png,235,235,,
icons,应用图标包,图标包 · xxhdpi,com.miui.greenguard.png,icons,res/drawable-xxhdpi/com.miui.greenguard.png,235,235,,
icons,应用图标包,图标包 · xxhdpi,com.miui.home.png,icons,res/drawable-xxhdpi/com.miui.home.png,235,235,,
icons,应用图标包,图标包 · xxhdpi,com.miui.huanji.png,icons,res/drawable-xxhdpi/com.miui.huanji.png,235,235,,
icons,应用图标包,图标包 · xxhdpi,com.miui.hybrid.png,icons,res/drawable-xxhdpi/com.miui.hybrid.png,235,235,,
icons,应用图标包,图标包 · xxhdpi,com.miui.mediaeditor.png,icons,res/drawable-xxhdpi/com.miui.mediaeditor.png,235,235,,
icons,应用图标包,图标包 · xxhdpi,com.miui.mediaviewer.png,icons,res/drawable-xxhdpi/com.miui.mediaviewer.png,235,235,,
icons,应用图标包,图标包 · xxhdpi,com.miui.miservice.png,icons,res/drawable-xxhdpi/com.miui.miservice.png,235,235,,
icons,应用图标包,图标包 · xxhdpi,com.miui.mishare.connectivity.png,icons,res/drawable-xxhdpi/com.miui.mishare.connectivity.png,235,235,,
icons,应用图标包,图标包 · xxhdpi,com.miui.misightservice.png,icons,res/drawable-xxhdpi/com.miui.misightservice.png,235,235,,
icons,应用图标包,图标包 · xxhdpi,com.miui.misound.png,icons,res/drawable-xxhdpi/com.miui.misound.png,235,235,,
icons,应用图标包,图标包 · xxhdpi,com.miui.miwallpaper.earth.png,icons,res/drawable-xxhdpi/com.miui.miwallpaper.earth.png,235,235,,
icons,应用图标包,图标包 · xxhdpi,com.miui.miwallpaper.geometry.png,icons,res/drawable-xxhdpi/com.miui.miwallpaper.geometry.png,235,235,,
icons,应用图标包,图标包 · xxhdpi,com.miui.miwallpaper.mars.png,icons,res/drawable-xxhdpi/com.miui.miwallpaper.mars.png,235,235,,
icons,应用图标包,图标包 · xxhdpi,com.miui.newhome.png,icons,res/drawable-xxhdpi/com.miui.newhome.png,235,235,,
icons,应用图标包,图标包 · xxhdpi,com.miui.newmidrive.png,icons,res/drawable-xxhdpi/com.miui.newmidrive.png,235,235,,
icons,应用图标包,图标包 · xxhdpi,com.miui.notes.png,icons,res/drawable-xxhdpi/com.miui.notes.png,235,235,,
icons,应用图标包,图标包 · xxhdpi,com.miui.notification.png,icons,res/drawable-xxhdpi/com.miui.notification.png,235,235,,
icons,应用图标包,图标包 · xxhdpi,com.miui.packageinstaller.png,icons,res/drawable-xxhdpi/com.miui.packageinstaller.png,235,235,,
icons,应用图标包,图标包 · xxhdpi,com.miui.personalassistant.png,icons,res/drawable-xxhdpi/com.miui.personalassistant.png,235,235,,
icons,应用图标包,图标包 · xxhdpi,com.miui.powerkeeper.png,icons,res/drawable-xxhdpi/com.miui.powerkeeper.png,235,235,,
icons,应用图标包,图标包 · xxhdpi,com.miui.screenrecorder.png,icons,res/drawable-xxhdpi/com.miui.screenrecorder.png,235,235,,
icons,应用图标包,图标包 · xxhdpi,com.miui.screenshot.png,icons,res/drawable-xxhdpi/com.miui.screenshot.png,235,235,,
icons,应用图标包,图标包 · xxhdpi,com.miui.securitycenter.png,icons,res/drawable-xxhdpi/com.miui.securitycenter.png,235,235,,
icons,应用图标包,图标包 · xxhdpi,com.miui.systemAdSolution.png,icons,res/drawable-xxhdpi/com.miui.systemAdSolution.png,235,235,,
icons,应用图标包,图标包 · xxhdpi,com.miui.touchassistant.png,icons,res/drawable-xxhdpi/com.miui.touchassistant.png,235,235,,
icons,应用图标包,图标包 · xxhdpi,com.miui.tsmclient.png,icons,res/drawable-xxhdpi/com.miui.tsmclient.png,235,235,,
icons,应用图标包,图标包 · xxhdpi,com.miui.uireporter.png,icons,res/drawable-xxhdpi/com.miui.uireporter.png,235,235,,
icons,应用图标包,图标包 · xxhdpi,com.miui.userguide.png,icons,res/drawable-xxhdpi/com.miui.userguide.png,235,235,,
icons,应用图标包,图标包 · xxhdpi,com.miui.video.png,icons,res/drawable-xxhdpi/com.miui.video.png,235,235,,
icons,应用图标包,图标包 · xxhdpi,com.miui.vipservice.png,icons,res/drawable-xxhdpi/com.miui.vipservice.png,235,235,,
icons,应用图标包,图标包 · xxhdpi,com.miui.virtualsim.png,icons,res/drawable-xxhdpi/com.miui.virtualsim.png,235,235,,
icons,应用图标包,图标包 · xxhdpi,com.miui.voiceassist.png,icons,res/drawable-xxhdpi/com.miui.voiceassist.png,235,235,,
icons,应用图标包,图标包 · xxhdpi,com.mmbox.xbrowser.pro.png,icons,res/drawable-xxhdpi/com.mmbox.xbrowser.pro.png,235,235,,
icons,应用图标包,图标包 · xxhdpi,com.mojang.minecraftpe.png,icons,res/drawable-xxhdpi/com.mojang.minecraftpe.png,235,235,,
icons,应用图标包,图标包 · xxhdpi,com.mt.mtxx.mtxx.png,icons,res/drawable-xxhdpi/com.mt.mtxx.mtxx.png,235,235,,
icons,应用图标包,图标包 · xxhdpi,com.mxtech.videoplayer.pro.png,icons,res/drawable-xxhdpi/com.mxtech.videoplayer.pro.png,235,235,,
icons,应用图标包,图标包 · xxhdpi,com.netease.android.cloudgame.png,icons,res/drawable-xxhdpi/com.netease.android.cloudgame.png,235,235,,
icons,应用图标包,图标包 · xxhdpi,com.netease.buff.png,icons,res/drawable-xxhdpi/com.netease.buff.png,235,235,,
icons,应用图标包,图标包 · xxhdpi,com.netease.cloudmusic.png,icons,res/drawable-xxhdpi/com.netease.cloudmusic.png,235,235,,
icons,应用图标包,图标包 · xxhdpi,com.netease.newsreader.activity.png,icons,res/drawable-xxhdpi/com.netease.newsreader.activity.png,235,235,,
icons,应用图标包,图标包 · xxhdpi,com.netease.uu.png,icons,res/drawable-xxhdpi/com.netease.uu.png,235,235,,
icons,应用图标包,图标包 · xxhdpi,com.netease.uurouter.png,icons,res/drawable-xxhdpi/com.netease.uurouter.png,235,235,,
icons,应用图标包,图标包 · xxhdpi,com.newsweekly.livepi.png,icons,res/drawable-xxhdpi/com.newsweekly.livepi.png,235,235,,
icons,应用图标包,图标包 · xxhdpi,com.ninjakiwi.bloonstd6.png,icons,res/drawable-xxhdpi/com.ninjakiwi.bloonstd6.png,235,235,,
icons,应用图标包,图标包 · xxhdpi,com.nintendo.znca.png,icons,res/drawable-xxhdpi/com.nintendo.znca.png,235,235,,
icons,应用图标包,图标包 · xxhdpi,com.njh.biubiu.png,icons,res/drawable-xxhdpi/com.njh.biubiu.png,235,235,,
icons,应用图标包,图标包 · xxhdpi,com.omarea.vtools.png,icons,res/drawable-xxhdpi/com.omarea.vtools.png,235,235,,
icons,应用图标包,图标包 · xxhdpi,com.only.writer.png,icons,res/drawable-xxhdpi/com.only.writer.png,235,235,,
icons,应用图标包,图标包 · xxhdpi,com.paget96.batteryguru.png,icons,res/drawable-xxhdpi/com.paget96.batteryguru.png,235,235,,
icons,应用图标包,图标包 · xxhdpi,com.pathea.mtap.png,icons,res/drawable-xxhdpi/com.pathea.mtap.png,235,235,,
icons,应用图标包,图标包 · xxhdpi,com.paypal.android.p2pmobile.png,icons,res/drawable-xxhdpi/com.paypal.android.p2pmobile.png,235,235,,
icons,应用图标包,图标包 · xxhdpi,com.peopledailychina.activity.png,icons,res/drawable-xxhdpi/com.peopledailychina.activity.png,235,235,,
icons,应用图标包,图标包 · xxhdpi,com.phoenix.read.png,icons,res/drawable-xxhdpi/com.phoenix.read.png,235,235,,
icons,应用图标包,图标包 · xxhdpi,com.picacomic.fregata.png,icons,res/drawable-xxhdpi/com.picacomic.fregata.png,235,235,,
icons,应用图标包,图标包 · xxhdpi,com.qidian.QDReader.png,icons,res/drawable-xxhdpi/com.qidian.QDReader.png,235,235,,
icons,应用图标包,图标包 · xxhdpi,com.qihoo.contents.png,icons,res/drawable-xxhdpi/com.qihoo.contents.png,235,235,,
icons,应用图标包,图标包 · xxhdpi,com.qixin.mihuas.png,icons,res/drawable-xxhdpi/com.qixin.mihuas.png,235,235,,
icons,应用图标包,图标包 · xxhdpi,com.qiyi.video.png,icons,res/drawable-xxhdpi/com.qiyi.video.png,235,235,,
icons,应用图标包,图标包 · xxhdpi,com.qooapp.qoohelper.png,icons,res/drawable-xxhdpi/com.qooapp.qoohelper.png,235,235,,
icons,应用图标包,图标包 · xxhdpi,com.qq.reader.png,icons,res/drawable-xxhdpi/com.qq.reader.png,235,235,,
icons,应用图标包,图标包 · xxhdpi,com.quark.browser.png,icons,res/drawable-xxhdpi/com.quark.browser.png,235,235,,
icons,应用图标包,图标包 · xxhdpi,com.qzone.png,icons,res/drawable-xxhdpi/com.qzone.png,235,235,,
icons,应用图标包,图标包 · xxhdpi,com.ruanmei.ithome.png,icons,res/drawable-xxhdpi/com.ruanmei.ithome.png,235,235,,
icons,应用图标包,图标包 · xxhdpi,com.ruler.csw.png,icons,res/drawable-xxhdpi/com.ruler.csw.png,235,235,,
icons,应用图标包,图标包 · xxhdpi,com.sankuai.meituan.dispatch.crowdsource.png,icons,res/drawable-xxhdpi/com.sankuai.meituan.dispatch.crowdsource.png,235,235,,
icons,应用图标包,图标包 · xxhdpi,com.sankuai.meituan.png,icons,res/drawable-xxhdpi/com.sankuai.meituan.png,235,235,,
icons,应用图标包,图标包 · xxhdpi,com.sankuai.meituan.takeoutnew.png,icons,res/drawable-xxhdpi/com.sankuai.meituan.takeoutnew.png,235,235,,
icons,应用图标包,图标包 · xxhdpi,com.sdu.didi.psnger.png,icons,res/drawable-xxhdpi/com.sdu.didi.psnger.png,235,235,,
icons,应用图标包,图标包 · xxhdpi,com.sevtinge.cemiuiler.png,icons,res/drawable-xxhdpi/com.sevtinge.cemiuiler.png,235,235,,
icons,应用图标包,图标包 · xxhdpi,com.sevtinge.hyperceiler.png,icons,res/drawable-xxhdpi/com.sevtinge.hyperceiler.png,235,235,,
icons,应用图标包,图标包 · xxhdpi,com.sf.activity.png,icons,res/drawable-xxhdpi/com.sf.activity.png,235,235,,
icons,应用图标包,图标包 · xxhdpi,com.sgcc.wsgw.cn.png,icons,res/drawable-xxhdpi/com.sgcc.wsgw.cn.png,235,235,,
icons,应用图标包,图标包 · xxhdpi,com.shineyue.sjgjj.png,icons,res/drawable-xxhdpi/com.shineyue.sjgjj.png,235,235,,
icons,应用图标包,图标包 · xxhdpi,com.shizhuang.duapp.png,icons,res/drawable-xxhdpi/com.shizhuang.duapp.png,235,235,,
icons,应用图标包,图标包 · xxhdpi,com.sina.weibo.png,icons,res/drawable-xxhdpi/com.sina.weibo.png,235,235,,
icons,应用图标包,图标包 · xxhdpi,com.sinovatech.unicom.ui.png,icons,res/drawable-xxhdpi/com.sinovatech.unicom.ui.png,235,235,,
icons,应用图标包,图标包 · xxhdpi,com.skyplatanus.crucio.png,icons,res/drawable-xxhdpi/com.skyplatanus.crucio.png,235,235,,
icons,应用图标包,图标包 · xxhdpi,com.smile.gifmaker.png,icons,res/drawable-xxhdpi/com.smile.gifmaker.png,235,235,,
icons,应用图标包,图标包 · xxhdpi,com.sohu.inputmethod.sogou.png,icons,res/drawable-xxhdpi/com.sohu.inputmethod.sogou.png,235,235,,
icons,应用图标包,图标包 · xxhdpi,com.sohu.inputmethod.sogou.xiaomi.png,icons,res/drawable-xxhdpi/com.sohu.inputmethod.sogou.xiaomi.png,235,235,,
icons,应用图标包,图标包 · xxhdpi,com.sohu.newsclient.png,icons,res/drawable-xxhdpi/com.sohu.newsclient.png,235,235,,
icons,应用图标包,图标包 · xxhdpi,com.ss.android.article.lite.png,icons,res/drawable-xxhdpi/com.ss.android.article.lite.png,235,235,,
icons,应用图标包,图标包 · xxhdpi,com.ss.android.article.news.png,icons,res/drawable-xxhdpi/com.ss.android.article.news.png,235,235,,
icons,应用图标包,图标包 · xxhdpi,com.ss.android.article.video.png,icons,res/drawable-xxhdpi/com.ss.android.article.video.png,235,235,,
icons,应用图标包,图标包 · xxhdpi,com.ss.android.auto.png,icons,res/drawable-xxhdpi/com.ss.android.auto.png,235,235,,
icons,应用图标包,图标包 · xxhdpi,com.ss.android.ugc.aweme.png,icons,res/drawable-xxhdpi/com.ss.android.ugc.aweme.png,235,235,,
icons,应用图标包,图标包 · xxhdpi,com.ss.android.ugc.livelite.png,icons,res/drawable-xxhdpi/com.ss.android.ugc.livelite.png,235,235,,
icons,应用图标包,图标包 · xxhdpi,com.ss.android.yumme.video.png,icons,res/drawable-xxhdpi/com.ss.android.yumme.video.png,235,235,,
icons,应用图标包,图标包 · xxhdpi,com.sup.android.superb.png,icons,res/drawable-xxhdpi/com.sup.android.superb.png,235,235,,
icons,应用图标包,图标包 · xxhdpi,com.taobao.idlefish.png,icons,res/drawable-xxhdpi/com.taobao.idlefish.png,235,235,,
icons,应用图标包,图标包 · xxhdpi,com.taobao.taobao.png,icons,res/drawable-xxhdpi/com.taobao.taobao.png,235,235,,
icons,应用图标包,图标包 · xxhdpi,com.taptap.png,icons,res/drawable-xxhdpi/com.taptap.png,235,235,,
icons,应用图标包,图标包 · xxhdpi,com.tencent.androidqqmail.png,icons,res/drawable-xxhdpi/com.tencent.androidqqmail.png,235,235,,
icons,应用图标包,图标包 · xxhdpi,com.tencent.hunyuan.app.chat.png,icons,res/drawable-xxhdpi/com.tencent.hunyuan.app.chat.png,235,235,,
icons,应用图标包,图标包 · xxhdpi,com.tencent.karaoke.png,icons,res/drawable-xxhdpi/com.tencent.karaoke.png,235,235,,
icons,应用图标包,图标包 · xxhdpi,com.tencent.mm.png,icons,res/drawable-xxhdpi/com.tencent.mm.png,235,235,,
icons,应用图标包,图标包 · xxhdpi,com.tencent.mobileqq.png,icons,res/drawable-xxhdpi/com.tencent.mobileqq.png,235,235,,
icons,应用图标包,图标包 · xxhdpi,com.tencent.mtt.png,icons,res/drawable-xxhdpi/com.tencent.mtt.png,235,235,,
icons,应用图标包,图标包 · xxhdpi,com.tencent.news.png,icons,res/drawable-xxhdpi/com.tencent.news.png,235,235,,
icons,应用图标包,图标包 · xxhdpi,com.tencent.qqlive.png,icons,res/drawable-xxhdpi/com.tencent.qqlive.png,235,235,,
icons,应用图标包,图标包 · xxhdpi,com.tencent.qqmusic.png,icons,res/drawable-xxhdpi/com.tencent.qqmusic.png,235,235,,
icons,应用图标包,图标包 · xxhdpi,com.tencent.qqpim.png,icons,res/drawable-xxhdpi/com.tencent.qqpim.png,235,235,,
icons,应用图标包,图标包 · xxhdpi,com.tencent.qqpimsecure.png,icons,res/drawable-xxhdpi/com.tencent.qqpimsecure.png,235,235,,
icons,应用图标包,图标包 · xxhdpi,com.tencent.qqpinyin.png,icons,res/drawable-xxhdpi/com.tencent.qqpinyin.png,235,235,,
icons,应用图标包,图标包 · xxhdpi,com.tencent.token.png,icons,res/drawable-xxhdpi/com.tencent.token.png,235,235,,
icons,应用图标包,图标包 · xxhdpi,com.tencent.wemeet.app.png,icons,res/drawable-xxhdpi/com.tencent.wemeet.app.png,235,235,,
icons,应用图标包,图标包 · xxhdpi,com.tencent.weread.png,icons,res/drawable-xxhdpi/com.tencent.weread.png,235,235,,
icons,应用图标包,图标包 · xxhdpi,com.tencent.wework.png,icons,res/drawable-xxhdpi/com.tencent.wework.png,235,235,,
icons,应用图标包,图标包 · xxhdpi,com.tmall.wireless.png,icons,res/drawable-xxhdpi/com.tmall.wireless.png,235,235,,
icons,应用图标包,图标包 · xxhdpi,com.tmri.app.main.png,icons,res/drawable-xxhdpi/com.tmri.app.main.png,235,235,,
icons,应用图标包,图标包 · xxhdpi,com.tongcheng.android.png,icons,res/drawable-xxhdpi/com.tongcheng.android.png,235,235,,
icons,应用图标包,图标包 · xxhdpi,com.twitter.android.png,icons,res/drawable-xxhdpi/com.twitter.android.png,235,235,,
icons,应用图标包,图标包 · xxhdpi,com.unionpay.png,icons,res/drawable-xxhdpi/com.unionpay.png,235,235,,
icons,应用图标包,图标包 · xxhdpi,com.valvesoftware.android.steam.community.png,icons,res/drawable-xxhdpi/com.valvesoftware.android.steam.community.png,235,235,,
icons,应用图标包,图标包 · xxhdpi,com.valvesoftware.steamlink.png,icons,res/drawable-xxhdpi/com.valvesoftware.steamlink.png,235,235,,
icons,应用图标包,图标包 · xxhdpi,com.vivo.space.png,icons,res/drawable-xxhdpi/com.vivo.space.png,235,235,,
icons,应用图标包,图标包 · xxhdpi,com.vmall.client.png,icons,res/drawable-xxhdpi/com.vmall.client.png,235,235,,
icons,应用图标包,图标包 · xxhdpi,com.wakdev.wdnfc.png,icons,res/drawable-xxhdpi/com.wakdev.wdnfc.png,235,235,,
icons,应用图标包,图标包 · xxhdpi,com.wangc.bill.png,icons,res/drawable-xxhdpi/com.wangc.bill.png,235,235,,
icons,应用图标包,图标包 · xxhdpi,com.woapp.hebei.png,icons,res/drawable-xxhdpi/com.woapp.hebei.png,235,235,,
icons,应用图标包,图标包 · xxhdpi,com.wuba.png,icons,res/drawable-xxhdpi/com.wuba.png,235,235,,
icons,应用图标包,图标包 · xxhdpi,com.wuba.zhuanzhuan.png,icons,res/drawable-xxhdpi/com.wuba.zhuanzhuan.png,235,235,,
icons,应用图标包,图标包 · xxhdpi,com.x7890.shortcutcreator.png,icons,res/drawable-xxhdpi/com.x7890.shortcutcreator.png,235,235,,
icons,应用图标包,图标包 · xxhdpi,com.xhey.xcamera.png,icons,res/drawable-xxhdpi/com.xhey.xcamera.png,235,235,,
icons,应用图标包,图标包 · xxhdpi,com.xiaomi.account.png,icons,res/drawable-xxhdpi/com.xiaomi.account.png,235,235,,
icons,应用图标包,图标包 · xxhdpi,com.xiaomi.aicr.png,icons,res/drawable-xxhdpi/com.xiaomi.aicr.png,235,235,,
icons,应用图标包,图标包 · xxhdpi,com.xiaomi.aireco.png,icons,res/drawable-xxhdpi/com.xiaomi.aireco.png,235,235,,
icons,应用图标包,图标包 · xxhdpi,com.xiaomi.digitalkey.png,icons,res/drawable-xxhdpi/com.xiaomi.digitalkey.png,235,235,,
icons,应用图标包,图标包 · xxhdpi,com.xiaomi.finddevice.png,icons,res/drawable-xxhdpi/com.xiaomi.finddevice.png,235,235,,
icons,应用图标包,图标包 · xxhdpi,com.xiaomi.gamecenter.png,icons,res/drawable-xxhdpi/com.xiaomi.gamecenter.png,235,235,,
icons,应用图标包,图标包 · xxhdpi,com.xiaomi.gamecenter.sdk.service.png,icons,res/drawable-xxhdpi/com.xiaomi.gamecenter.sdk.service.png,235,235,,
icons,应用图标包,图标包 · xxhdpi,com.xiaomi.jr.png,icons,res/drawable-xxhdpi/com.xiaomi.jr.png,235,235,,
icons,应用图标包,图标包 · xxhdpi,com.xiaomi.macro.png,icons,res/drawable-xxhdpi/com.xiaomi.macro.png,235,235,,
icons,应用图标包,图标包 · xxhdpi,com.xiaomi.market.png,icons,res/drawable-xxhdpi/com.xiaomi.market.png,235,235,,
icons,应用图标包,图标包 · xxhdpi,com.xiaomi.mi_connect_service.png,icons,res/drawable-xxhdpi/com.xiaomi.mi_connect_service.png,235,235,,
icons,应用图标包,图标包 · xxhdpi,com.xiaomi.mibrain.speech.png,icons,res/drawable-xxhdpi/com.xiaomi.mibrain.speech.png,235,235,,
icons,应用图标包,图标包 · xxhdpi,com.xiaomi.mico.png,icons,res/drawable-xxhdpi/com.xiaomi.mico.png,235,235,,
icons,应用图标包,图标包 · xxhdpi,com.xiaomi.migameservice.png,icons,res/drawable-xxhdpi/com.xiaomi.migameservice.png,235,235,,
icons,应用图标包,图标包 · xxhdpi,com.xiaomi.mirror.png,icons,res/drawable-xxhdpi/com.xiaomi.mirror.png,235,235,,
icons,应用图标包,图标包 · xxhdpi,com.xiaomi.mis.png,icons,res/drawable-xxhdpi/com.xiaomi.mis.png,235,235,,
icons,应用图标包,图标包 · xxhdpi,com.xiaomi.misettings.png,icons,res/drawable-xxhdpi/com.xiaomi.misettings.png,235,235,,
icons,应用图标包,图标包 · xxhdpi,com.xiaomi.mitv.phone.tvassistant.png,icons,res/drawable-xxhdpi/com.xiaomi.mitv.phone.tvassistant.png,235,235,,
icons,应用图标包,图标包 · xxhdpi,com.xiaomi.mtb.png,icons,res/drawable-xxhdpi/com.xiaomi.mtb.png,235,235,,
icons,应用图标包,图标包 · xxhdpi,com.xiaomi.payment.png,icons,res/drawable-xxhdpi/com.xiaomi.payment.png,235,235,,
icons,应用图标包,图标包 · xxhdpi,com.xiaomi.router.png,icons,res/drawable-xxhdpi/com.xiaomi.router.png,235,235,,
icons,应用图标包,图标包 · xxhdpi,com.xiaomi.scanner.png,icons,res/drawable-xxhdpi/com.xiaomi.scanner.png,235,235,,
icons,应用图标包,图标包 · xxhdpi,com.xiaomi.shop.png,icons,res/drawable-xxhdpi/com.xiaomi.shop.png,235,235,,
icons,应用图标包,图标包 · xxhdpi,com.xiaomi.simactivate.service.png,icons,res/drawable-xxhdpi/com.xiaomi.simactivate.service.png,235,235,,
icons,应用图标包,图标包 · xxhdpi,com.xiaomi.smarthome.png,icons,res/drawable-xxhdpi/com.xiaomi.smarthome.png,235,235,,
icons,应用图标包,图标包 · xxhdpi,com.xiaomi.smartmijia.png,icons,res/drawable-xxhdpi/com.xiaomi.smartmijia.png,235,235,,
icons,应用图标包,图标包 · xxhdpi,com.xiaomi.superhexa.png,icons,res/drawable-xxhdpi/com.xiaomi.superhexa.png,235,235,,
icons,应用图标包,图标包 · xxhdpi,com.xiaomi.ugd.png,icons,res/drawable-xxhdpi/com.xiaomi.ugd.png,235,235,,
icons,应用图标包,图标包 · xxhdpi,com.xiaomi.vipaccount.png,icons,res/drawable-xxhdpi/com.xiaomi.vipaccount.png,235,235,,
icons,应用图标包,图标包 · xxhdpi,com.xiaomi.xmsf.png,icons,res/drawable-xxhdpi/com.xiaomi.xmsf.png,235,235,,
icons,应用图标包,图标包 · xxhdpi,com.xiaomi.youpin.png,icons,res/drawable-xxhdpi/com.xiaomi.youpin.png,235,235,,
icons,应用图标包,图标包 · xxhdpi,com.ximalaya.ting.android.png,icons,res/drawable-xxhdpi/com.ximalaya.ting.android.png,235,235,,
icons,应用图标包,图标包 · xxhdpi,com.xingin.xhs.png,icons,res/drawable-xxhdpi/com.xingin.xhs.png,235,235,,
icons,应用图标包,图标包 · xxhdpi,com.xingye.app.png,icons,res/drawable-xxhdpi/com.xingye.app.png,235,235,,
icons,应用图标包,图标包 · xxhdpi,com.xjs.ehviewer.png,icons,res/drawable-xxhdpi/com.xjs.ehviewer.png,235,235,,
icons,应用图标包,图标包 · xxhdpi,com.xmcy.hykb.png,icons,res/drawable-xxhdpi/com.xmcy.hykb.png,235,235,,
icons,应用图标包,图标包 · xxhdpi,com.xs.fm.lite.png,icons,res/drawable-xxhdpi/com.xs.fm.lite.png,235,235,,
icons,应用图标包,图标包 · xxhdpi,com.xs.fm.png,icons,res/drawable-xxhdpi/com.xs.fm.png,235,235,,
icons,应用图标包,图标包 · xxhdpi,com.xt.retouch.png,icons,res/drawable-xxhdpi/com.xt.retouch.png,235,235,,
icons,应用图标包,图标包 · xxhdpi,com.xunlei.browser.png,icons,res/drawable-xxhdpi/com.xunlei.browser.png,235,235,,
icons,应用图标包,图标包 · xxhdpi,com.xunlei.downloadprovider.png,icons,res/drawable-xxhdpi/com.xunlei.downloadprovider.png,235,235,,
icons,应用图标包,图标包 · xxhdpi,com.xunmeng.pinduoduo.png,icons,res/drawable-xxhdpi/com.xunmeng.pinduoduo.png,235,235,,
icons,应用图标包,图标包 · xxhdpi,com.xvideostudio.videoeditor.png,icons,res/drawable-xxhdpi/com.xvideostudio.videoeditor.png,235,235,,
icons,应用图标包,图标包 · xxhdpi,com.xx.reader.png,icons,res/drawable-xxhdpi/com.xx.reader.png,235,235,,
icons,应用图标包,图标包 · xxhdpi,com.yek.android.kfc.activitys.png,icons,res/drawable-xxhdpi/com.yek.android.kfc.activitys.png,235,235,,
icons,应用图标包,图标包 · xxhdpi,com.yipiao.png,icons,res/drawable-xxhdpi/com.yipiao.png,235,235,,
icons,应用图标包,图标包 · xxhdpi,com.yitong.mbank.psbc.png,icons,res/drawable-xxhdpi/com.yitong.mbank.psbc.png,235,235,,
icons,应用图标包,图标包 · xxhdpi,com.youdao.dict.png,icons,res/drawable-xxhdpi/com.youdao.dict.png,235,235,,
icons,应用图标包,图标包 · xxhdpi,com.youku.phone.png,icons,res/drawable-xxhdpi/com.youku.phone.png,235,235,,
icons,应用图标包,图标包 · xxhdpi,com.yuk.fuckMiuiThemeManager.png,icons,res/drawable-xxhdpi/com.yuk.fuckMiuiThemeManager.png,235,235,,
icons,应用图标包,图标包 · xxhdpi,com.yuk.miuiXXL.png,icons,res/drawable-xxhdpi/com.yuk.miuiXXL.png,235,235,,
icons,应用图标包,图标包 · xxhdpi,com.yumc.phsuperapp.png,icons,res/drawable-xxhdpi/com.yumc.phsuperapp.png,235,235,,
icons,应用图标包,图标包 · xxhdpi,com.zhihu.android.png,icons,res/drawable-xxhdpi/com.zhihu.android.png,235,235,,
icons,应用图标包,图标包 · xxhdpi,ctrip.android.view.png,icons,res/drawable-xxhdpi/ctrip.android.view.png,235,235,,
icons,应用图标包,图标包 · xxhdpi,dev.lackluster.mihelper.png,icons,res/drawable-xxhdpi/dev.lackluster.mihelper.png,235,235,,
icons,应用图标包,图标包 · xxhdpi,flar2.devcheck.png,icons,res/drawable-xxhdpi/flar2.devcheck.png,235,235,,
icons,应用图标包,图标包 · xxhdpi,icon_folder.png,icons,res/drawable-xxhdpi/icon_folder.png,168,168,,
icons,应用图标包,图标包 · xxhdpi,icon_folder_light.png,icons,res/drawable-xxhdpi/icon_folder_light.png,168,168,,
icons,应用图标包,图标包 · xxhdpi,icon_pattern.png,icons,res/drawable-xxhdpi/icon_pattern.png,168,168,,
icons,应用图标包,图标包 · xxhdpi,io.github.qauxv.png,icons,res/drawable-xxhdpi/io.github.qauxv.png,235,235,,
icons,应用图标包,图标包 · xxhdpi,io.github.vvb2060.mahoshojo.png,icons,res/drawable-xxhdpi/io.github.vvb2060.mahoshojo.png,235,235,,
icons,应用图标包,图标包 · xxhdpi,io.iftech.android.box.png,icons,res/drawable-xxhdpi/io.iftech.android.box.png,235,235,,
icons,应用图标包,图标包 · xxhdpi,io.legado.app.release.png,icons,res/drawable-xxhdpi/io.legado.app.release.png,235,235,,
icons,应用图标包,图标包 · xxhdpi,io.wallpaperengine.weclient.png,icons,res/drawable-xxhdpi/io.wallpaperengine.weclient.png,235,235,,
icons,应用图标包,图标包 · xxhdpi,io.zhuliang.pipphotos.png,icons,res/drawable-xxhdpi/io.zhuliang.pipphotos.png,235,235,,
icons,应用图标包,图标包 · xxhdpi,jp.co.edia.maplusPlus.png,icons,res/drawable-xxhdpi/jp.co.edia.maplusPlus.png,235,235,,
icons,应用图标包,图标包 · xxhdpi,jp.konami.masterduel.png,icons,res/drawable-xxhdpi/jp.konami.masterduel.png,235,235,,
icons,应用图标包,图标包 · xxhdpi,jp.pxv.android.png,icons,res/drawable-xxhdpi/jp.pxv.android.png,235,235,,
icons,应用图标包,图标包 · xxhdpi,mark.via.png,icons,res/drawable-xxhdpi/mark.via.png,235,235,,
icons,应用图标包,图标包 · xxhdpi,me.ele.png,icons,res/drawable-xxhdpi/me.ele.png,235,235,,
icons,应用图标包,图标包 · xxhdpi,me.teble.xposed.autodaily.png,icons,res/drawable-xxhdpi/me.teble.xposed.autodaily.png,235,235,,
icons,应用图标包,图标包 · xxhdpi,me.weishu.kernelsu.png,icons,res/drawable-xxhdpi/me.weishu.kernelsu.png,235,235,,
icons,应用图标包,图标包 · xxhdpi,miui.systemui.plugin.png,icons,res/drawable-xxhdpi/miui.systemui.plugin.png,235,235,,
icons,应用图标包,图标包 · xxhdpi,name.monwf.customiuizer.png,icons,res/drawable-xxhdpi/name.monwf.customiuizer.png,235,235,,
icons,应用图标包,图标包 · xxhdpi,net.afdian.afdian.png,icons,res/drawable-xxhdpi/net.afdian.afdian.png,235,235,,
icons,应用图标包,图标包 · xxhdpi,net.huanci.hsjpro.png,icons,res/drawable-xxhdpi/net.huanci.hsjpro.png,235,235,,
icons,应用图标包,图标包 · xxhdpi,org.citra.emu.png,icons,res/drawable-xxhdpi/org.citra.emu.png,235,235,,
icons,应用图标包,图标包 · xxhdpi,org.localsend.localsend_app.png,icons,res/drawable-xxhdpi/org.localsend.localsend_app.png,235,235,,
icons,应用图标包,图标包 · xxhdpi,org.lsposed.manager.png,icons,res/drawable-xxhdpi/org.lsposed.manager.png,235,235,,
icons,应用图标包,图标包 · xxhdpi,org.moegirl.moepad.png,icons,res/drawable-xxhdpi/org.moegirl.moepad.png,235,235,,
icons,应用图标包,图标包 · xxhdpi,org.telegram.messenger.png,icons,res/drawable-xxhdpi/org.telegram.messenger.png,235,235,,
icons,应用图标包,图标包 · xxhdpi,org.zwanoo.android.speedtest.png,icons,res/drawable-xxhdpi/org.zwanoo.android.speedtest.png,235,235,,
icons,应用图标包,图标包 · xxhdpi,sogou.mobile.explorer.png,icons,res/drawable-xxhdpi/sogou.mobile.explorer.png,235,235,,
icons,应用图标包,图标包 · xxhdpi,tk.dreamydragon.roartranslater.png,icons,res/drawable-xxhdpi/tk.dreamydragon.roartranslater.png,235,235,,
icons,应用图标包,图标包 · xxhdpi,tkaxv7s.xposed.sesame.png,icons,res/drawable-xxhdpi/tkaxv7s.xposed.sesame.png,235,235,,
icons,应用图标包,图标包 · xxhdpi,tv.acfundanmaku.video.png,icons,res/drawable-xxhdpi/tv.acfundanmaku.video.png,235,235,,
icons,应用图标包,图标包 · xxhdpi,tv.danmaku.bili.png,icons,res/drawable-xxhdpi/tv.danmaku.bili.png,235,235,,
icons,应用图标包,图标包 · xxhdpi,video.player.videoplayer.png,icons,res/drawable-xxhdpi/video.player.videoplayer.png,235,235,,
lockscreen,锁屏样式,锁屏 · 锁屏音乐,music_0.png,lockscreen,advance/Music/music_0.png,420,420,,
lockscreen,锁屏样式,锁屏 · 锁屏音乐,music_1.png,lockscreen,advance/Music/music_1.png,420,420,,
lockscreen,锁屏样式,锁屏 · 锁屏音乐,music_2.png,lockscreen,advance/Music/music_2.png,420,420,,
lockscreen,锁屏样式,锁屏 · 锁屏音乐,music_3.png,lockscreen,advance/Music/music_3.png,420,420,,
lockscreen,锁屏样式,锁屏 · 锁屏音乐,music_4.png,lockscreen,advance/Music/music_4.png,420,420,,
lockscreen,锁屏样式,锁屏 · 锁屏音乐,music_5.png,lockscreen,advance/Music/music_5.png,420,420,,
lockscreen,锁屏样式,锁屏 · 锁屏音乐,music_6.png,lockscreen,advance/Music/music_6.png,420,420,,
lockscreen,锁屏样式,锁屏 · 锁屏音乐,music_mask_28.9.png,lockscreen,advance/Music/music_mask_28.9.png,100,100,是,
lockscreen,锁屏样式,锁屏 · 锁屏音乐,next.png,lockscreen,advance/Music/next.png,64,65,,
lockscreen,锁屏样式,锁屏 · 锁屏音乐,nextw.png,lockscreen,advance/Music/nextw.png,64,65,,
lockscreen,锁屏样式,锁屏 · 锁屏音乐,pause.png,lockscreen,advance/Music/pause.png,82,83,,
lockscreen,锁屏样式,锁屏 · 锁屏音乐,pausew.png,lockscreen,advance/Music/pausew.png,82,83,,
lockscreen,锁屏样式,锁屏 · 锁屏音乐,play.png,lockscreen,advance/Music/play.png,82,83,,
lockscreen,锁屏样式,锁屏 · 锁屏音乐,playw.png,lockscreen,advance/Music/playw.png,82,83,,
lockscreen,锁屏样式,锁屏 · 锁屏音乐,prev.png,lockscreen,advance/Music/prev.png,64,65,,
lockscreen,锁屏样式,锁屏 · 锁屏音乐,prevw.png,lockscreen,advance/Music/prevw.png,64,65,,
lockscreen,锁屏样式,锁屏 · 锁屏素材,cancel.png,lockscreen,advance/src/cancel.png,54,54,,
lockscreen,锁屏样式,锁屏 · 锁屏素材,cimg_0.png,lockscreen,advance/src/cimg_0.png,50,66,,
lockscreen,锁屏样式,锁屏 · 锁屏素材,cimg_1.png,lockscreen,advance/src/cimg_1.png,66,88,,
lockscreen,锁屏样式,锁屏 · 锁屏素材,息屏显示手电筒图标,lockscreen,advance/src/flash.png,25,36,,
lockscreen,锁屏样式,锁屏 · 锁屏素材,gj_jrlp.png,lockscreen,advance/src/gj_jrlp.png,24,36,,
lockscreen,锁屏样式,锁屏 · 锁屏素材,gj_jrsy.png,lockscreen,advance/src/gj_jrsy.png,38,38,,
lockscreen,锁屏样式,锁屏 · 锁屏数字,number_0.png,lockscreen,advance/src/number/big/type_0/number_0.png,274,454,,
lockscreen,锁屏样式,锁屏 · 锁屏数字,number_1.png,lockscreen,advance/src/number/big/type_0/number_1.png,160,447,,
lockscreen,锁屏样式,锁屏 · 锁屏数字,number_2.png,lockscreen,advance/src/number/big/type_0/number_2.png,275,450,,
lockscreen,锁屏样式,锁屏 · 锁屏数字,number_3.png,lockscreen,advance/src/number/big/type_0/number_3.png,288,455,,
lockscreen,锁屏样式,锁屏 · 锁屏数字,number_4.png,lockscreen,advance/src/number/big/type_0/number_4.png,303,447,,
lockscreen,锁屏样式,锁屏 · 锁屏数字,number_5.png,lockscreen,advance/src/number/big/type_0/number_5.png,276,451,,
lockscreen,锁屏样式,锁屏 · 锁屏数字,number_6.png,lockscreen,advance/src/number/big/type_0/number_6.png,279,450,,
lockscreen,锁屏样式,锁屏 · 锁屏数字,number_7.png,lockscreen,advance/src/number/big/type_0/number_7.png,281,447,,
lockscreen,锁屏样式,锁屏 · 锁屏数字,number_8.png,lockscreen,advance/src/number/big/type_0/number_8.png,289,454,,
lockscreen,锁屏样式,锁屏 · 锁屏数字,number_9-1.png,lockscreen,advance/src/number/big/type_0/number_9-1.png,391,520,,
lockscreen,锁屏样式,锁屏 · 锁屏数字,number_9.png,lockscreen,advance/src/number/big/type_0/number_9.png,279,450,,
lockscreen,锁屏样式,锁屏 · 锁屏数字,number_dot.png,lockscreen,advance/src/number/big/type_0/number_dot.png,150,271,,
lockscreen,锁屏样式,锁屏 · 锁屏数字,number_0.png,lockscreen,advance/src/number/big/type_1/number_0.png,394,397,,
lockscreen,锁屏样式,锁屏 · 锁屏数字,number_1.png,lockscreen,advance/src/number/big/type_1/number_1.png,210,393,,
lockscreen,锁屏样式,锁屏 · 锁屏数字,number_2.png,lockscreen,advance/src/number/big/type_1/number_2.png,392,405,,
lockscreen,锁屏样式,锁屏 · 锁屏数字,number_3.png,lockscreen,advance/src/number/big/type_1/number_3.png,383,396,,
lockscreen,锁屏样式,锁屏 · 锁屏数字,number_4.png,lockscreen,advance/src/number/big/type_1/number_4.png,373,383,,
lockscreen,锁屏样式,锁屏 · 锁屏数字,number_5.png,lockscreen,advance/src/number/big/type_1/number_5.png,377,413,,
lockscreen,锁屏样式,锁屏 · 锁屏数字,number_6.png,lockscreen,advance/src/number/big/type_1/number_6.png,371,420,,
lockscreen,锁屏样式,锁屏 · 锁屏数字,number_7.png,lockscreen,advance/src/number/big/type_1/number_7.png,374,400,,
lockscreen,锁屏样式,锁屏 · 锁屏数字,number_8.png,lockscreen,advance/src/number/big/type_1/number_8.png,405,411,,
lockscreen,锁屏样式,锁屏 · 锁屏数字,number_9-1.png,lockscreen,advance/src/number/big/type_1/number_9-1.png,391,520,,
lockscreen,锁屏样式,锁屏 · 锁屏数字,number_9.png,lockscreen,advance/src/number/big/type_1/number_9.png,372,420,,
lockscreen,锁屏样式,锁屏 · 锁屏数字,number_dot.png,lockscreen,advance/src/number/big/type_1/number_dot.png,148,240,,
lockscreen,锁屏样式,锁屏 · 锁屏数字,number_0.png,lockscreen,advance/src/number/big/type_10/number_0.png,317,420,,
lockscreen,锁屏样式,锁屏 · 锁屏数字,number_1.png,lockscreen,advance/src/number/big/type_10/number_1.png,204,401,,
lockscreen,锁屏样式,锁屏 · 锁屏数字,number_2.png,lockscreen,advance/src/number/big/type_10/number_2.png,297,412,,
lockscreen,锁屏样式,锁屏 · 锁屏数字,number_3.png,lockscreen,advance/src/number/big/type_10/number_3.png,314,420,,
lockscreen,锁屏样式,锁屏 · 锁屏数字,number_4.png,lockscreen,advance/src/number/big/type_10/number_4.png,325,401,,
lockscreen,锁屏样式,锁屏 · 锁屏数字,number_5.png,lockscreen,advance/src/number/big/type_10/number_5.png,315,411,,
lockscreen,锁屏样式,锁屏 · 锁屏数字,number_6.png,lockscreen,advance/src/number/big/type_10/number_6.png,319,420,,
lockscreen,锁屏样式,锁屏 · 锁屏数字,number_7.png,lockscreen,advance/src/number/big/type_10/number_7.png,297,401,,
lockscreen,锁屏样式,锁屏 · 锁屏数字,number_8.png,lockscreen,advance/src/number/big/type_10/number_8.png,322,420,,
lockscreen,锁屏样式,锁屏 · 锁屏数字,number_9.png,lockscreen,advance/src/number/big/type_10/number_9.png,319,420,,
lockscreen,锁屏样式,锁屏 · 锁屏数字,number_dot.png,lockscreen,advance/src/number/big/type_10/number_dot.png,106,294,,
lockscreen,锁屏样式,锁屏 · 锁屏数字,number_0.png,lockscreen,advance/src/number/big/type_11/number_0.png,332,580,,
lockscreen,锁屏样式,锁屏 · 锁屏数字,number_1.png,lockscreen,advance/src/number/big/type_11/number_1.png,332,580,,
lockscreen,锁屏样式,锁屏 · 锁屏数字,number_2.png,lockscreen,advance/src/number/big/type_11/number_2.png,332,580,,
lockscreen,锁屏样式,锁屏 · 锁屏数字,number_3.png,lockscreen,advance/src/number/big/type_11/number_3.png,332,580,,
lockscreen,锁屏样式,锁屏 · 锁屏数字,number_4.png,lockscreen,advance/src/number/big/type_11/number_4.png,333,580,,
lockscreen,锁屏样式,锁屏 · 锁屏数字,number_5.png,lockscreen,advance/src/number/big/type_11/number_5.png,332,580,,
lockscreen,锁屏样式,锁屏 · 锁屏数字,number_6.png,lockscreen,advance/src/number/big/type_11/number_6.png,333,580,,
lockscreen,锁屏样式,锁屏 · 锁屏数字,number_7.png,lockscreen,advance/src/number/big/type_11/number_7.png,332,580,,
lockscreen,锁屏样式,锁屏 · 锁屏数字,number_8.png,lockscreen,advance/src/number/big/type_11/number_8.png,332,580,,
lockscreen,锁屏样式,锁屏 · 锁屏数字,number_9.png,lockscreen,advance/src/number/big/type_11/number_9.png,332,580,,
lockscreen,锁屏样式,锁屏 · 锁屏数字,number_dot.png,lockscreen,advance/src/number/big/type_11/number_dot.png,143,580,,
lockscreen,锁屏样式,锁屏 · 锁屏数字,number_0.png,lockscreen,advance/src/number/big/type_2/number_0.png,273,440,,
lockscreen,锁屏样式,锁屏 · 锁屏数字,number_1.png,lockscreen,advance/src/number/big/type_2/number_1.png,273,440,,
lockscreen,锁屏样式,锁屏 · 锁屏数字,number_2.png,lockscreen,advance/src/number/big/type_2/number_2.png,273,440,,
lockscreen,锁屏样式,锁屏 · 锁屏数字,number_3.png,lockscreen,advance/src/number/big/type_2/number_3.png,269,440,,
lockscreen,锁屏样式,锁屏 · 锁屏数字,number_4.png,lockscreen,advance/src/number/big/type_2/number_4.png,273,440,,
lockscreen,锁屏样式,锁屏 · 锁屏数字,number_5.png,lockscreen,advance/src/number/big/type_2/number_5.png,270,440,,
lockscreen,锁屏样式,锁屏 · 锁屏数字,number_6.png,lockscreen,advance/src/number/big/type_2/number_6.png,273,440,,
lockscreen,锁屏样式,锁屏 · 锁屏数字,number_7.png,lockscreen,advance/src/number/big/type_2/number_7.png,273,440,,
lockscreen,锁屏样式,锁屏 · 锁屏数字,number_8.png,lockscreen,advance/src/number/big/type_2/number_8.png,273,440,,
lockscreen,锁屏样式,锁屏 · 锁屏数字,number_9-1.png,lockscreen,advance/src/number/big/type_2/number_9-1.png,391,520,,
lockscreen,锁屏样式,锁屏 · 锁屏数字,number_9.png,lockscreen,advance/src/number/big/type_2/number_9.png,273,440,,
lockscreen,锁屏样式,锁屏 · 锁屏数字,number_dot.png,lockscreen,advance/src/number/big/type_2/number_dot.png,161,329,,
lockscreen,锁屏样式,锁屏 · 锁屏数字,number_0.png,lockscreen,advance/src/number/big/type_3/number_0.png,300,425,,
lockscreen,锁屏样式,锁屏 · 锁屏数字,number_1.png,lockscreen,advance/src/number/big/type_3/number_1.png,220,425,,
lockscreen,锁屏样式,锁屏 · 锁屏数字,number_2.png,lockscreen,advance/src/number/big/type_3/number_2.png,300,425,,
lockscreen,锁屏样式,锁屏 · 锁屏数字,number_3.png,lockscreen,advance/src/number/big/type_3/number_3.png,300,425,,
lockscreen,锁屏样式,锁屏 · 锁屏数字,number_4.png,lockscreen,advance/src/number/big/type_3/number_4.png,300,425,,
lockscreen,锁屏样式,锁屏 · 锁屏数字,number_5.png,lockscreen,advance/src/number/big/type_3/number_5.png,300,425,,
lockscreen,锁屏样式,锁屏 · 锁屏数字,number_6.png,lockscreen,advance/src/number/big/type_3/number_6.png,300,425,,
lockscreen,锁屏样式,锁屏 · 锁屏数字,number_7.png,lockscreen,advance/src/number/big/type_3/number_7.png,300,425,,
lockscreen,锁屏样式,锁屏 · 锁屏数字,number_8.png,lockscreen,advance/src/number/big/type_3/number_8.png,300,425,,
lockscreen,锁屏样式,锁屏 · 锁屏数字,number_9.png,lockscreen,advance/src/number/big/type_3/number_9.png,300,425,,
lockscreen,锁屏样式,锁屏 · 锁屏数字,number_dot.png,lockscreen,advance/src/number/big/type_3/number_dot.png,117,325,,
lockscreen,锁屏样式,锁屏 · 锁屏数字,number_0.png,lockscreen,advance/src/number/big/type_4/number_0.png,344,420,,
lockscreen,锁屏样式,锁屏 · 锁屏数字,number_1.png,lockscreen,advance/src/number/big/type_4/number_1.png,211,412,,
lockscreen,锁屏样式,锁屏 · 锁屏数字,number_2.png,lockscreen,advance/src/number/big/type_4/number_2.png,317,416,,
lockscreen,锁屏样式,锁屏 · 锁屏数字,number_3.png,lockscreen,advance/src/number/big/type_4/number_3.png,317,420,,
lockscreen,锁屏样式,锁屏 · 锁屏数字,number_4.png,lockscreen,advance/src/number/big/type_4/number_4.png,362,412,,
lockscreen,锁屏样式,锁屏 · 锁屏数字,number_5.png,lockscreen,advance/src/number/big/type_4/number_5.png,316,416,,
lockscreen,锁屏样式,锁屏 · 锁屏数字,number_6.png,lockscreen,advance/src/number/big/type_4/number_6.png,345,420,,
lockscreen,锁屏样式,锁屏 · 锁屏数字,number_7.png,lockscreen,advance/src/number/big/type_4/number_7.png,316,412,,
lockscreen,锁屏样式,锁屏 · 锁屏数字,number_8.png,lockscreen,advance/src/number/big/type_4/number_8.png,353,420,,
lockscreen,锁屏样式,锁屏 · 锁屏数字,number_9.png,lockscreen,advance/src/number/big/type_4/number_9.png,345,420,,
lockscreen,锁屏样式,锁屏 · 锁屏数字,number_dot.png,lockscreen,advance/src/number/big/type_4/number_dot.png,141,312,,
lockscreen,锁屏样式,锁屏 · 锁屏数字,number_0.png,lockscreen,advance/src/number/big/type_5/number_0.png,376,420,,
lockscreen,锁屏样式,锁屏 · 锁屏数字,number_1.png,lockscreen,advance/src/number/big/type_5/number_1.png,254,406,,
lockscreen,锁屏样式,锁屏 · 锁屏数字,number_2.png,lockscreen,advance/src/number/big/type_5/number_2.png,355,413,,
lockscreen,锁屏样式,锁屏 · 锁屏数字,number_3.png,lockscreen,advance/src/number/big/type_5/number_3.png,354,420,,
lockscreen,锁屏样式,锁屏 · 锁屏数字,number_4.png,lockscreen,advance/src/number/big/type_5/number_4.png,376,406,,
lockscreen,锁屏样式,锁屏 · 锁屏数字,number_5.png,lockscreen,advance/src/number/big/type_5/number_5.png,351,413,,
lockscreen,锁屏样式,锁屏 · 锁屏数字,number_6.png,lockscreen,advance/src/number/big/type_5/number_6.png,359,420,,
lockscreen,锁屏样式,锁屏 · 锁屏数字,number_7.png,lockscreen,advance/src/number/big/type_5/number_7.png,341,406,,
lockscreen,锁屏样式,锁屏 · 锁屏数字,number_8.png,lockscreen,advance/src/number/big/type_5/number_8.png,362,420,,
lockscreen,锁屏样式,锁屏 · 锁屏数字,number_9.png,lockscreen,advance/src/number/big/type_5/number_9.png,359,420,,
lockscreen,锁屏样式,锁屏 · 锁屏数字,number_dot.png,lockscreen,advance/src/number/big/type_5/number_dot.png,198,325,,
lockscreen,锁屏样式,锁屏 · 锁屏数字,number_0.png,lockscreen,advance/src/number/big/type_6/number_0.png,356,400,,
lockscreen,锁屏样式,锁屏 · 锁屏数字,number_1.png,lockscreen,advance/src/number/big/type_6/number_1.png,162,368,,
lockscreen,锁屏样式,锁屏 · 锁屏数字,number_2.png,lockscreen,advance/src/number/big/type_6/number_2.png,242,384,,
lockscreen,锁屏样式,锁屏 · 锁屏数字,number_3.png,lockscreen,advance/src/number/big/type_6/number_3.png,254,400,,
lockscreen,锁屏样式,锁屏 · 锁屏数字,number_4.png,lockscreen,advance/src/number/big/type_6/number_4.png,257,368,,
lockscreen,锁屏样式,锁屏 · 锁屏数字,number_5.png,lockscreen,advance/src/number/big/type_6/number_5.png,295,384,,
lockscreen,锁屏样式,锁屏 · 锁屏数字,number_6.png,lockscreen,advance/src/number/big/type_6/number_6.png,328,400,,
lockscreen,锁屏样式,锁屏 · 锁屏数字,number_7.png,lockscreen,advance/src/number/big/type_6/number_7.png,266,368,,
lockscreen,锁屏样式,锁屏 · 锁屏数字,number_8.png,lockscreen,advance/src/number/big/type_6/number_8.png,339,400,,
lockscreen,锁屏样式,锁屏 · 锁屏数字,number_9-1.png,lockscreen,advance/src/number/big/type_6/number_9-1.png,391,520,,
lockscreen,锁屏样式,锁屏 · 锁屏数字,number_9.png,lockscreen,advance/src/number/big/type_6/number_9.png,329,400,,
lockscreen,锁屏样式,锁屏 · 锁屏数字,number_dot.png,lockscreen,advance/src/number/big/type_6/number_dot.png,81,208,,
lockscreen,锁屏样式,锁屏 · 锁屏数字,number_0.png,lockscreen,advance/src/number/big/type_7/number_0.png,311,380,,
lockscreen,锁屏样式,锁屏 · 锁屏数字,number_1.png,lockscreen,advance/src/number/big/type_7/number_1.png,195,368,,
lockscreen,锁屏样式,锁屏 · 锁屏数字,number_2.png,lockscreen,advance/src/number/big/type_7/number_2.png,284,379,,
lockscreen,锁屏样式,锁屏 · 锁屏数字,number_3.png,lockscreen,advance/src/number/big/type_7/number_3.png,283,382,,
lockscreen,锁屏样式,锁屏 · 锁屏数字,number_4.png,lockscreen,advance/src/number/big/type_7/number_4.png,305,368,,
lockscreen,锁屏样式,锁屏 · 锁屏数字,number_5.png,lockscreen,advance/src/number/big/type_7/number_5.png,282,397,,
lockscreen,锁屏样式,锁屏 · 锁屏数字,number_6.png,lockscreen,advance/src/number/big/type_7/number_6.png,305,380,,
lockscreen,锁屏样式,锁屏 · 锁屏数字,number_7.png,lockscreen,advance/src/number/big/type_7/number_7.png,281,387,,
lockscreen,锁屏样式,锁屏 · 锁屏数字,number_8.png,lockscreen,advance/src/number/big/type_7/number_8.png,298,379,,
lockscreen,锁屏样式,锁屏 · 锁屏数字,number_9.png,lockscreen,advance/src/number/big/type_7/number_9.png,305,380,,
lockscreen,锁屏样式,锁屏 · 锁屏数字,number_dot.png,lockscreen,advance/src/number/big/type_7/number_dot.png,118,309,,
lockscreen,锁屏样式,锁屏 · 锁屏数字,number_0.png,lockscreen,advance/src/number/big/type_8/number_0.png,344,420,,
lockscreen,锁屏样式,锁屏 · 锁屏数字,number_1.png,lockscreen,advance/src/number/big/type_8/number_1.png,242,415,,
lockscreen,锁屏样式,锁屏 · 锁屏数字,number_2.png,lockscreen,advance/src/number/big/type_8/number_2.png,318,415,,
lockscreen,锁屏样式,锁屏 · 锁屏数字,number_3.png,lockscreen,advance/src/number/big/type_8/number_3.png,330,420,,
lockscreen,锁屏样式,锁屏 · 锁屏数字,number_4.png,lockscreen,advance/src/number/big/type_8/number_4.png,394,410,,
lockscreen,锁屏样式,锁屏 · 锁屏数字,number_5.png,lockscreen,advance/src/number/big/type_8/number_5.png,319,420,,
lockscreen,锁屏样式,锁屏 · 锁屏数字,number_6.png,lockscreen,advance/src/number/big/type_8/number_6.png,344,420,,
lockscreen,锁屏样式,锁屏 · 锁屏数字,number_7.png,lockscreen,advance/src/number/big/type_8/number_7.png,325,410,,
lockscreen,锁屏样式,锁屏 · 锁屏数字,number_8.png,lockscreen,advance/src/number/big/type_8/number_8.png,348,420,,
lockscreen,锁屏样式,锁屏 · 锁屏数字,number_9.png,lockscreen,advance/src/number/big/type_8/number_9.png,344,420,,
lockscreen,锁屏样式,锁屏 · 锁屏数字,number_dot.png,lockscreen,advance/src/number/big/type_8/number_dot.png,155,302,,
lockscreen,锁屏样式,锁屏 · 锁屏数字,number_0.png,lockscreen,advance/src/number/big/type_9/number_0.png,412,419,,
lockscreen,锁屏样式,锁屏 · 锁屏数字,number_1.png,lockscreen,advance/src/number/big/type_9/number_1.png,247,408,,
lockscreen,锁屏样式,锁屏 · 锁屏数字,number_2.png,lockscreen,advance/src/number/big/type_9/number_2.png,355,415,,
lockscreen,锁屏样式,锁屏 · 锁屏数字,number_3.png,lockscreen,advance/src/number/big/type_9/number_3.png,358,414,,
lockscreen,锁屏样式,锁屏 · 锁屏数字,number_4.png,lockscreen,advance/src/number/big/type_9/number_4.png,406,408,,
lockscreen,锁屏样式,锁屏 · 锁屏数字,number_5.png,lockscreen,advance/src/number/big/type_9/number_5.png,354,414,,
lockscreen,锁屏样式,锁屏 · 锁屏数字,number_6.png,lockscreen,advance/src/number/big/type_9/number_6.png,408,419,,
lockscreen,锁屏样式,锁屏 · 锁屏数字,number_7.png,lockscreen,advance/src/number/big/type_9/number_7.png,339,408,,
lockscreen,锁屏样式,锁屏 · 锁屏数字,number_8.png,lockscreen,advance/src/number/big/type_9/number_8.png,386,420,,
lockscreen,锁屏样式,锁屏 · 锁屏数字,number_9.png,lockscreen,advance/src/number/big/type_9/number_9.png,408,419,,
lockscreen,锁屏样式,锁屏 · 锁屏数字,number_dot.png,lockscreen,advance/src/number/big/type_9/number_dot.png,185,291,,
lockscreen,锁屏样式,锁屏 · 锁屏数字,number_0.png,lockscreen,advance/src/number/small/type_0/number_0.png,91,150,,
lockscreen,锁屏样式,锁屏 · 锁屏数字,number_1.png,lockscreen,advance/src/number/small/type_0/number_1.png,54,149,,
lockscreen,锁屏样式,锁屏 · 锁屏数字,number_2.png,lockscreen,advance/src/number/small/type_0/number_2.png,92,150,,
lockscreen,锁屏样式,锁屏 · 锁屏数字,number_3.png,lockscreen,advance/src/number/small/type_0/number_3.png,95,150,,
lockscreen,锁屏样式,锁屏 · 锁屏数字,number_4.png,lockscreen,advance/src/number/small/type_0/number_4.png,101,149,,
lockscreen,锁屏样式,锁屏 · 锁屏数字,number_5.png,lockscreen,advance/src/number/small/type_0/number_5.png,92,150,,
lockscreen,锁屏样式,锁屏 · 锁屏数字,number_6.png,lockscreen,advance/src/number/small/type_0/number_6.png,93,150,,
lockscreen,锁屏样式,锁屏 · 锁屏数字,number_7.png,lockscreen,advance/src/number/small/type_0/number_7.png,93,149,,
lockscreen,锁屏样式,锁屏 · 锁屏数字,number_8.png,lockscreen,advance/src/number/small/type_0/number_8.png,96,150,,
lockscreen,锁屏样式,锁屏 · 锁屏数字,number_9.png,lockscreen,advance/src/number/small/type_0/number_9.png,93,150,,
lockscreen,锁屏样式,锁屏 · 锁屏数字,number_dot.png,lockscreen,advance/src/number/small/type_0/number_dot.png,51,91,,
lockscreen,锁屏样式,锁屏 · 锁屏数字,number_0.png,lockscreen,advance/src/number/small/type_1/number_0.png,142,142,,
lockscreen,锁屏样式,锁屏 · 锁屏数字,number_1.png,lockscreen,advance/src/number/small/type_1/number_1.png,75,141,,
lockscreen,锁屏样式,锁屏 · 锁屏数字,number_2.png,lockscreen,advance/src/number/small/type_1/number_2.png,141,146,,
lockscreen,锁屏样式,锁屏 · 锁屏数字,number_3.png,lockscreen,advance/src/number/small/type_1/number_3.png,137,142,,
lockscreen,锁屏样式,锁屏 · 锁屏数字,number_4.png,lockscreen,advance/src/number/small/type_1/number_4.png,134,138,,
lockscreen,锁屏样式,锁屏 · 锁屏数字,number_5.png,lockscreen,advance/src/number/small/type_1/number_5.png,136,149,,
lockscreen,锁屏样式,锁屏 · 锁屏数字,number_6.png,lockscreen,advance/src/number/small/type_1/number_6.png,133,151,,
lockscreen,锁屏样式,锁屏 · 锁屏数字,number_7.png,lockscreen,advance/src/number/small/type_1/number_7.png,134,144,,
lockscreen,锁屏样式,锁屏 · 锁屏数字,number_8.png,lockscreen,advance/src/number/small/type_1/number_8.png,145,148,,
lockscreen,锁屏样式,锁屏 · 锁屏数字,number_9.png,lockscreen,advance/src/number/small/type_1/number_9.png,134,151,,
lockscreen,锁屏样式,锁屏 · 锁屏数字,number_dot.png,lockscreen,advance/src/number/small/type_1/number_dot.png,53,86,,
lockscreen,锁屏样式,锁屏 · 锁屏数字,number_0.png,lockscreen,advance/src/number/small/type_10/number_0.png,114,150,,
lockscreen,锁屏样式,锁屏 · 锁屏数字,number_1.png,lockscreen,advance/src/number/small/type_10/number_1.png,73,144,,
lockscreen,锁屏样式,锁屏 · 锁屏数字,number_2.png,lockscreen,advance/src/number/small/type_10/number_2.png,107,148,,
lockscreen,锁屏样式,锁屏 · 锁屏数字,number_3.png,lockscreen,advance/src/number/small/type_10/number_3.png,112,150,,
lockscreen,锁屏样式,锁屏 · 锁屏数字,number_4.png,lockscreen,advance/src/number/small/type_10/number_4.png,117,144,,
lockscreen,锁屏样式,锁屏 · 锁屏数字,number_5.png,lockscreen,advance/src/number/small/type_10/number_5.png,114,148,,
lockscreen,锁屏样式,锁屏 · 锁屏数字,number_6.png,lockscreen,advance/src/number/small/type_10/number_6.png,114,150,,
lockscreen,锁屏样式,锁屏 · 锁屏数字,number_7.png,lockscreen,advance/src/number/small/type_10/number_7.png,107,144,,
lockscreen,锁屏样式,锁屏 · 锁屏数字,number_8.png,lockscreen,advance/src/number/small/type_10/number_8.png,115,150,,
lockscreen,锁屏样式,锁屏 · 锁屏数字,number_9.png,lockscreen,advance/src/number/small/type_10/number_9.png,115,150,,
lockscreen,锁屏样式,锁屏 · 锁屏数字,number_dot.png,lockscreen,advance/src/number/small/type_10/number_dot.png,38,105,,
lockscreen,锁屏样式,锁屏 · 锁屏数字,number_0.png,lockscreen,advance/src/number/small/type_11/number_0.png,87,150,,
lockscreen,锁屏样式,锁屏 · 锁屏数字,number_1.png,lockscreen,advance/src/number/small/type_11/number_1.png,87,136,,
lockscreen,锁屏样式,锁屏 · 锁屏数字,number_2.png,lockscreen,advance/src/number/small/type_11/number_2.png,87,150,,
lockscreen,锁屏样式,锁屏 · 锁屏数字,number_3.png,lockscreen,advance/src/number/small/type_11/number_3.png,87,150,,
lockscreen,锁屏样式,锁屏 · 锁屏数字,number_4.png,lockscreen,advance/src/number/small/type_11/number_4.png,87,122,,
lockscreen,锁屏样式,锁屏 · 锁屏数字,number_5.png,lockscreen,advance/src/number/small/type_11/number_5.png,87,150,,
lockscreen,锁屏样式,锁屏 · 锁屏数字,number_6.png,lockscreen,advance/src/number/small/type_11/number_6.png,87,150,,
lockscreen,锁屏样式,锁屏 · 锁屏数字,number_7.png,lockscreen,advance/src/number/small/type_11/number_7.png,87,122,,
lockscreen,锁屏样式,锁屏 · 锁屏数字,number_8.png,lockscreen,advance/src/number/small/type_11/number_8.png,87,150,,
lockscreen,锁屏样式,锁屏 · 锁屏数字,number_9.png,lockscreen,advance/src/number/small/type_11/number_9.png,87,122,,
lockscreen,锁屏样式,锁屏 · 锁屏数字,number_dot.png,lockscreen,advance/src/number/small/type_11/number_dot.png,38,66,,
lockscreen,锁屏样式,锁屏 · 锁屏数字,number_0.png,lockscreen,advance/src/number/small/type_2/number_0.png,93,150,,
lockscreen,锁屏样式,锁屏 · 锁屏数字,number_1.png,lockscreen,advance/src/number/small/type_2/number_1.png,94,150,,
lockscreen,锁屏样式,锁屏 · 锁屏数字,number_2.png,lockscreen,advance/src/number/small/type_2/number_2.png,93,150,,
lockscreen,锁屏样式,锁屏 · 锁屏数字,number_3.png,lockscreen,advance/src/number/small/type_2/number_3.png,93,150,,
lockscreen,锁屏样式,锁屏 · 锁屏数字,number_4.png,lockscreen,advance/src/number/small/type_2/number_4.png,94,150,,
lockscreen,锁屏样式,锁屏 · 锁屏数字,number_5.png,lockscreen,advance/src/number/small/type_2/number_5.png,92,150,,
lockscreen,锁屏样式,锁屏 · 锁屏数字,number_6.png,lockscreen,advance/src/number/small/type_2/number_6.png,94,150,,
lockscreen,锁屏样式,锁屏 · 锁屏数字,number_7.png,lockscreen,advance/src/number/small/type_2/number_7.png,94,150,,
lockscreen,锁屏样式,锁屏 · 锁屏数字,number_8.png,lockscreen,advance/src/number/small/type_2/number_8.png,94,150,,
lockscreen,锁屏样式,锁屏 · 锁屏数字,number_9.png,lockscreen,advance/src/number/small/type_2/number_9.png,93,150,,
lockscreen,锁屏样式,锁屏 · 锁屏数字,number_dot.png,lockscreen,advance/src/number/small/type_2/number_dot.png,56,113,,
lockscreen,锁屏样式,锁屏 · 锁屏数字,number_0.png,lockscreen,advance/src/number/small/type_3/number_0.png,103,150,,
lockscreen,锁屏样式,锁屏 · 锁屏数字,number_1.png,lockscreen,advance/src/number/small/type_3/number_1.png,60,150,,
lockscreen,锁屏样式,锁屏 · 锁屏数字,number_2.png,lockscreen,advance/src/number/small/type_3/number_2.png,103,150,,
lockscreen,锁屏样式,锁屏 · 锁屏数字,number_3.png,lockscreen,advance/src/number/small/type_3/number_3.png,103,150,,
lockscreen,锁屏样式,锁屏 · 锁屏数字,number_4.png,lockscreen,advance/src/number/small/type_3/number_4.png,103,150,,
lockscreen,锁屏样式,锁屏 · 锁屏数字,number_5.png,lockscreen,advance/src/number/small/type_3/number_5.png,103,150,,
lockscreen,锁屏样式,锁屏 · 锁屏数字,number_6.png,lockscreen,advance/src/number/small/type_3/number_6.png,103,150,,
lockscreen,锁屏样式,锁屏 · 锁屏数字,number_7.png,lockscreen,advance/src/number/small/type_3/number_7.png,103,150,,
lockscreen,锁屏样式,锁屏 · 锁屏数字,number_8.png,lockscreen,advance/src/number/small/type_3/number_8.png,103,150,,
lockscreen,锁屏样式,锁屏 · 锁屏数字,number_9.png,lockscreen,advance/src/number/small/type_3/number_9.png,103,150,,
lockscreen,锁屏样式,锁屏 · 锁屏数字,number_dot.png,lockscreen,advance/src/number/small/type_3/number_dot.png,42,117,,
lockscreen,锁屏样式,锁屏 · 锁屏数字,number_0.png,lockscreen,advance/src/number/small/type_4/number_0.png,123,150,,
lockscreen,锁屏样式,锁屏 · 锁屏数字,number_1.png,lockscreen,advance/src/number/small/type_4/number_1.png,76,147,,
lockscreen,锁屏样式,锁屏 · 锁屏数字,number_2.png,lockscreen,advance/src/number/small/type_4/number_2.png,114,149,,
lockscreen,锁屏样式,锁屏 · 锁屏数字,number_3.png,lockscreen,advance/src/number/small/type_4/number_3.png,114,150,,
lockscreen,锁屏样式,锁屏 · 锁屏数字,number_4.png,lockscreen,advance/src/number/small/type_4/number_4.png,130,147,,
lockscreen,锁屏样式,锁屏 · 锁屏数字,number_5.png,lockscreen,advance/src/number/small/type_4/number_5.png,113,149,,
lockscreen,锁屏样式,锁屏 · 锁屏数字,number_6.png,lockscreen,advance/src/number/small/type_4/number_6.png,124,150,,
lockscreen,锁屏样式,锁屏 · 锁屏数字,number_7.png,lockscreen,advance/src/number/small/type_4/number_7.png,114,147,,
lockscreen,锁屏样式,锁屏 · 锁屏数字,number_8.png,lockscreen,advance/src/number/small/type_4/number_8.png,126,150,,
lockscreen,锁屏样式,锁屏 · 锁屏数字,number_9.png,lockscreen,advance/src/number/small/type_4/number_9.png,124,150,,
lockscreen,锁屏样式,锁屏 · 锁屏数字,number_dot.png,lockscreen,advance/src/number/small/type_4/number_dot.png,51,112,,
lockscreen,锁屏样式,锁屏 · 锁屏数字,number_0.png,lockscreen,advance/src/number/small/type_5/number_0.png,135,150,,
lockscreen,锁屏样式,锁屏 · 锁屏数字,number_1.png,lockscreen,advance/src/number/small/type_5/number_1.png,91,145,,
lockscreen,锁屏样式,锁屏 · 锁屏数字,number_2.png,lockscreen,advance/src/number/small/type_5/number_2.png,127,148,,
lockscreen,锁屏样式,锁屏 · 锁屏数字,number_3.png,lockscreen,advance/src/number/small/type_5/number_3.png,126,150,,
lockscreen,锁屏样式,锁屏 · 锁屏数字,number_4.png,lockscreen,advance/src/number/small/type_5/number_4.png,135,145,,
lockscreen,锁屏样式,锁屏 · 锁屏数字,number_5.png,lockscreen,advance/src/number/small/type_5/number_5.png,125,148,,
lockscreen,锁屏样式,锁屏 · 锁屏数字,number_6.png,lockscreen,advance/src/number/small/type_5/number_6.png,128,150,,
lockscreen,锁屏样式,锁屏 · 锁屏数字,number_7.png,lockscreen,advance/src/number/small/type_5/number_7.png,122,145,,
lockscreen,锁屏样式,锁屏 · 锁屏数字,number_8.png,lockscreen,advance/src/number/small/type_5/number_8.png,129,150,,
lockscreen,锁屏样式,锁屏 · 锁屏数字,number_9.png,lockscreen,advance/src/number/small/type_5/number_9.png,128,150,,
lockscreen,锁屏样式,锁屏 · 锁屏数字,number_dot.png,lockscreen,advance/src/number/small/type_5/number_dot.png,71,116,,
lockscreen,锁屏样式,锁屏 · 锁屏数字,number_0.png,lockscreen,advance/src/number/small/type_6/number_0.png,134,150,,
lockscreen,锁屏样式,锁屏 · 锁屏数字,number_1.png,lockscreen,advance/src/number/small/type_6/number_1.png,61,138,,
lockscreen,锁屏样式,锁屏 · 锁屏数字,number_2.png,lockscreen,advance/src/number/small/type_6/number_2.png,92,144,,
lockscreen,锁屏样式,锁屏 · 锁屏数字,number_3.png,lockscreen,advance/src/number/small/type_6/number_3.png,96,150,,
lockscreen,锁屏样式,锁屏 · 锁屏数字,number_4.png,lockscreen,advance/src/number/small/type_6/number_4.png,97,138,,
lockscreen,锁屏样式,锁屏 · 锁屏数字,number_5.png,lockscreen,advance/src/number/small/type_6/number_5.png,111,144,,
lockscreen,锁屏样式,锁屏 · 锁屏数字,number_6.png,lockscreen,advance/src/number/small/type_6/number_6.png,124,150,,
lockscreen,锁屏样式,锁屏 · 锁屏数字,number_7.png,lockscreen,advance/src/number/small/type_6/number_7.png,100,138,,
lockscreen,锁屏样式,锁屏 · 锁屏数字,number_8.png,lockscreen,advance/src/number/small/type_6/number_8.png,128,150,,
lockscreen,锁屏样式,锁屏 · 锁屏数字,number_9.png,lockscreen,advance/src/number/small/type_6/number_9.png,124,150,,
lockscreen,锁屏样式,锁屏 · 锁屏数字,number_dot.png,lockscreen,advance/src/number/small/type_6/number_dot.png,31,78,,
lockscreen,锁屏样式,锁屏 · 锁屏数字,number_0.png,lockscreen,advance/src/number/small/type_7/number_0.png,117,143,,
lockscreen,锁屏样式,锁屏 · 锁屏数字,number_1.png,lockscreen,advance/src/number/small/type_7/number_1.png,74,139,,
lockscreen,锁屏样式,锁屏 · 锁屏数字,number_2.png,lockscreen,advance/src/number/small/type_7/number_2.png,107,142,,
lockscreen,锁屏样式,锁屏 · 锁屏数字,number_3.png,lockscreen,advance/src/number/small/type_7/number_3.png,107,143,,
lockscreen,锁屏样式,锁屏 · 锁屏数字,number_4.png,lockscreen,advance/src/number/small/type_7/number_4.png,115,139,,
lockscreen,锁屏样式,锁屏 · 锁屏数字,number_5.png,lockscreen,advance/src/number/small/type_7/number_5.png,106,149,,
lockscreen,锁屏样式,锁屏 · 锁屏数字,number_6.png,lockscreen,advance/src/number/small/type_7/number_6.png,115,144,,
lockscreen,锁屏样式,锁屏 · 锁屏数字,number_7.png,lockscreen,advance/src/number/small/type_7/number_7.png,106,146,,
lockscreen,锁屏样式,锁屏 · 锁屏数字,number_8.png,lockscreen,advance/src/number/small/type_7/number_8.png,112,142,,
lockscreen,锁屏样式,锁屏 · 锁屏数字,number_9.png,lockscreen,advance/src/number/small/type_7/number_9.png,115,144,,
lockscreen,锁屏样式,锁屏 · 锁屏数字,number_dot.png,lockscreen,advance/src/number/small/type_7/number_dot.png,45,117,,
lockscreen,锁屏样式,锁屏 · 锁屏数字,number_0.png,lockscreen,advance/src/number/small/type_8/number_0.png,123,150,,
lockscreen,锁屏样式,锁屏 · 锁屏数字,number_1.png,lockscreen,advance/src/number/small/type_8/number_1.png,87,150,,
lockscreen,锁屏样式,锁屏 · 锁屏数字,number_2.png,lockscreen,advance/src/number/small/type_8/number_2.png,115,149,,
lockscreen,锁屏样式,锁屏 · 锁屏数字,number_3.png,lockscreen,advance/src/number/small/type_8/number_3.png,118,150,,
lockscreen,锁屏样式,锁屏 · 锁屏数字,number_4.png,lockscreen,advance/src/number/small/type_8/number_4.png,141,148,,
lockscreen,锁屏样式,锁屏 · 锁屏数字,number_5.png,lockscreen,advance/src/number/small/type_8/number_5.png,115,150,,
lockscreen,锁屏样式,锁屏 · 锁屏数字,number_6.png,lockscreen,advance/src/number/small/type_8/number_6.png,123,150,,
lockscreen,锁屏样式,锁屏 · 锁屏数字,number_7.png,lockscreen,advance/src/number/small/type_8/number_7.png,117,148,,
lockscreen,锁屏样式,锁屏 · 锁屏数字,number_8.png,lockscreen,advance/src/number/small/type_8/number_8.png,125,150,,
lockscreen,锁屏样式,锁屏 · 锁屏数字,number_9.png,lockscreen,advance/src/number/small/type_8/number_9.png,124,150,,
lockscreen,锁屏样式,锁屏 · 锁屏数字,number_dot.png,lockscreen,advance/src/number/small/type_8/number_dot.png,55,109,,
lockscreen,锁屏样式,锁屏 · 锁屏数字,number_0.png,lockscreen,advance/src/number/small/type_9/number_0.png,148,150,,
lockscreen,锁屏样式,锁屏 · 锁屏数字,number_1.png,lockscreen,advance/src/number/small/type_9/number_1.png,89,146,,
lockscreen,锁屏样式,锁屏 · 锁屏数字,number_2.png,lockscreen,advance/src/number/small/type_9/number_2.png,127,148,,
lockscreen,锁屏样式,锁屏 · 锁屏数字,number_3.png,lockscreen,advance/src/number/small/type_9/number_3.png,129,148,,
lockscreen,锁屏样式,锁屏 · 锁屏数字,number_4.png,lockscreen,advance/src/number/small/type_9/number_4.png,145,146,,
lockscreen,锁屏样式,锁屏 · 锁屏数字,number_5.png,lockscreen,advance/src/number/small/type_9/number_5.png,127,148,,
lockscreen,锁屏样式,锁屏 · 锁屏数字,number_6.png,lockscreen,advance/src/number/small/type_9/number_6.png,147,150,,
lockscreen,锁屏样式,锁屏 · 锁屏数字,number_7.png,lockscreen,advance/src/number/small/type_9/number_7.png,122,146,,
lockscreen,锁屏样式,锁屏 · 锁屏数字,number_8.png,lockscreen,advance/src/number/small/type_9/number_8.png,138,150,,
lockscreen,锁屏样式,锁屏 · 锁屏数字,number_9.png,lockscreen,advance/src/number/small/type_9/number_9.png,147,150,,
lockscreen,锁屏样式,锁屏 · 锁屏数字,number_dot.png,lockscreen,advance/src/number/small/type_9/number_dot.png,66,104,,
lockscreen,锁屏样式,锁屏 · 锁屏素材,alignment_0_0.png,lockscreen,advance/src/set/alignment/dark/alignment_0_0.png,104,80,,
lockscreen,锁屏样式,锁屏 · 锁屏素材,alignment_0_1.png,lockscreen,advance/src/set/alignment/dark/alignment_0_1.png,104,80,,
lockscreen,锁屏样式,锁屏 · 锁屏素材,alignment_1_0.png,lockscreen,advance/src/set/alignment/dark/alignment_1_0.png,104,80,,
lockscreen,锁屏样式,锁屏 · 锁屏素材,alignment_1_1.png,lockscreen,advance/src/set/alignment/dark/alignment_1_1.png,104,80,,
lockscreen,锁屏样式,锁屏 · 锁屏素材,alignment_2_0.png,lockscreen,advance/src/set/alignment/dark/alignment_2_0.png,104,80,,
lockscreen,锁屏样式,锁屏 · 锁屏素材,alignment_2_1.png,lockscreen,advance/src/set/alignment/dark/alignment_2_1.png,104,80,,
lockscreen,锁屏样式,锁屏 · 锁屏素材,alignment_0_0.png,lockscreen,advance/src/set/alignment/white/alignment_0_0.png,104,80,,
lockscreen,锁屏样式,锁屏 · 锁屏素材,alignment_0_1.png,lockscreen,advance/src/set/alignment/white/alignment_0_1.png,104,80,,
lockscreen,锁屏样式,锁屏 · 锁屏素材,alignment_1_0.png,lockscreen,advance/src/set/alignment/white/alignment_1_0.png,104,80,,
lockscreen,锁屏样式,锁屏 · 锁屏素材,alignment_1_1.png,lockscreen,advance/src/set/alignment/white/alignment_1_1.png,104,80,,
lockscreen,锁屏样式,锁屏 · 锁屏素材,alignment_2_0.png,lockscreen,advance/src/set/alignment/white/alignment_2_0.png,104,80,,
lockscreen,锁屏样式,锁屏 · 锁屏素材,alignment_2_1.png,lockscreen,advance/src/set/alignment/white/alignment_2_1.png,104,80,,
lockscreen,锁屏样式,锁屏 · 锁屏素材,camera.png,lockscreen,advance/src/set/camera.png,165,165,,
lockscreen,锁屏样式,锁屏 · 锁屏素材,firstup.png,lockscreen,advance/src/set/firstup.png,82,38,,
lockscreen,锁屏样式,锁屏 · 锁屏素材,flash_0.png,lockscreen,advance/src/set/flash_0.png,165,165,,
lockscreen,锁屏样式,锁屏 · 锁屏素材,flash_1.png,lockscreen,advance/src/set/flash_1.png,165,165,,
lockscreen,锁屏样式,锁屏 · 锁屏素材,gj_0.png,lockscreen,advance/src/set/gj_0.png,170,80,,
lockscreen,锁屏样式,锁屏 · 锁屏素材,gj_1.png,lockscreen,advance/src/set/gj_1.png,170,80,,
lockscreen,锁屏样式,锁屏 · 锁屏素材,gj_battery.png,lockscreen,advance/src/set/gj_battery.png,30,42,,
lockscreen,锁屏样式,锁屏 · 锁屏素材,gj_jrsy.png,lockscreen,advance/src/set/gj_jrsy.png,38,38,,
lockscreen,锁屏样式,锁屏 · 锁屏素材,img.png,lockscreen,advance/src/set/img.png,165,165,,
lockscreen,锁屏样式,锁屏 · 锁屏素材,mode_0.png,lockscreen,advance/src/set/mode_0.png,165,165,,
lockscreen,锁屏样式,锁屏 · 锁屏素材,mode_1.png,lockscreen,advance/src/set/mode_1.png,165,165,,
lockscreen,锁屏样式,锁屏 · 锁屏素材,moreset_0.png,lockscreen,advance/src/set/moreset_0.png,38,66,,
lockscreen,锁屏样式,锁屏 · 锁屏素材,moreset_1.png,lockscreen,advance/src/set/moreset_1.png,38,66,,
lockscreen,锁屏样式,锁屏 · 锁屏素材,set.png,lockscreen,advance/src/set/set.png,165,165,,
lockscreen,锁屏样式,锁屏 · 锁屏素材,silent_0.png,lockscreen,advance/src/set/silent_0.png,165,165,,
lockscreen,锁屏样式,锁屏 · 锁屏素材,silent_1.png,lockscreen,advance/src/set/silent_1.png,165,165,,
lockscreen,锁屏样式,锁屏 · 锁屏素材,switch_0.png,lockscreen,advance/src/set/switch_0.png,107,61,,
lockscreen,锁屏样式,锁屏 · 锁屏素材,switch_1.png,lockscreen,advance/src/set/switch_1.png,107,61,,
lockscreen,锁屏样式,锁屏 · 锁屏素材,tz_0.png,lockscreen,advance/src/set/tz_0.png,170,80,,
lockscreen,锁屏样式,锁屏 · 锁屏素材,tz_1.png,lockscreen,advance/src/set/tz_1.png,170,80,,
lockscreen,锁屏样式,锁屏 · 锁屏素材,tz_en_0.png,lockscreen,advance/src/set/tz_en_0.png,170,80,,
lockscreen,锁屏样式,锁屏 · 锁屏素材,tz_en_1.png,lockscreen,advance/src/set/tz_en_1.png,170,80,,
lockscreen,锁屏样式,锁屏 · 锁屏素材,yes_0.png,lockscreen,advance/src/set/yes_0.png,170,80,,
lockscreen,锁屏样式,锁屏 · 锁屏素材,yes_1.png,lockscreen,advance/src/set/yes_1.png,170,80,,
lockscreen,锁屏样式,锁屏 · 锁屏天气,weather_0.png,lockscreen,advance/weather/small/weather_0.png,90,90,,
lockscreen,锁屏样式,锁屏 · 锁屏天气,weather_0_0.png,lockscreen,advance/weather/small/weather_0_0.png,90,90,,
lockscreen,锁屏样式,锁屏 · 锁屏天气,weather_0_1.png,lockscreen,advance/weather/small/weather_0_1.png,90,90,,
lockscreen,锁屏样式,锁屏 · 锁屏天气,weather_1.png,lockscreen,advance/weather/small/weather_1.png,90,90,,
lockscreen,锁屏样式,锁屏 · 锁屏天气,weather_11.png,lockscreen,advance/weather/small/weather_11.png,90,90,,
lockscreen,锁屏样式,锁屏 · 锁屏天气,weather_12.png,lockscreen,advance/weather/small/weather_12.png,90,90,,
lockscreen,锁屏样式,锁屏 · 锁屏天气,weather_13.png,lockscreen,advance/weather/small/weather_13.png,90,90,,
lockscreen,锁屏样式,锁屏 · 锁屏天气,weather_18.png,lockscreen,advance/weather/small/weather_18.png,90,90,,
lockscreen,锁屏样式,锁屏 · 锁屏天气,weather_1_0.png,lockscreen,advance/weather/small/weather_1_0.png,90,90,,
lockscreen,锁屏样式,锁屏 · 锁屏天气,weather_1_1.png,lockscreen,advance/weather/small/weather_1_1.png,90,90,,
lockscreen,锁屏样式,锁屏 · 锁屏天气,weather_2.png,lockscreen,advance/weather/small/weather_2.png,90,90,,
lockscreen,锁屏样式,锁屏 · 锁屏天气,weather_22.png,lockscreen,advance/weather/small/weather_22.png,90,90,,
lockscreen,锁屏样式,锁屏 · 锁屏天气,weather_24.png,lockscreen,advance/weather/small/weather_24.png,90,90,,
lockscreen,锁屏样式,锁屏 · 锁屏天气,weather_3.png,lockscreen,advance/weather/small/weather_3.png,90,90,,
lockscreen,锁屏样式,锁屏 · 锁屏天气,weather_4.png,lockscreen,advance/weather/small/weather_4.png,90,90,,
lockscreen,锁屏样式,锁屏 · 锁屏天气,weather_5.png,lockscreen,advance/weather/small/weather_5.png,90,90,,
lockscreen,锁屏样式,锁屏 · 锁屏天气,weather_7.png,lockscreen,advance/weather/small/weather_7.png,90,90,,
lockscreen,锁屏样式,锁屏 · 锁屏天气,weather_0.png,lockscreen,advance/weather/weather_0.png,156,156,,
lockscreen,锁屏样式,锁屏 · 锁屏天气,weather_0_0.png,lockscreen,advance/weather/weather_0_0.png,156,156,,
lockscreen,锁屏样式,锁屏 · 锁屏天气,weather_0_1.png,lockscreen,advance/weather/weather_0_1.png,156,156,,
lockscreen,锁屏样式,锁屏 · 锁屏天气,weather_1.png,lockscreen,advance/weather/weather_1.png,156,156,,
lockscreen,锁屏样式,锁屏 · 锁屏天气,weather_11.png,lockscreen,advance/weather/weather_11.png,156,156,,
lockscreen,锁屏样式,锁屏 · 锁屏天气,weather_12.png,lockscreen,advance/weather/weather_12.png,156,156,,
lockscreen,锁屏样式,锁屏 · 锁屏天气,weather_13.png,lockscreen,advance/weather/weather_13.png,156,156,,
lockscreen,锁屏样式,锁屏 · 锁屏天气,weather_18.png,lockscreen,advance/weather/weather_18.png,156,156,,
lockscreen,锁屏样式,锁屏 · 锁屏天气,weather_1_0.png,lockscreen,advance/weather/weather_1_0.png,156,156,,
lockscreen,锁屏样式,锁屏 · 锁屏天气,weather_1_1.png,lockscreen,advance/weather/weather_1_1.png,156,156,,
lockscreen,锁屏样式,锁屏 · 锁屏天气,weather_2.png,lockscreen,advance/weather/weather_2.png,156,156,,
lockscreen,锁屏样式,锁屏 · 锁屏天气,weather_22.png,lockscreen,advance/weather/weather_22.png,156,156,,
lockscreen,锁屏样式,锁屏 · 锁屏天气,weather_24.png,lockscreen,advance/weather/weather_24.png,156,156,,
lockscreen,锁屏样式,锁屏 · 锁屏天气,weather_3.png,lockscreen,advance/weather/weather_3.png,156,156,,
lockscreen,锁屏样式,锁屏 · 锁屏天气,weather_4.png,lockscreen,advance/weather/weather_4.png,156,156,,
lockscreen,锁屏样式,锁屏 · 锁屏天气,weather_5.png,lockscreen,advance/weather/weather_5.png,156,156,,
lockscreen,锁屏样式,锁屏 · 锁屏天气,weather_7.png,lockscreen,advance/weather/weather_7.png,156,156,,
controlcenter,控制中心,控制中心插件 · 深色 xxhdpi,控制中心音乐卡片背景,miui.systemui.plugin,nightmode/res/drawable-xxhdpi/control_center_miplay_view_bg.9.png,178,178,是,
controlcenter,控制中心,控制中心插件 · 深色 xxhdpi,控制中心音乐卡片背景,miui.systemui.plugin,nightmode/res/drawable-xxhdpi/control_center_miplay_view_bg_plugin.9.png,130,130,是,
controlcenter,控制中心,控制中心插件 · 深色 xxhdpi,控制中心二级面板背景,miui.systemui.plugin,nightmode/res/drawable-xxhdpi/detail_panel_background.9.png,400,400,是,
controlcenter,控制中心,控制中心插件 · 深色 xxhdpi,控制中心外部入口背景,miui.systemui.plugin,nightmode/res/drawable-xxhdpi/external_entry_background.9.png,600,200,是,
controlcenter,控制中心,控制中心插件 · 深色 xxhdpi,【控制中心】自动亮度开关-激活,miui.systemui.plugin,nightmode/res/drawable-xxhdpi/ic_cc_qs_bg_active_auto_brightness_plugin.png,178,178,,
controlcenter,控制中心,控制中心插件 · 深色 xxhdpi,【控制中心】省电类开关-激活,miui.systemui.plugin,nightmode/res/drawable-xxhdpi/ic_cc_qs_bg_active_battery_related.png,178,178,,
controlcenter,控制中心,控制中心插件 · 深色 xxhdpi,【控制中心】省电类开关-激活,miui.systemui.plugin,nightmode/res/drawable-xxhdpi/ic_cc_qs_bg_active_battery_related_plugin.png,178,178,,
controlcenter,控制中心,控制中心插件 · 深色 xxhdpi,【控制中心】普通开关-激活,miui.systemui.plugin,nightmode/res/drawable-xxhdpi/ic_cc_qs_bg_active_normal.png,178,178,,
controlcenter,控制中心,控制中心插件 · 深色 xxhdpi,【控制中心】普通开关-激活,miui.systemui.plugin,nightmode/res/drawable-xxhdpi/ic_cc_qs_bg_active_normal_plugin.png,178,178,,
controlcenter,控制中心,控制中心插件 · 深色 xxhdpi,【控制中心】开关-未激活,miui.systemui.plugin,nightmode/res/drawable-xxhdpi/ic_cc_qs_bg_inactive.png,178,178,,
controlcenter,控制中心,控制中心插件 · 深色 xxhdpi,【控制中心】开关-未激活,miui.systemui.plugin,nightmode/res/drawable-xxhdpi/ic_cc_qs_bg_inactive_plugin.png,180,180,,
controlcenter,控制中心,控制中心插件 · 深色 xxhdpi,【控制中心】开关-不可用,miui.systemui.plugin,nightmode/res/drawable-xxhdpi/ic_cc_qs_bg_unavailable.png,178,178,,
controlcenter,控制中心,控制中心插件 · 深色 xxhdpi,【控制中心】开关-不可用,miui.systemui.plugin,nightmode/res/drawable-xxhdpi/ic_cc_qs_bg_unavailable_plugin.png,180,180,,
controlcenter,控制中心,控制中心插件 · 深色 xxhdpi,控制中心电源图标遮罩,miui.systemui.plugin,nightmode/res/drawable-xxhdpi/ic_mask.png,116,116,,
controlcenter,控制中心,控制中心插件 · 深色 xxhdpi,控制中心电源图标遮罩,miui.systemui.plugin,nightmode/res/drawable-xxhdpi/ic_mask_reboot.png,116,116,,
controlcenter,控制中心,控制中心插件 · 深色 xxhdpi,控制中心电源图标遮罩,miui.systemui.plugin,nightmode/res/drawable-xxhdpi/ic_mask_shutdown.png,116,116,,
controlcenter,控制中心,控制中心插件 · 深色 xxhdpi,【控制中心】大磁贴背景 1_plugin,miui.systemui.plugin,nightmode/res/drawable-xxhdpi/ic_qs_big_tile_bg_1_plugin.png,3366,1604,,
controlcenter,控制中心,控制中心插件 · 深色 xxhdpi,【控制中心】大磁贴背景 2_plugin,miui.systemui.plugin,nightmode/res/drawable-xxhdpi/ic_qs_big_tile_bg_2_plugin.png,3366,1604,,
controlcenter,控制中心,控制中心插件 · 深色 xxhdpi,【控制中心】大磁贴背景 3_plugin,miui.systemui.plugin,nightmode/res/drawable-xxhdpi/ic_qs_big_tile_bg_3_plugin.png,3366,1604,,
controlcenter,控制中心,控制中心插件 · 深色 xxhdpi,控制中心滑块,miui.systemui.plugin,nightmode/res/drawable-xxhdpi/ic_slider.png,210,950,,
controlcenter,控制中心,控制中心插件 · 深色 xxhdpi,媒体播放卡片背景,miui.systemui.plugin,nightmode/res/drawable-xxhdpi/media_player_background.9.png,500,500,是,
controlcenter,控制中心,控制中心插件 · 深色 xxhdpi,控制中心控件背景,miui.systemui.plugin,nightmode/res/drawable-xxhdpi/qs_background_disabled.png,178,178,,
controlcenter,控制中心,控制中心插件 · 深色 xxhdpi,控制中心控件背景,miui.systemui.plugin,nightmode/res/drawable-xxhdpi/qs_background_enabled.png,178,178,,
controlcenter,控制中心,控制中心插件 · 深色 xxhdpi,控制中心控件背景,miui.systemui.plugin,nightmode/res/drawable-xxhdpi/qs_background_unavailable.png,178,178,,
controlcenter,控制中心,控制中心插件 · 深色 xxhdpi,控制中心控件背景,miui.systemui.plugin,nightmode/res/drawable-xxhdpi/qs_background_warning.png,178,178,,
controlcenter,控制中心,控制中心插件 · 深色 xxhdpi,控制中心卡片背景,miui.systemui.plugin,nightmode/res/drawable-xxhdpi/qs_card_background_disabled.9.png,3366,1604,是,
controlcenter,控制中心,控制中心插件 · 深色 xxhdpi,控制中心卡片背景,miui.systemui.plugin,nightmode/res/drawable-xxhdpi/qs_card_background_enabled.9.png,3366,1604,是,
controlcenter,控制中心,控制中心插件 · 深色 xxhdpi,控制中心卡片单元背景,miui.systemui.plugin,nightmode/res/drawable-xxhdpi/qs_card_cell_background_disabled.png,3366,1604,,
controlcenter,控制中心,控制中心插件 · 深色 xxhdpi,控制中心卡片单元背景,miui.systemui.plugin,nightmode/res/drawable-xxhdpi/qs_card_cell_background_enabled.png,3366,1604,,
controlcenter,控制中心,控制中心插件 · 深色 xxhdpi,控制中心卡片单元背景,miui.systemui.plugin,nightmode/res/drawable-xxhdpi/qs_card_cell_background_unavailable.png,3366,1604,,
controlcenter,控制中心,控制中心插件 · 深色 xxhdpi,控制中心卡片展开指示,miui.systemui.plugin,nightmode/res/drawable-xxhdpi/qs_card_expand_indicator.png,25,25,,
controlcenter,控制中心,控制中心插件 · 深色 xxhdpi,控制中心WiFi卡片背景,miui.systemui.plugin,nightmode/res/drawable-xxhdpi/qs_card_wifi_background_disabled.png,3366,1604,,
controlcenter,控制中心,控制中心插件 · 深色 xxhdpi,控制中心WiFi卡片背景,miui.systemui.plugin,nightmode/res/drawable-xxhdpi/qs_card_wifi_background_enabled.png,3366,1604,,
controlcenter,控制中心,控制中心插件 · 深色 xxhdpi,控制中心WiFi卡片背景,miui.systemui.plugin,nightmode/res/drawable-xxhdpi/qs_card_wifi_background_unavailable.png,3366,1604,,
controlcenter,控制中心,控制中心插件 · 深色 xxhdpi,控制中心滑动条底,miui.systemui.plugin,nightmode/res/drawable-xxhdpi/toggle_slider_background.9.png,200,430,是,
controlcenter,控制中心,控制中心插件 · 深色 xxhdpi,控制中心滑动条进度,miui.systemui.plugin,nightmode/res/drawable-xxhdpi/toggle_slider_progress_background.9.png,200,430,是,
controlcenter,控制中心,控制中心插件 · nxhdpi,控制中心音乐卡片背景,miui.systemui.plugin,res/drawable-nxhdpi/control_center_miplay_view_bg.9.png,178,178,是,
controlcenter,控制中心,控制中心插件 · nxhdpi,控制中心音乐卡片背景,miui.systemui.plugin,res/drawable-nxhdpi/control_center_miplay_view_bg_plugin.9.png,130,130,是,
controlcenter,控制中心,控制中心插件 · nxhdpi,控制中心二级面板背景,miui.systemui.plugin,res/drawable-nxhdpi/detail_panel_background.9.png,400,400,是,★
controlcenter,控制中心,控制中心插件 · nxhdpi,控制中心外部入口背景,miui.systemui.plugin,res/drawable-nxhdpi/external_entry_background.9.png,600,200,是,
controlcenter,控制中心,控制中心插件 · nxhdpi,【控制中心】自动亮度开关-激活,miui.systemui.plugin,res/drawable-nxhdpi/ic_cc_qs_bg_active_auto_brightness_plugin.png,178,178,,
controlcenter,控制中心,控制中心插件 · nxhdpi,【控制中心】省电类开关-激活,miui.systemui.plugin,res/drawable-nxhdpi/ic_cc_qs_bg_active_battery_related.png,178,178,,
controlcenter,控制中心,控制中心插件 · nxhdpi,【控制中心】省电类开关-激活,miui.systemui.plugin,res/drawable-nxhdpi/ic_cc_qs_bg_active_battery_related_plugin.png,178,178,,
controlcenter,控制中心,控制中心插件 · nxhdpi,【控制中心】普通开关-激活,miui.systemui.plugin,res/drawable-nxhdpi/ic_cc_qs_bg_active_normal.png,178,178,,★
controlcenter,控制中心,控制中心插件 · nxhdpi,【控制中心】普通开关-激活,miui.systemui.plugin,res/drawable-nxhdpi/ic_cc_qs_bg_active_normal_plugin.png,178,178,,★
controlcenter,控制中心,控制中心插件 · nxhdpi,【控制中心】开关-未激活,miui.systemui.plugin,res/drawable-nxhdpi/ic_cc_qs_bg_inactive.png,178,178,,★
controlcenter,控制中心,控制中心插件 · nxhdpi,【控制中心】开关-未激活,miui.systemui.plugin,res/drawable-nxhdpi/ic_cc_qs_bg_inactive_plugin.png,180,180,,★
controlcenter,控制中心,控制中心插件 · nxhdpi,【控制中心】开关-不可用,miui.systemui.plugin,res/drawable-nxhdpi/ic_cc_qs_bg_unavailable.png,178,178,,
controlcenter,控制中心,控制中心插件 · nxhdpi,【控制中心】开关-不可用,miui.systemui.plugin,res/drawable-nxhdpi/ic_cc_qs_bg_unavailable_plugin.png,180,180,,
controlcenter,控制中心,控制中心插件 · nxhdpi,控制中心电源图标遮罩,miui.systemui.plugin,res/drawable-nxhdpi/ic_mask.png,116,116,,
controlcenter,控制中心,控制中心插件 · nxhdpi,控制中心电源图标遮罩,miui.systemui.plugin,res/drawable-nxhdpi/ic_mask_reboot.png,116,116,,
controlcenter,控制中心,控制中心插件 · nxhdpi,控制中心电源图标遮罩,miui.systemui.plugin,res/drawable-nxhdpi/ic_mask_shutdown.png,116,116,,
controlcenter,控制中心,控制中心插件 · nxhdpi,【控制中心】大磁贴背景 1_plugin,miui.systemui.plugin,res/drawable-nxhdpi/ic_qs_big_tile_bg_1_plugin.png,3366,1604,,
controlcenter,控制中心,控制中心插件 · nxhdpi,【控制中心】大磁贴背景 2_plugin,miui.systemui.plugin,res/drawable-nxhdpi/ic_qs_big_tile_bg_2_plugin.png,3366,1604,,
controlcenter,控制中心,控制中心插件 · nxhdpi,【控制中心】大磁贴背景 3_plugin,miui.systemui.plugin,res/drawable-nxhdpi/ic_qs_big_tile_bg_3_plugin.png,3366,1604,,
controlcenter,控制中心,控制中心插件 · nxhdpi,控制中心滑块,miui.systemui.plugin,res/drawable-nxhdpi/ic_slider.png,210,950,,
controlcenter,控制中心,控制中心插件 · nxhdpi,媒体播放卡片背景,miui.systemui.plugin,res/drawable-nxhdpi/media_player_background.9.png,500,500,是,
controlcenter,控制中心,控制中心插件 · nxhdpi,控制中心控件背景,miui.systemui.plugin,res/drawable-nxhdpi/qs_background_disabled.png,178,178,,
controlcenter,控制中心,控制中心插件 · nxhdpi,控制中心控件背景,miui.systemui.plugin,res/drawable-nxhdpi/qs_background_enabled.png,178,178,,
controlcenter,控制中心,控制中心插件 · nxhdpi,控制中心控件背景,miui.systemui.plugin,res/drawable-nxhdpi/qs_background_unavailable.png,178,178,,
controlcenter,控制中心,控制中心插件 · nxhdpi,控制中心控件背景,miui.systemui.plugin,res/drawable-nxhdpi/qs_background_warning.png,178,178,,
controlcenter,控制中心,控制中心插件 · nxhdpi,控制中心卡片单元背景,miui.systemui.plugin,res/drawable-nxhdpi/qs_card_cell_background_disabled.png,3366,1604,,
controlcenter,控制中心,控制中心插件 · nxhdpi,控制中心卡片单元背景,miui.systemui.plugin,res/drawable-nxhdpi/qs_card_cell_background_enabled.png,3366,1604,,
controlcenter,控制中心,控制中心插件 · nxhdpi,控制中心卡片单元背景,miui.systemui.plugin,res/drawable-nxhdpi/qs_card_cell_background_unavailable.png,3366,1604,,
controlcenter,控制中心,控制中心插件 · nxhdpi,控制中心卡片展开指示,miui.systemui.plugin,res/drawable-nxhdpi/qs_card_expand_indicator.png,25,25,,
controlcenter,控制中心,控制中心插件 · nxhdpi,控制中心WiFi卡片背景,miui.systemui.plugin,res/drawable-nxhdpi/qs_card_wifi_background_disabled.png,3366,1604,,
controlcenter,控制中心,控制中心插件 · nxhdpi,控制中心WiFi卡片背景,miui.systemui.plugin,res/drawable-nxhdpi/qs_card_wifi_background_enabled.png,3366,1604,,
controlcenter,控制中心,控制中心插件 · nxhdpi,控制中心WiFi卡片背景,miui.systemui.plugin,res/drawable-nxhdpi/qs_card_wifi_background_unavailable.png,3366,1604,,
controlcenter,控制中心,控制中心插件 · nxhdpi,控制中心滑动条底,miui.systemui.plugin,res/drawable-nxhdpi/toggle_slider_background.9.png,200,430,是,★
controlcenter,控制中心,控制中心插件 · nxhdpi,控制中心滑动条进度,miui.systemui.plugin,res/drawable-nxhdpi/toggle_slider_progress_background.9.png,200,430,是,
controlcenter,控制中心,控制中心插件 · xxhdpi,控制中心音乐卡片背景,miui.systemui.plugin,res/drawable-xxhdpi/control_center_miplay_view_bg.9.png,178,178,是,
controlcenter,控制中心,控制中心插件 · xxhdpi,控制中心音乐卡片背景,miui.systemui.plugin,res/drawable-xxhdpi/control_center_miplay_view_bg_plugin.9.png,130,130,是,
controlcenter,控制中心,控制中心插件 · xxhdpi,控制中心二级面板背景,miui.systemui.plugin,res/drawable-xxhdpi/detail_panel_background.9.png,400,400,是,★
controlcenter,控制中心,控制中心插件 · xxhdpi,控制中心外部入口背景,miui.systemui.plugin,res/drawable-xxhdpi/external_entry_background.9.png,600,200,是,
controlcenter,控制中心,控制中心插件 · xxhdpi,【控制中心】自动亮度开关-激活,miui.systemui.plugin,res/drawable-xxhdpi/ic_cc_qs_bg_active_auto_brightness_plugin.png,178,178,,
controlcenter,控制中心,控制中心插件 · xxhdpi,【控制中心】省电类开关-激活,miui.systemui.plugin,res/drawable-xxhdpi/ic_cc_qs_bg_active_battery_related.png,178,178,,
controlcenter,控制中心,控制中心插件 · xxhdpi,【控制中心】省电类开关-激活,miui.systemui.plugin,res/drawable-xxhdpi/ic_cc_qs_bg_active_battery_related_plugin.png,178,178,,
controlcenter,控制中心,控制中心插件 · xxhdpi,【控制中心】普通开关-激活,miui.systemui.plugin,res/drawable-xxhdpi/ic_cc_qs_bg_active_normal.png,178,178,,★
controlcenter,控制中心,控制中心插件 · xxhdpi,【控制中心】普通开关-激活,miui.systemui.plugin,res/drawable-xxhdpi/ic_cc_qs_bg_active_normal_plugin.png,178,178,,★
controlcenter,控制中心,控制中心插件 · xxhdpi,【控制中心】开关-未激活,miui.systemui.plugin,res/drawable-xxhdpi/ic_cc_qs_bg_inactive.png,178,178,,★
controlcenter,控制中心,控制中心插件 · xxhdpi,【控制中心】开关-未激活,miui.systemui.plugin,res/drawable-xxhdpi/ic_cc_qs_bg_inactive_plugin.png,180,180,,★
controlcenter,控制中心,控制中心插件 · xxhdpi,【控制中心】开关-不可用,miui.systemui.plugin,res/drawable-xxhdpi/ic_cc_qs_bg_unavailable.png,178,178,,
controlcenter,控制中心,控制中心插件 · xxhdpi,【控制中心】开关-不可用,miui.systemui.plugin,res/drawable-xxhdpi/ic_cc_qs_bg_unavailable_plugin.png,180,180,,
controlcenter,控制中心,控制中心插件 · xxhdpi,控制中心电源图标遮罩,miui.systemui.plugin,res/drawable-xxhdpi/ic_mask.png,116,116,,
controlcenter,控制中心,控制中心插件 · xxhdpi,控制中心电源图标遮罩,miui.systemui.plugin,res/drawable-xxhdpi/ic_mask_reboot.png,116,116,,
controlcenter,控制中心,控制中心插件 · xxhdpi,控制中心电源图标遮罩,miui.systemui.plugin,res/drawable-xxhdpi/ic_mask_shutdown.png,116,116,,
controlcenter,控制中心,控制中心插件 · xxhdpi,【控制中心】大磁贴背景 1_plugin,miui.systemui.plugin,res/drawable-xxhdpi/ic_qs_big_tile_bg_1_plugin.png,3366,1604,,
controlcenter,控制中心,控制中心插件 · xxhdpi,【控制中心】大磁贴背景 2_plugin,miui.systemui.plugin,res/drawable-xxhdpi/ic_qs_big_tile_bg_2_plugin.png,3366,1604,,
controlcenter,控制中心,控制中心插件 · xxhdpi,【控制中心】大磁贴背景 3_plugin,miui.systemui.plugin,res/drawable-xxhdpi/ic_qs_big_tile_bg_3_plugin.png,3366,1604,,
controlcenter,控制中心,控制中心插件 · xxhdpi,控制中心滑块,miui.systemui.plugin,res/drawable-xxhdpi/ic_slider.png,210,950,,
controlcenter,控制中心,控制中心插件 · xxhdpi,媒体播放卡片背景,miui.systemui.plugin,res/drawable-xxhdpi/media_player_background.9.png,500,500,是,
controlcenter,控制中心,控制中心插件 · xxhdpi,控制中心控件背景,miui.systemui.plugin,res/drawable-xxhdpi/qs_background_disabled.png,178,178,,
controlcenter,控制中心,控制中心插件 · xxhdpi,控制中心控件背景,miui.systemui.plugin,res/drawable-xxhdpi/qs_background_enabled.png,178,178,,
controlcenter,控制中心,控制中心插件 · xxhdpi,控制中心控件背景,miui.systemui.plugin,res/drawable-xxhdpi/qs_background_unavailable.png,178,178,,
controlcenter,控制中心,控制中心插件 · xxhdpi,控制中心控件背景,miui.systemui.plugin,res/drawable-xxhdpi/qs_background_warning.png,178,178,,
controlcenter,控制中心,控制中心插件 · xxhdpi,控制中心卡片背景,miui.systemui.plugin,res/drawable-xxhdpi/qs_card_background_disabled.9.png,3366,1604,是,★
controlcenter,控制中心,控制中心插件 · xxhdpi,控制中心卡片背景,miui.systemui.plugin,res/drawable-xxhdpi/qs_card_background_enabled.9.png,3366,1604,是,★
controlcenter,控制中心,控制中心插件 · xxhdpi,控制中心卡片单元背景,miui.systemui.plugin,res/drawable-xxhdpi/qs_card_cell_background_disabled.png,3366,1604,,
controlcenter,控制中心,控制中心插件 · xxhdpi,控制中心卡片单元背景,miui.systemui.plugin,res/drawable-xxhdpi/qs_card_cell_background_enabled.png,3366,1604,,
controlcenter,控制中心,控制中心插件 · xxhdpi,控制中心卡片单元背景,miui.systemui.plugin,res/drawable-xxhdpi/qs_card_cell_background_unavailable.png,3366,1604,,
controlcenter,控制中心,控制中心插件 · xxhdpi,控制中心卡片展开指示,miui.systemui.plugin,res/drawable-xxhdpi/qs_card_expand_indicator.png,25,25,,
controlcenter,控制中心,控制中心插件 · xxhdpi,控制中心WiFi卡片背景,miui.systemui.plugin,res/drawable-xxhdpi/qs_card_wifi_background_disabled.png,3366,1604,,
controlcenter,控制中心,控制中心插件 · xxhdpi,控制中心WiFi卡片背景,miui.systemui.plugin,res/drawable-xxhdpi/qs_card_wifi_background_enabled.png,3366,1604,,
controlcenter,控制中心,控制中心插件 · xxhdpi,控制中心WiFi卡片背景,miui.systemui.plugin,res/drawable-xxhdpi/qs_card_wifi_background_unavailable.png,3366,1604,,
controlcenter,控制中心,控制中心插件 · xxhdpi,控制中心滑动条底,miui.systemui.plugin,res/drawable-xxhdpi/toggle_slider_background.9.png,200,430,是,★
controlcenter,控制中心,控制中心插件 · xxhdpi,控制中心滑动条进度,miui.systemui.plugin,res/drawable-xxhdpi/toggle_slider_progress_background.9.png,200,430,是,
apps,系统应用换肤,哔哩哔哩 · res,【哔哩哔哩】wVL.png,tv.danmaku.bili,nightmode/res/wVL.png,720,720,,
apps,系统应用换肤,哔哩哔哩,【哔哩哔哩】wVL.png,tv.danmaku.bili,res/wVL.png,720,720,,
